교차로번호,교차로명,연동교차로코드,구코드,지번,계량기번호,도로구분,경도,위도
1265,충무교(연등),1264,620,94-175대,-,002,126.93651153335682,37.47525200307047
1266,신림2교,0,620,808-133천,-,001,126.93738797783853,37.47708132980385
1267,신본교,0,620,산164-2 임,-,002,126.93499053030119,37.47752479220114
1268,신림1교(연등),1269,-,-,-,002,126.82092197539465,37.60750464931744
1269,신림1교,0,620,87-22대,-,002,126.93210735647136,37.47884452125398
1270,신림교입구(연등),1271,620,1642-9도,-,001,126.93014279995467,37.480878371242525
1271,신림교입구,0,620,1642-9도,-,001,126.92987426669859,37.48241171851156
1272,가야쇼핑,0,620,970-1대,-,001,126.92934985035191,37.486267008017535
1273,가야쇼핑(연등),1272,620,692-8학,-,001,126.92878351348642,37.48756376109032
1274,관악노인복지관,0,620,342-57도,-,001,126.92681226889395,37.492508232421144
1275,동산교회,0,620,1641-24대,-,002,126.92947917512396,37.479078351871934
1276,신림초교,0,620,1642-8도,-,002,126.9280786833725,37.479382757468585
1277,신림초교(연등),1276,620,1642-7천,-,002,126.92742944434322,37.4792647379729
1278,신림교,0,620,1642-14도,-,002,126.92871636932816,37.48164020191978
1279,남도전기,1280,620,1021대,-,001,126.95387308945304,37.486068969604396
1280,행복한감리교회,0,620,1712 대,-,001,126.95172677390498,37.48639779061643
1281,국민은행관악,1282,620,1712 대,-,001,126.94882928112963,37.486701115859745
1282,현대시장,0,620,502-1도,-,001,126.94693869454034,37.486918926885004
1283,구암지구대(연등)2,1284,620,491-5 학,-,001,126.94561820192827,37.48698733138976
1284,구암지구대,0,620,1718-11 도,-,001,126.94488980440997,37.48689144523136
1285,봉천119안전센터,1286,620,982-3도,-,001,126.94069816671858,37.48612010170356
1286,국회단지길입구,0,620,982-3도,-,001,126.93937571956293,37.48619467664944
1287,국회단지길입구(연등)1,1286,620,산 104-9 공,-,001,126.93810050180839,37.486280852020144
1288,GS슈퍼마켓(연등),3941,620,870-12대,-,001,126.95018503610943,37.47890886077442
1289,영락고교입구(연등),1290,620,884-27대,-,001,126.94749761151901,37.47918295318848
1290,영락고교입구,0,620,893-27대,-,001,126.94588678346442,37.47933583333464
1291,E편한세상서울대입구,1292,620,912-16대,-,001,126.94448102144818,37.47948525882075
1292,관악성모의원,0,620,979-7도,-,001,126.9423655441603,37.47966244506865
1293,쑥고개,0,620,1693-13도,-,001,126.94000964016905,37.478407713020474
1294,삼성동주민센터(연등)2,1295,620,112-42대,-,001,126.93320708046093,37.47013273868694
1295,삼성동주민센터,0,620,808-1천,-,001,126.9327370056155,37.46926918777148
1296,삼성동주민센터(연등)1,1295,620,808-418천,-,001,126.93194108430585,37.467812521232034
1297,미림여고(연등)1,0,620,산66-3도,-,001,126.93140562458568,37.46627233908361
1298,미림여고,1297,620,808-505 천,-,001,126.93144479368473,37.465405006239436
1299,삼성동자치회관(연등)1,1300,620,305-37도,-,001,126.9315030110287,37.46466758540292
1300,삼성동자치회관,0,620,310-5도,-,001,126.9316509814329,37.46390447387143
1301,신우초교,0,620,306-50대,-,001,126.93196136343335,37.46159360067242
1302,삼성산성지,0,620,321-12 천,-,001,126.92962460422478,37.45859842527833
1303,국제산장아파트,0,620,산78-8도,-,001,126.92735786550035,37.46007956640463
1304,난향삼거리(연등),5376,620,산87-11도,-,001,126.92562417514459,37.46101513658082
1305,인헌초교,0,620,1679-9 대,-,001,126.95906026446893,37.47624174810896
1306,서울대교수아파트,0,620,266공,-,001,126.95793741285335,37.46855846589723
1307,낙성현대홈타운,0,620,0-61 가,-,002,126.96376688898656,37.4796097906514
1308,호림박물관입구,0,620,526도,-,001,126.91837872232406,37.48250596837552
1309,금천경찰서(연등)1,1310,620,543도,-,001,126.91226543332498,37.48141037695384
1310,제이타워웨딩,0,620,1722 대,-,001,126.91021941980668,37.48104760538078
1311,금천수요양병원,0,620,569-48대,-,001,126.9066383772962,37.48039366476929
1312,구로전화국(연등),630,620,1656대,-,001,126.90259265784236,37.479644451006436
1314,구로디지털단지역,0,620,1122도,-,001,126.90278556909145,37.484491440353096
1315,독산고개,0,540,146-12대,-,001,126.8985978693038,37.475776115791284
1316,독산고개(연등),1315,540,967-14대,-,001,126.89842813361369,37.473754651076256
1317,군부대앞,0,540,1056-4대,-,001,126.89812604208936,37.46088878609787
1318,문일중고,0,540,1000-92도,-,001,126.90185310543065,37.45139293282012
1319,유통상가정문,0,540,1001-9도,-,001,126.90377454582492,37.4437886995044
1321,박미삼거리(연등)1,266,540,1000-92도,-,001,126.90340751297965,37.447286559287846
1264,충무교,0,620,839-4도,-,002,126.93554254826294,37.47415427105352
1322,유통상가정문(연등),1319,540,1001-11도,-,001,126.90361469719673,37.44262357196724
1323,SK주유소,667,540,1001-34도,-,001,126.90304281093997,37.43742549429603
1324,석수역,0,540,962-8대,-,001,126.90301618622128,37.43603573868186
1325,백산초교,0,540,896-11대,-,001,126.9047680863552,37.44897839369384
1326,백산초교(연등),1325,540,837-44대,-,001,126.9056815412882,37.44988154995157
1327,대우당약국,0,540,1000-118도,-,001,126.90591514432278,37.45083230494237
1328,은행나무사거리,0,540,1000-99도,-,001,126.90599933066721,37.45224584938524
1329,은행나무사거리(연등),1328,540,1000-101도,-,001,126.90697325013168,37.45182554672918
1330,관악농협,0,540,1000-123구,-,001,126.90971688604589,37.450711805223946
1331,범일운수(연등)1,5350,540,218-9대,-,001,126.91147888201257,37.45044320396251
1332,동일여고,0,540,266-2363대,-,001,126.91417160838083,37.45005777460821
1333,벽산6단지입구,0,540,1010-18도,-,001,126.9179507198721,37.44980736088734
1334,도성교회,0,540,1010-18도,-,001,126.91964573599792,37.449982246796544
1335,관악벽산타운1단지,0,540,산100-1임,-,001,126.92080002496883,37.45244313576581
1336,난곡사,0,620,산93-8 도,-,001,126.92222121614581,37.45872947062915
1337,중앙사약국,0,540,846-11대,-,001,126.90323130595615,37.45392420818952
1338,시흥초교후문(연등),1340,540,1000-85도,-,001,126.90614331100014,37.4536995579114
1340,시흥초교후문,0,540,810-30대,-,001,126.9059030458408,37.455023390772325
1341,안씨묘입구(연등)2,1342,540,812-2대,-,001,126.90566031811181,37.456236821321475
1342,안씨묘입구,0,540,1000-18도,-,001,126.90548650236553,37.457236735503805
1343,법원단지,0,540,1000-2도,-,001,126.90500623305122,37.45950541252818
1344,법원단지(연등),1343,540,378-317대,-,001,126.90473147960446,37.46093625315568
1345,시흥4동사거리,0,540,1081-20도,-,001,126.90405007773778,37.462747160516976
1346,시흥4동사거리(연등)1,1345,540,1039-2대,-,001,126.90328429742858,37.46387726376403
1347,정훈단지,0,540,1022-54대,-,001,126.9027816063384,37.46463887430425
1348,정훈단지(연등),1347,540,1021-31대,-,001,126.90223884023088,37.465443825673795
1349,독산4동사거리,0,540,1081-16도,-,001,126.90172678885662,37.46646542711898
1350,독산4동사거리(연등)1,1349,540,1081-15도,-,001,126.90198825763757,37.467765343261995
1351,독산4동사거리(연등)2,1349,540,1081-15도,-,001,126.90232147091474,37.468858520303996
1352,독산4동삼거리(연등)2,116,540,193-32도,-,001,126.90267640281552,37.46987601306175
1353,남서울주유소(연등),1354,540,974-20대,-,001,126.90319505061792,37.472351629843
1354,남서울주유소,0,540,961-13대,-,001,126.90335793527878,37.47391803451248
1355,문성골길입구(연등),1356,540,961-6대,-,001,126.90346006299673,37.47497465162759
1356,문성골길입구,0,540,995-5도,-,001,126.90360427769114,37.47623231306878
1357,서원빌딩,0,540,995-2도,-,001,126.90375620286052,37.47804200756424
1358,문성중(연등)1,1360,540,898-13대,-,001,126.90599760685281,37.47651889859116
1360,문성중,0,540,47-17대,-,001,126.90767020291531,37.476737250118184
1361,난곡중(연등),1362,540,906-47 도,-,001,126.91064454228197,37.4771245169632
1362,미성초교,0,620,1482-8대,-,001,126.91278077673175,37.47739039002905
1363,미성초교(연등),1362,620,1642-1 도,-,001,126.91369850174114,37.477507645699745
1364,난곡우체국앞,0,620,1642-1도,-,001,126.91533343886628,37.4777053602643
1365,난우지구대,0,620,527-15대,-,001,126.91495711211364,37.47974454013238
1366,국민은행난곡,1367,620,1566-32대,-,001,126.91566285694854,37.47674928919723
1367,난곡119안전센터,0,620,산197-1임,-,001,126.9161636690712,37.475899081322574
1368,난우초교입구,1367,620,808-169천,-,001,126.91678489720681,37.47526443528035
1369,세이브마트,0,620,808-647 천,-,001,126.9175822607438,37.4739854815807
1370,남강중,0,620,598-139대,-,001,126.91927136121906,37.472532481947844
1371,관악우림시장,0,620,1678-14대,-,001,126.92000523347755,37.47004212749138
1372,영광교회,0,620,639-11도,-,001,126.92049407753308,37.466996968348944
1374,봉림교(연등)2,1215,620,1472-4전,-,002,126.92419445273123,37.48535039067244
1375,창대카센터,0,620,1448-1대,-,001,126.92297318611827,37.48648944908769
1376,은천교회,0,620,395-61도,-,001,126.92194795988067,37.488059568296784
1377,주생빌딩(연등),1378,620,395공,-,001,126.91852460689564,37.489458330602325
1378,주생빌딩,0,620,395공,-,001,126.91693669335933,37.48911016580773
1379,한양빌딩앞,0,620,-,-,001,126.91505308782132,37.488014983117615
1380,신사동주민센터앞,0,620,499-38대,-,001,126.9139673548335,37.484862220104894
1381,신림현대아파트앞(연등),1382,620,618-20대,-,001,126.91063714996048,37.48567562671129
1382,신림현대아파트앞,0,620,689-64도,-,001,126.90895300887449,37.48521589276342
1383,조원아파트사거리,0,620,696-16대,-,001,126.90761642653572,37.48369819569374
1384,공단우체국,0,530,1103-11천,-,001,126.89860286662943,37.483698643395556
1385,공단우체국(연등)1,1384,530,1271 대,-,001,126.89708114789292,37.483855267351515
1386,디지털1단지,0,530,197-2도,-,001,126.89537659730792,37.484578310016175
1387,대륭포스트타워,1386,530,1065-5천,-,001,126.89634069607014,37.48583730795695
1388,대명전자삼거리,0,530,282-37도,-,001,126.89348197761039,37.482342393591935
1389,구로남초교,0,530,256-1 대,-,002,126.89041374181603,37.48406083717643
1391,영일초교(경보),0,530,31-19도,-,001,126.88307337211147,37.48449432945143
1392,디지털2단지,0,540,60-35도,-,001,126.88805096776767,37.477923415155004
1393,디지털3단지,0,540,371-27도,-,001,126.8808083417355,37.47582673795937
1395,우림라이온즈1차,0,540,371-9도,-,002,126.8817061555038,37.48007664350465
1396,제이플라츠,1395,540,616-15도,-,002,126.88129623417962,37.48111083630265
1397,독산초교,0,540,196-22대,-,001,126.89956688169852,37.466473307152405
1398,한일유엔아이아파트,0,540,524-1도,-,001,126.87650546386341,37.48562585738495
1399,광명대교남단,0,540,535-10도,-,001,126.87358368878985,37.48515579628011
1400,가산동주민센터,0,540,134-75대,-,001,126.89157134310048,37.47749279047418
1401,두산아파트,0,540,152-28도,-,001,126.89302887209848,37.475784379618084
1402,가산두산아파트,0,540,146-10대,-,001,126.89374832766347,37.47495331168121
1403,남문시장입구,0,540,980-28대,-,001,126.90055706379222,37.47127993821087
1404,가산디지털단지역,0,540,34-83철,-,002,126.88299682733874,37.48167359442821
1405,삼성물산,0,540,239-17도,-,002,126.88612455845585,37.47422786870275
1406,두산로입구삼거리,0,540,237-101도,-,001,126.88785634157777,37.47048264101133
1407,독산1동천주교,0,540,335-19도,-,002,126.89021418344473,37.47043332145131
1408,독산역,0,540,1081-4도,-,001,126.88955888046112,37.46652883261957
1409,독산역롯데캐슬아파트,0,540,1005-1대,-,002,126.89150374690928,37.46207457982263
1410,금천구청역,0,540,113-77철,-,002,126.89472575006631,37.45597410237376
1411,금천경찰서,0,540,산221-3 임,-,001,126.89747774336593,37.456718260759764
1412,시흥동오피스빌딩,0,540,1000-68도,-,001,126.89755293067525,37.4535642410587
1413,안양천삼거리,0,540,759-6전,-,002,126.89131497234821,37.45489048558436
1414,안천초교,0,540,1092도,-,002,126.88979712487843,37.45768984439419
1415,독산한신아파트,0,540,1092도,-,002,126.88855650834448,37.45715542169158
1416,문성중(연등)2,1360,540,1730 대,-,001,126.90901368829859,37.476900412293524
1417,디지털학교,0,540,147-76 대,-,001,126.89559050925251,37.47261129019004
1419,독산현대아파트입구(연등),1880,540,300-15 대,-,001,126.89332965548647,37.4665425465007
1420,빅마켓금천점(연등),4590,540,151-4대,-,001,126.89611205109009,37.46989693852853
1421,난곡치안센터,1370,620,612-41대,-,001,126.91981294208051,37.47144459515848
1422,벽산5단지입구,0,540,산100-43임,-,002,126.92090805886237,37.44990744951791
1423,시흥사거리(연등)1,660,540,872-2 대,-,001,126.90151929366064,37.45478749917907
1425,벽산밸리5차,0,540,60-42장,-,001,126.88498402624823,37.47704710838285
1426,가산디지털단지역(연등),1404,540,50-6도,-,002,126.88335503880208,37.48063569085292
1427,신도림대우푸르지오,0,530,329-1 제,-,001,126.88849656450202,37.50924645379069
1428,신도림SK뷰,0,530,646 대,-,001,126.88640932480986,37.50771516069051
1429,신도림주민센터,0,530,413-2도,-,001,126.8835988138801,37.505714959783006
1430,중앙유통단지,0,530,620-8도,-,001,126.87724367493078,37.501169357031884
1431,제일제당앞,1430,530,1258대,-,001,126.87459124708842,37.499770291965
1432,동양미래대학교,549,530,산55-1임,-,001,126.8675150289276,37.49958781424022
1433,한마을아파트,0,530,69-11도,-,001,126.86276288883113,37.49663579877263
1434,영화아파트,0,530,177-1도,-,001,126.85963793336936,37.496942487778924
1435,한국컨벤션웨딩,0,530,98-109대,-,001,126.85528699886119,37.49727680546427
1436,한영대학교,0,530,311-11대,-,001,126.85239011094784,37.49789284336059
1437,오류IC,0,530,90-83 대,-,001,126.84695528667636,37.497601455752644
1438,오류IC(연등),289,530,68-28대,-,001,126.84563289401187,37.49680467815358
1439,오류역입구,289,530,55-1도,-,001,126.84435106700533,37.49627660662308
1440,오류동삼거리,264,530,6-2도,-,001,126.84109800309729,37.49484514221321
1441,온수삼거리,0,530,331-4철,-,001,126.8374585945298,37.49321617659473
1676,신풍역출구,0,560,3405대,-,001,126.91073520591718,37.500073286645794
1677,약산약국(연등),0,560,186-123 종,-,001,126.9127030786718,37.51119407798979
1678,약산약국(연등)2,1677,560,215-28도,-,001,126.91178076943315,37.510956284715036
1679,영등포공원(연등)1,1602,560,602-34 대,-,001,126.91096457498064,37.513565376469245
1680,신길우성2차아파트(연등)1,1630,560,3573대,-,001,126.90995181260203,37.499214344487534
1681,신길우성2차아파트(연등)2,1630,560,2191대,-,001,126.91256226368286,37.49903244742846
1682,동작상떼빌104동앞(연등),1683,590,700도,-,001,126.90744103871539,37.488226973969475
1683,동작상떼빌104동앞,162,590,700-2도,-,001,126.90840489444551,37.487654582186074
1684,한국금융안전,0,590,600-59대,-,001,126.91002563958368,37.48713865605813
1686,상도터널,0,590,2-16대,-,001,126.94953308888668,37.50417516050684
1687,한국금융안전(연등),1684,590,600-86대,-,001,126.91103667233729,37.48715756260467
1688,문창초교,0,590,산 143 공,-,001,126.91243173083232,37.48761339472076
1689,래미안영등포110동,0,560,299-1 학,-,001,126.90543651598173,37.5051721041746
1690,한남대교남단,0,680,414 대,-,001,127.01989046067672,37.522918204274085
1691,가로수길교차로(연등),1692,680,394 도,-,001,127.02103236110644,37.52345429225409
1692,가로수길교차로,0,680,394 도,-,001,127.02235136677935,37.524113442818674
1693,광림교회,0,680,667-35 도,-,001,127.0240123137641,37.524936348503985
1694,광림교회(연등),1693,680,667-35 도,-,001,127.02628824998564,37.526066090204274
1695,압구정현대아파트,155,680,475 도,-,001,127.03018585667678,37.528098297118234
1696,압구정파출소,1697,680,394 도,-,001,127.03528925654403,37.529122141722766
1697,압구정한양아파트,0,680,394 도,-,001,127.03693303611216,37.52878900712344
1698,갤러리아압구정(연등),101,680,491 도,-,001,127.03919084745856,37.52819497057533
1699,청담초교,0,680,505 공,-,001,127.04378264073677,37.5270291707093
1700,청담초교정문(경보),0,680,144 도,-,002,127.0440585806418,37.52772986233316
1701,영동호텔,0,680,544-17 대,-,001,127.02310547673906,37.51759879293954
1702,강남을지병원(연등),198,680,279-16 도,-,001,127.02621513000928,37.518930292615394
1703,삼화콘덴서,0,680,595-6 대,-,001,127.03049897628973,37.520429821023946
1704,삼화콘덴서(연등),103,680,627-15 대,-,001,127.03175378545284,37.520837827807526
1705,도산공원(연등),103,680,279-1 도,-,001,127.03595745008141,37.52216572906348
1706,학동(연등)2,614,680,668-6 도,-,001,127.03737028062086,37.52265498173515
1707,학동(연등)1,614,680,77-6 도,-,001,127.04133471672046,37.52345951804285
1708,경원하이츠텔,580,680,145 도,-,001,127.0446664029122,37.523868134522225
1709,원앙예식장,0,680,110-3 대,-,001,127.05029914773127,37.52456834366633
1710,영동대교남단(연등)1,260,680,77 도,-,001,127.05279598525836,37.524842997625164
1711,논현역(연등),158,680,280 도,-,001,127.02279273889924,37.51156361529468
1712,논현지구대,0,680,28-3 대,-,001,127.02517002750119,37.51226986160943
1713,논현지구대(연등),1712,680,29-4 대,-,001,127.02692390621151,37.512803025295746
1714,국제빌딩앞,136,680,279-124 도,-,001,127.02857023898302,37.513320687532655
1715,학동치안센터,0,680,279-106 도,-,001,127.03301708317294,37.51469957363286
1716,강남케이블TV,0,680,104-25 대,-,001,127.03819418451921,37.516285680054594
1717,삼성해청아파트,0,680,77-85 도,-,001,127.04375844458644,37.517678300687116
1718,강남세무서(연등)2,1719,680,15-1 대,-,001,127.0450907537217,37.51791263004425
1719,강남세무서,0,680,28-20 대,-,001,127.04642011827742,37.51815085112069
1720,강남세무서(연등)1,1719,680,31-7 대,-,001,127.04797276939382,37.51839166928858
1721,청담진흥아파트,0,680,111-44 도,-,001,127.05260896067124,37.519249761909194
1722,봉은초교,0,680,111-2 도,-,001,127.05838065003117,37.5204979539966
1723,르메르디앙서울호텔,0,680,172-15 도,-,001,127.02817945052755,37.50557464681424
1724,삼정호텔정문,0,680,800-8 도,-,001,127.03139326668429,37.50654815981924
1725,논현경복아파트(연등),516,680,279-110 도,-,001,127.03600879154811,37.50795458764841
1726,아크로힐스논현아파트,0,680,265-25 대,-,001,127.04007281144692,37.5091664297519
1727,삼성2동주민센터앞,0,680,28 학,-,001,127.04612292265254,37.510951067850065
1728,삼릉초교,0,680,26-8 대,-,001,127.04809561181925,37.51151396011752
1729,삼성힐스테이트2단지앞,481,680,22-3 대,-,001,127.05109275409839,37.51240254929956
1730,봉은공원,0,680,74-4 학,-,001,127.0563585002484,37.51353573018728
1731,봉은사앞,1730,680,172-3 도,-,001,127.05803023063982,37.513836787491634
1442,동부제강앞(연등),1443,530,311-6 도,-,001,126.83570963326,37.492458743330296
1443,동부제강앞,0,530,311-6 도,-,001,126.8342204750567,37.492066837859724
1444,동부제강입구,1443,530,311-5도,-,001,126.83266528607365,37.49162765457888
1445,동부제강입구(연등),1444,530,311-5도,-,001,126.83150333137995,37.49139326694695
1446,온수역입구(연등),1447,530,327도,-,001,126.8275377584189,37.49088121845234
1447,온수역입구,0,530,산46-1임,-,001,126.825877822636,37.49021906494412
1448,유한공고,0,530,110도,-,001,126.82449925003748,37.48916397399307
1449,유한공고앞,1448,530,산17-4임,-,001,126.82362391971823,37.48874010712429
1450,오금교남단,0,530,285-38천,-,001,126.87469606956864,37.50723170153551
1451,구로미성아파트,0,530,611-20도,-,001,126.87658792218058,37.505703459859156
1452,구로미성아파트(연등),1451,530,604-15도,-,001,126.87801555848854,37.5045122571731
1453,수동물병원,0,530,496-128도,-,001,126.88603458340523,37.498606643191025
1454,수동물병원(연등)2,1453,530,442-185도,-,002,126.88762222771464,37.49671277392882
1455,동구로초교(연등)2,1456,530,65도,-,001,126.88985490721737,37.493977840494814
1456,동구로초교,0,530,136-14도,-,001,126.89074710020527,37.49284744695981
1457,동구로초교(연등)1,1456,530,93학,-,002,126.89180472564078,37.491653688009805
1458,구로3동새마을금고(연등)2,1459,530,1265대,-,002,126.88744476809036,37.48627101945485
1459,구로3동새마을금고,0,530,1265대,-,002,126.8880020303668,37.48694304707597
1460,구로3동한신아파트,0,530,772도,-,002,126.88956275281629,37.48828633228493
1461,영서중(연등),1462,530,772도,-,002,126.89047228179241,37.48889180357833
1462,영서중,0,530,289-20도,-,002,126.89153198603184,37.48955845178445
1463,대림역,0,560,125-84천,-,002,126.89571131780686,37.49224669610627
1464,대림역동측,0,560,722-11대,-,002,126.89697802735985,37.49295966063866
1465,남부사업소,0,560,693-1대,-,002,126.89861894913552,37.49401240793532
1466,대림119안전센터(연등)2,1467,560,417-1도,-,002,126.90358308310896,37.49721466506815
1467,대림119안전센터,0,560,420-138대,-,002,126.90401894157526,37.49771992454943
1468,신도림고가차도(연등),159,560,231-1 대,-,001,126.8970202635034,37.504763535595586
1469,대림성원아파트(연등),387,560,257-1천,-,002,126.89650784361444,37.502755919458544
1470,MG새마을금고앞,387,560,604-41대,-,001,126.89702811352565,37.50155092266366
1471,IBK기업은행대림동지점,185,560,682-2대,-,001,126.89844492955478,37.498259457410064
1472,대림3동사거리(연등)2,185,560,697도,-,002,126.89897678624183,37.49699564056295
1473,대림우성2차아파트(연등),111,560,744-3대,-,001,126.89941601113263,37.49596313230435
1474,대림1동공영주차장앞,1475,560,760-19도,-,001,126.90119825296732,37.49327896368985
1475,대림공원,0,560,887-1대,-,001,126.90245718172226,37.49168740461513
1476,대림우체국,0,560,935-14대,-,002,126.90435250169321,37.49002392607539
1477,구로1교,0,560,1064-3천,-,001,126.89791088079718,37.487674708792824
1478,신대림한솔파크입구,0,560,1072-24대,-,001,126.8991477225375,37.48870907708885
1479,다정슈퍼,0,560,833-13대,-,001,126.90026823796771,37.48971603831251
1480,다정슈퍼(연등),1479,560,854-23대,-,001,126.9012726288247,37.49061835350386
1481,대림1동새마을금고(연등)2,1482,560,1120 대,-,001,126.90366617200193,37.49276980747291
1482,대림1동새마을금고,0,560,893-58대,-,001,126.90434682797571,37.49337607078696
1483,대림1동주민센터,0,560,447-10대,-,001,126.90668909241934,37.49544546611116
1484,대림1동주민센터(연등),1483,560,906-40대,-,001,126.90564071552433,37.49452262309146
1485,대림역북측,0,530,795-2대,-,002,126.89453586050188,37.494434857457286
1487,거리공원입구오거리,0,560,646-4제,-,001,126.89340226667204,37.50259204883765
1488,거리공원입구오거리(연등)4,1487,560,646-6제,-,002,126.89365509714806,37.50211590431092
1489,거리공원입구오거리(연등)2,1487,530,37-4도,-,001,126.89269559517406,37.502224016825856
1490,우리유앤미아파트(연등)1,5464,530,573대,-,001,126.88248491807362,37.49805473709128
1491,구로초교,0,530,462-1도,-,001,126.8825988917049,37.495643429392565
1493,구로4동우체국(연등),1494,530,0-32 가,-,001,126.88383690690628,37.491754917082275
1494,구로4동우체국,0,530,754-12도,-,001,126.88406402501136,37.490541960021226
1495,구로시장(연등)2,1496,530,80대,-,001,126.88436896214506,37.48934921809556
1496,구로시장,0,530,339-82대,-,001,126.88457726921602,37.48845507811752
1497,구로시장(연등)1,1496,530,734-14대,-,001,126.88508691972906,37.48719457848998
1498,가마산지하차도(연등),1499,530,394-2도,-,001,126.88154714416224,37.490585889269944
1499,가마산지하차도,0,530,414-72도,-,001,126.88212409085409,37.49202655024736
1500,구로경찰서,627,530,443학,-,001,126.88577449313834,37.49369889632277
1501,구로경찰서(연등),627,530,442-74대,-,001,126.88707614505049,37.49434705481958
1502,구로구청구의회(연등),627,530,65도,-,001,126.88809772788454,37.49488064339178
1503,영림중(연등),1504,530,64 도,-,001,126.89055629299607,37.496152646563935
1504,영림중,0,530,64 도,-,001,126.89210095003413,37.49696374615591
1505,신영초교(연등),1506,560,786-29대,-,001,126.89502724421124,37.49847132268456
1506,신영초교,0,560,698도,-,001,126.89605757299618,37.499007829010665
1507,SK윈윈주유소(연등),1508,560,376도,-,001,126.8989559706411,37.50129690549013
1508,SK윈윈주유소,0,560,365대,-,001,126.89987841448574,37.50227462946575
1509,신도림우성아파트,0,530,328-6도,-,002,126.8866756998473,37.51251965991117
1510,신도림우성아파트(연등)1,1509,530,316-1 도,-,002,126.88536484715611,37.511547943024205
1511,신정교(연등),1962,530,271-96천,-,001,126.88183573048914,37.5151678292164
1512,구로현대아파트,0,530,701-2도,-,002,126.87743889215037,37.48712499752795
1513,구로1동파출소앞,0,530,685-222대,-,002,126.87475650132353,37.49124843713119
7471,대일외고,-,290,1353-13 공,-,002,127.01310792163157,37.61308560970321
1515,구일초교앞,1514,530,682-13도,-,001,126.87229051286621,37.492430067975185
1516,구일초교앞(연등),1515,530,642-53구,-,001,126.87177409168426,37.4937945684051
1517,수동물병원(연등)1,1453,530,546-4대,-,001,126.88752295841053,37.49949433489696
1518,구로보건소,0,530,61-2 도,-,002,126.88925836113286,37.500397948759705
1519,신구로초교,0,530,45 종,-,002,126.88990856145685,37.49971123946329
1520,거리공원,0,530,40-9대,-,001,126.89014918247881,37.500901599749106
1521,구로등기소,0,530,37-10도,-,001,126.8917376129768,37.498995824468935
1523,태진운수,1521,530,646-16천,-,001,126.89246364969769,37.499033816613185
1524,한국SGI회관앞,0,530,24대,-,001,126.88906426451544,37.50226583035268
1525,태영아파트정문,1526,530,3-80도,-,001,126.88722416382117,37.5048228015676
1526,미래초교,0,530,460-20철,-,001,126.88775490792653,37.50435271909451
1528,구로노인종합복지관(연등),1529,530,3-25 대,-,001,126.8888492138989,37.50486313486761
1529,구로노인종합복지관,0,530,3-33 공,-,001,126.890310382301,37.50566005668613
1530,신도림풍물시장,0,530,274철,-,002,126.89299445047382,37.50706580634034
1531,대림코오롱아파트,0,560,265-10천,-,001,126.89494117789864,37.50794672097506
1533,구로롯데아파트,0,530,570-78대,-,002,126.8844710515266,37.50272421391302
1534,고척중,0,530,79-9도,-,001,126.86360204177187,37.50064413485746
1535,고척시장,0,530,50-65도,-,001,126.86208638347024,37.50338700150635
1536,고척시장(연등),1535,530,50-65도,-,001,126.86154700825838,37.50423485154895
1537,덕의초교(연등),1538,530,1-15도,-,001,126.85820730950411,37.5060681284646
1538,덕의초교,0,530,339 대,-,001,126.85704906015712,37.5055826047043
1540,고척119안전센터(연등)2,7354,530,산5-1 공,-,001,126.85577539041236,37.50507539276084
1541,고척근린공원,0,530,산22-4도,-,002,126.85294869723914,37.503998698838124
1542,세곡초교,1544,530,산9-14 공,-,001,126.85116746528364,37.503320688558226
1544,세곡초교(연등),0,530,산9-14 공,-,001,126.85001694262726,37.502890406353394
1545,훼미리약국,0,530,253-317대,-,001,126.84932368029071,37.50264048417054
1546,개봉1동사거리(연등),1547,530,249-36대,-,001,126.84759669994196,37.50199572102867
1547,개봉1동사거리,0,530,67-1도,-,001,126.84655270009256,37.50156016821966
1548,거성푸르뫼아파트(연등)2,1549,530,416-270대,-,001,126.84559944851175,37.5012284405315
1549,거성푸르뫼아파트,0,530,100도,-,001,126.8448004427343,37.500964215787576
1550,거성푸르뫼아파트(연등)1,1549,530,7-22대,-,001,126.84350287992173,37.500488527279565
1551,동부주유소,0,200,102-28제,-,001,127.04728895523373,37.551630633792826
1552,동부골든아파트(연등)1,1553,530,27-4도,-,001,126.84208238329616,37.49991037104958
1553,동부골든아파트,0,530,50-7대,-,001,126.84042752267428,37.498752365228036
1554,아이천국어린이집(연등),1555,530,산2-45임,-,002,126.8395080033974,37.49791011939395
1555,아이천국어린이집,0,530,474대,-,001,126.83964871397262,37.49703486951502
1556,오류동교회,1555,530,341 대,-,002,126.84022486377923,37.496132947055216
1557,연세중앙교회(연등),1559,530,192-122 임,-,002,126.83577443964612,37.4932499766863
1558,수궁동주민센터,0,530,213-16전,-,001,126.83161189166665,37.49324254339331
1559,연세중앙교회,0,530,192-1대,-,002,126.83427490052404,37.49323781565667
1560,수궁동성당(연등),4484,530,182-7 임,-,001,126.8307667589206,37.49463171762266
1561,수궁동주민센터(연등),1558,530,214-3전,-,002,126.82916144432672,37.49320287109444
1562,우신고후문,0,530,산1-45임,-,002,126.82523407282304,37.49567951587878
1563,온수역8번출구,265,530,9-5 전,-,002,126.82477190465426,37.49295880438552
1564,온수역8번출구(연등),265,530,산4-7임,-,001,126.82351087780404,37.49264164059076
1565,온수역,0,530,113구,-,002,126.8218638958929,37.4919228017409
1566,성산타운,0,530,342대,-,001,126.8368229422864,37.48831295002158
1567,-,0,530,산26-2임,-,001,126.83977111565432,37.485064627086736
1569,동부제강후문,0,530,255-5도,-,001,126.8340391860869,37.48967181832131
1571,광명교사거리,0,530,3-8도,-,001,126.84597230958825,37.48179307004939
1572,너부대교,0,530,3-5천,-,002,126.84546827676043,37.478925786041096
1573,천왕차량사업소,0,530,257-17구,-,002,126.84510856730961,37.4760575261507
1574,개봉현대아파트,0,530,471대,-,001,126.85596110407981,37.491673597204105
1575,개웅초교입구,0,530,260-13대,-,001,126.85629017674036,37.488110171478965
1576,대원주유소,0,530,403-97도,-,001,126.85641795263714,37.48639605171031
1577,강동아트센터,0,530,98-79 도,-,002,126.85793754723299,37.500509884840625
1578,광성카센타,0,530,135-2도,-,002,126.85912422771547,37.501994612695306
1579,광성카센타(연등),1578,530,183-2대,-,001,126.86058266099619,37.503888993226404
1580,개봉새마을금고,0,530,산9-14 공,-,002,126.85092308454068,37.501103090210755
1581,구로변전소,0,530,산68-1도,-,002,126.88401395264069,37.49798870154487
1582,오류2치안센터,0,530,332-6구,-,002,126.84076144305077,37.491022791840265
1583,오류지하차도,0,530,332-6구,-,002,126.8406140982459,37.49257865801586
1584,오류남초교정문,0,530,134-2 도,-,002,126.83979601369637,37.48955983977158
1585,소천지,0,530,86-1도,-,002,126.86209946118568,37.49725864050075
1587,개봉현대홈타운210동,0,530,180-21철,-,002,126.8635044172756,37.491383110113034
1588,군악대,0,590,129-2도,-,001,126.9796995055987,37.5018563181384
1589,명수대현대아파트,0,590,11-4 도,-,001,126.96661296346844,37.507044338553555
1590,중앙대병원입구(연등),449,590,332천,-,001,126.96380050544612,37.50860543180687
1591,한강대교남단,0,590,10-2도,-,001,126.95605483058775,37.513578970702596
1592,수산시장입구,0,590,4-1철,-,001,126.94671927537628,37.51343986743742
1593,노량진대성주유소,0,590,113-6구,-,001,126.94426965846411,37.51376267088308
1594,동작경찰서앞,0,590,67-3도,-,001,126.9425087584086,37.51367442651884
1595,청탑학원,0,590,70-4도,-,001,126.93864161851012,37.51345315941172
1596,기독교TV앞,0,590,27-1도,-,001,126.93659890270837,37.51326784863775
1597,솔표빌딩,0,590,58천,-,001,126.92915328043925,37.51322977081718
1598,성애병원,0,560,4900-1도,-,001,126.92222052361527,37.51335408413347
1599,신길삼거리(연등)1,200,560,4901-1도,-,001,126.91770589589737,37.515047227405944
1600,대신시장,0,560,110-6도,-,001,126.91696398053554,37.51216357075991
1601,약산약국,1677,560,187-23 대,-,001,126.91455163830334,37.511575019363924
1602,영등포공원,0,560,582-18도,-,001,126.91162423597628,37.51435444023202
1603,도림동자치회관,0,560,4-1대,-,001,126.90777201267096,37.50955013769572
1604,도림초교,0,560,-,-,001,126.90550743329878,37.50852660150326
1605,도림사거리(연등)2,287,560,-,-,001,126.90300245295097,37.50743839876985
1606,신길우성1차아파트(연등),287,560,156-42대,-,001,126.89906606955539,37.505752390779065
1607,성락주유소앞(연등),484,560,355-15도,-,001,126.90238955840051,37.505209965327744
1608,성락빌딩앞(연등)1,1609,560,355-15도,-,001,126.90166210280196,37.503598479160296
1609,성락빌딩앞,0,560,387-8도,-,001,126.90046686936608,37.50299426822135
1610,신길대성유니드,0,560,397-2 전,-,001,126.90282090508627,37.50097780128518
1611,대영중고,0,560,321-22 도,-,001,126.9043322487365,37.5023289763103
1612,대영중고(연등),1611,560,342-288대,-,001,126.90478362393618,37.501611560219644
1613,대영초교,0,560,399도,-,001,126.90576955700458,37.500223221484475
1614,신길광장공원,0,560,417-47도,-,001,126.90537710541436,37.49965007938445
1615,대림119안전센터(연등)1,1467,560,420-11대,-,002,126.90459537346986,37.498500145642815
1617,대림시장,0,560,948-1 대,-,001,126.90779686952796,37.49061332191077
1618,평강교회(연등),1619,560,4897-1도,-,001,126.9088637193562,37.49431481272594
1619,평강교회,0,560,4666도,-,001,126.90845526380687,37.495791212762455
1620,썬프라자(연등),109,560,253-251대,-,001,126.90818730927427,37.49789165742649
1621,신풍역(연등),982,560,253-249도,-,001,126.91016764984776,37.501897329361945
1622,수녀원,0,560,253-314 도,-,001,126.91015421950681,37.50383118481404
1623,사러가시장앞,1624,560,209-184 도,-,001,126.91101739523793,37.50584864634329
1624,디지털프라자영등포점,0,560,210학,-,001,126.91102371013028,37.50698385398542
1625,신길터널입구,0,560,208-10대,-,001,126.91276896646444,37.50528393973113
1626,한성아파트,0,560,897-2대,-,001,126.91839677895368,37.50417342973428
1627,한성아파트101동앞,1626,560,1194도,-,001,126.92033041129923,37.50412956639488
1628,대방대림아파트,0,560,4876도,-,001,126.92417632963968,37.50964446517967
1629,성남고교입구,0,560,1164대,-,001,126.92273811730446,37.50612018185909
1630,신길우성2차아파트,0,560,3112도,-,001,126.91101981745805,37.499132641437505
1631,대길초교,0,560,2516대,-,001,126.91370538261998,37.49859493387745
1632,기상청입구(연등)1,1633,590,375-12도,-,001,126.91891274446195,37.497467001574414
1633,기상청입구,0,560,4884도,-,001,126.91756091109298,37.49719557659896
1634,경남교수아파트,0,560,4896도,-,001,126.91428206661517,37.49659419896767
1635,대림우성아파트,0,590,551-8도,-,001,126.91088827227318,37.49440402954233
1636,범한택시(연등)2,1637,590,466-59도,-,001,126.92252135548695,37.49986177945289
1637,범한택시,0,590,466-60도,-,001,126.9240774722795,37.499829212733836
1638,범한택시(연등),1637,590,390-5학,-,001,126.92254138855984,37.499876256024486
1639,보라매삼성아파트,0,590,343-1도,-,001,126.92735066952854,37.494900007265414
1640,신대방삼거리역(연등)2,108,590,335-126대,-,001,126.92812736299517,37.498529373068365
1641,성대시장(연등),1642,590,326도,-,001,126.93051587229417,37.499778273838075
1642,성대시장,0,590,345-12도,-,001,126.93195033323617,37.50048024042261
1643,동광교회,0,590,354-7도,-,001,126.93457438860402,37.50213098931556
1644,영화초교,0,590,41대,-,002,126.93213226845025,37.50879930788503
1645,국민은행상도,0,590,366-27도,-,001,126.93789634714292,37.50425627648162
1646,노량진초교,0,590,56-19도,-,001,126.94019567110578,37.51010578720559
1647,동작등기소,0,590,26-20도,-,001,126.94149914436498,37.505190545876545
1648,서울도시가스,0,590,26-20도,-,001,126.94456112484004,37.50524570155918
1649,대림쇼핑센터,0,590,32-8도,-,001,126.94624503336046,37.50482481538828
1650,상도지구대,0,590,364-32도,-,001,126.93928838863447,37.50416749710093
1651,상도지구대(연등),1650,590,184-2도,-,001,126.93995194436015,37.50275482666067
1653,상도아이파크아파트,0,590,201-38 도,-,001,126.94168269706016,37.500679023825306
1654,신상도초교정문,1653,590,165-16대,-,001,126.94297828985115,37.49979512496161
1655,신상도초교,0,590,208-4도,-,001,126.9439668444073,37.499019951680275
1656,신상도지하차도앞,0,590,26-20도,-,002,126.94573199153943,37.50170094470262
1657,대림쇼핑센터(연등),1649,590,32-7 도,-,001,126.94661264708999,37.50444422363485
1658,상도건영아파트,0,590,324-2도,-,002,126.94810519179936,37.507175667999945
1659,강남초교(연등),1660,590,2-1대,-,002,126.95077046413734,37.50476581845656
1660,강남초교,0,590,7-10대,-,002,126.95198081638978,37.504875128123295
1661,강남초교정문,0,590,500-1도,-,002,126.95216277213369,37.50596892650647
1662,궁전빌라,0,590,633-5대,-,001,126.94922960020045,37.50133420936361
1663,숭실의원,0,590,333-13대,-,001,126.95141387870686,37.49881492965127
1664,상도1동주민센터입구,0,590,171-2도,-,001,126.9525126723576,37.49755314039222
1665,관악현대아파트(연등),1244,590,124 도,-,001,126.95648228337122,37.49237745453435
1666,숭실대정문,0,590,421 대,-,001,126.95660803496416,37.495345773863555
1667,숭실대후문,0,590,산49-78임,-,001,126.95890459632979,37.49493002993721
1668,상현중,0,590,103-3도,-,001,126.96083920584812,37.49472959869169
1669,중대부속초교,0,590,182-4 대,-,002,126.96101427681144,37.505618413247554
1670,은로초교,0,590,86-191 도,-,002,126.96062908397195,37.50271218533533
1672,길성그랑프리텔,0,560,4884도,-,001,126.91859041667827,37.49994867645066
1673,영진시장,0,560,4035 도,-,001,126.91626940549668,37.500020859857145
1674,신길영광교회,0,560,4939 대,-,001,126.91425666279531,37.50003238398961
7474,마포대교북단램프3,-,440,500대,-,001,126.94135634298185,37.536912462739075
981,우신초교앞(연등)1,350,560,220-103도,-,001,126.90993083301763,37.511818890437176
982,신풍역,0,560,3609도,-,001,126.90887855285852,37.500146903337104
983,신도림역,0,530,330-7도,-,001,126.89037398897113,37.510245145987646
984,르네상스호텔,0,680,802-36 도,-,001,127.04275824738832,37.502627748454415
985,성동교,0,200,671-126도,-,001,127.0441133282329,37.551489946329156
986,대원고정문,0,210,18-24대,-,001,127.08691517604619,37.56352537634965
987,당고개노인복지관,0,350,54답,-,001,127.08129896878256,37.67043587118258
988,서울대병원정문,363,110,28-18도,-,001,126.99718885999653,37.5769998101414
989,서래마을입구,0,650,128-12도,-,001,126.99797620264583,37.49991949879562
990,방배신동아아파트,0,650,1494-16 대,-,001,127.00218210180822,37.48230001058351
991,서울고교(연등)2,488,650,1037-5도,-,002,127.00505763605607,37.48146837967248
992,래미안아트힐(연등),489,650,1747-3도,-,002,127.00665788009141,37.47821703148721
994,올바로병원,0,650,1748-65 도,-,002,127.00412540145153,37.486106278806865
995,효령아파트(연등)2,1030,650,912-25도,-,001,126.99627660012047,37.481034721203756
996,방배그랑자이,767,650,1018-1대,-,001,127.00061008309586,37.47700503326071
997,방배3치안센터(연등)1,767,650,982-4도,-,001,126.99884502970872,37.47973943605259
998,e편한세상아파트입구,390,650,910-16도,-,001,126.9965049026315,37.48328772983455
999,도구로입구,1031,650,980-53도,-,001,126.98968746957068,37.47882538812782
1000,방배래미안타워,0,650,504-3도,-,001,126.99118692497584,37.47436863537916
1001,대항병원,0,650,980-53도,-,001,126.9874556946166,37.475443546368524
1002,평화약국,0,590,1034-8대,-,001,126.97768993129401,37.47666546281578
1003,방배우성아파트,0,650,3235구,-,001,126.98241513042174,37.47323944076369
1004,방배래미안아파트,1003,650,3274대,-,001,126.98312708282845,37.471926521228085
1005,경찰특경대,0,620,산93-5임,-,001,126.98793830283815,37.46271577702863
1006,수도방위사령부,0,620,산97-6도,-,001,126.98665067204614,37.46791862420211
1007,그린자원,1000,650,산84-3임,-,001,126.9939406094121,37.47373099268171
1008,KEB하나은행방배동,0,650,880-15도,-,001,126.99501741752152,37.48552526296557
1009,남성초교,0,590,323-6도,-,001,126.97748304436068,37.483865415692115
1010,반포대교남단,0,650,128-2도,-,001,126.99881427782277,37.50972032924113
1011,이수자이아파트앞,1009,590,708-513천,-,001,126.97934415597908,37.484417016031045
1012,범진여객,0,590,708-834천,-,001,126.97452984742814,37.483304817110415
1013,국민은행남성,0,590,252-5도,-,001,126.97242231119776,37.48407825739641
1014,국민은행남성(연등)2,1012,590,169-8대,-,001,126.9719013256686,37.4844165276327
1015,남성역,0,590,708-1048도,-,001,126.96879325829659,37.4859830379645
1016,남성역(연등)1,1015,590,708-1025도,-,001,126.96780263912434,37.48683718628461
1017,이수초교,0,650,456-26대,-,002,126.98265791113745,37.47828639884544
1018,동작고,0,590,산32-83임,-,002,126.96594439131935,37.4812955803298
1019,사당5치안센터(연등),1060,590,200전,-,001,126.96620551120931,37.48837041009863
1020,동양시스템,0,710,42-15도,-,002,127.1296354092554,37.5071067639027
1021,함지박사거리,0,650,12-56대,-,001,126.99045549533221,37.492836128978055
1022,방배열린문화센터,1023,650,841-2대,-,001,126.9928953802182,37.4889544824317
1023,동국한방병원,0,650,836-11도,-,001,126.99216141378373,37.49010906554762
1024,동국한방병원(연등),1023,650,812-26도,-,001,126.99156456095145,37.49106191856885
1025,서울성모병원정문,0,650,522도,-,001,127.00404631782604,37.49973374199564
1026,서초경찰서,0,650,1748-7도,-,001,127.00580833882643,37.49557104341636
1027,서울성모병원정문(연등),1025,650,513-2도,-,001,127.00422666396199,37.4990010170979
1028,서초경찰서(연등),1026,650,1748-7도,-,001,127.00653429433378,37.49409319883893
1029,효령아파트(연등)1,1030,650,917-8도,-,001,126.99360436735508,37.48016561071384
1030,효령아파트,0,650,924-8대,-,001,126.99490933215239,37.48058691913579
1031,서울메트로뒤,0,650,474-28도,-,001,126.98667943071032,37.47721374364409
1032,서초3동우체국,0,650,1718-4대,-,001,127.00847010616891,37.490147723855614
1033,서초3동우체국(연등),1032,650,1551-3대,-,001,127.00928074356523,37.48851204094322
1034,효창운동장,0,170,132-198임,-,002,126.96237493649673,37.543635193965514
1035,방배초교입구,0,650,864-41도,-,001,126.9860021250542,37.485800673900194
1036,정금마을,0,590,55-3도,-,001,126.98273015346051,37.49377779651971
1037,경문고교,0,590,79-49도,-,001,126.98263244116472,37.490894558895164
1038,서래초교앞,0,650,757-4 도,-,001,126.987910483258,37.49674550447287
1039,유경약국,0,650,758-4대,-,002,126.98620999716077,37.494045592256256
1040,뒷벌어린이공원,0,650,776-3대,-,002,126.98682333648996,37.49142597399497
1041,서초중앙국민은행,0,650,1650학,-,001,127.01523298642749,37.48672223680015
1042,교대부속초등학교,0,650,1748-20도,-,001,127.01429134511757,37.490183529391494
1043,법원후문,0,650,1748-6도,-,001,127.01322466661402,37.49555901266452
1044,사법연수원,0,650,1748-6도,-,001,127.0125745472091,37.49845337667394
1045,디에이치라클라스정문,1045,650,30-26 대,-,001,127.01223124343679,37.50015092055932
1046,궁전가든,0,650,131-1 천,-,001,127.01149133620181,37.5026090516229
1047,뉴코아아울렛(연등),1972,650,65-32대,-,001,127.00769517471582,37.50976527378195
1048,뉴코아백화점,0,650,102도,-,001,127.00708534452075,37.51082065984095
1049,반포3동주민센터,0,650,102도,-,001,127.00606786658403,37.5127811847604
1050,아크로리버뷰아파트,0,650,121천,-,001,127.00826294544329,37.51502033931372
1051,신동초교,0,650,78도,-,001,127.01049809727257,37.51709310413063
1052,이수교KCC 스위첸2차아파트,0,650,산29-2도,-,001,126.98328687414067,37.49724559900061
1053,사당삼성생명,0,650,493-5천,-,001,126.98184705852933,37.480096048257494
1054,잠원청구빌라트앞,0,650,78도,-,001,127.01221831987233,37.5188073099481
1055,방배경찰서,0,650,495-2도,-,001,126.98192822500998,37.48141358236538
1056,방배경찰서(연등),1055,650,733-1 도,-,001,126.98200031670194,37.482850990628314
1057,이수역(연등),487,650,864-41도,-,001,126.9841627471886,37.485608421143894
1058,로고스교회,0,650,822-23도,-,001,126.9852400891159,37.48751613107355
1059,사당극동아파트입구,0,590,169-28도,-,002,126.97407212498298,37.486854565756
1060,사당5치안센터,0,590,197-4도,-,001,126.96573138887406,37.489378376688684
1061,한신종합상가,-,650,121-8도,-,001,127.0140262478803,37.519894038675666
1062,한남대교남단(연등)2,0,680,415 대,-,001,127.01886000975067,37.522091412058465
1063,잠원동주민센터,0,650,84 도,-,002,127.01379383872964,37.51523585695256
1064,내방역(연등),355,650,851-3대,-,001,126.99174748189127,37.48711371191208
1065,하이웨이빌딩,0,650,9-1 대,-,002,127.01622766930313,37.515082618058415
1066,신동초교정문,0,650,84 도,-,002,127.01197642773927,37.51625777901802
1067,매일상가,0,650,104도,-,002,127.01331076392277,37.51377085973283
1068,경원중학교,0,650,100도,-,002,127.00965376661138,37.512006873523596
1069,기린한방병원,0,650,280 도,-,001,127.01981021631548,37.5106471551076
1070,주홍교,0,650,34-20대,-,001,127.0165458214424,37.50967410048688
1071,반포자이,0,650,128-6 도,-,001,127.01300727784702,37.508567286397486
1072,반포역,0,650,128-6 도,-,001,127.0115883334172,37.508120818172074
1073,시청역2호선(연등),1074,140,5-1대,-,001,126.97502706949868,37.563448957411296
1074,시청역2호선,1073,140,5-1대,-,001,126.97350925292402,37.56292680295107
1076,반포르엘107동,0,650,112도,-,001,127.00329898481318,37.50837285103965
1077,전원마을입구,-,650,2724 대,-,001,126.98789497859109,37.4661495401358
7468,419민주묘지역,-,300,424-22 천,-,001,127.0137274277651,37.64945120654041
1079,계성초교입구,0,650,128-1도,-,001,126.9980752510316,37.5040207609796
1080,신반포역,0,650,3-1학,-,001,126.99513757787503,37.50322852935545
1081,반포교회,0,650,752도,-,001,126.98958287203455,37.50188745146092
1082,시청뒤(연등),669,140,44-1도,-,001,126.97921922215653,37.568148217194654
1083,반포주공66동,0,650,805도,-,002,126.98604832216137,37.50317781264796
1084,서초소방서(연등),1085,650,128-13도,-,001,126.99095494308379,37.498218797137255
1085,서초소방서,0,650,128-13도,-,001,126.99221505102365,37.49821991787604
7476,복선교(연등),-,290,543-38대,-,001,127.02259644605506,37.6013115429008
1087,북가좌초교사거리(연등),1087,410,322-24대,-,001,126.90876632411259,37.57853473424445
1088,가좌전화국(연등),834,410,359-1도,-,001,126.91532142222898,37.58545766133042
1089,응암대림시장(연등)2,713,380,604-3도,-,001,126.91656723051383,37.58741061416912
1090,응암오거리(연등),303,380,-,-,001,126.91846576247094,37.5891394203705
1092,충암고교(연등)1,563,380,618-19대,-,001,126.92198529872569,37.58632846671437
1093,응암푸르지오(연등)2,0,380,182-1도,-,002,126.92581399050066,37.598837907678444
1094,시립은평병원,0,380,648-3도,-,002,126.923033486336,37.59291801318554
1095,백련산힐스테이트310동(연등),829,380,244-172도,-,002,126.92266818851581,37.587730287178864
7478,서울드래곤시티,-,170,67-5대,-,001,126.9614570418014,37.53237842745118
1097,프랑스학교,0,650,92-9대,-,002,126.99819249262629,37.49611284295523
1098,방배중학교앞,0,650,91-7대,-,002,126.99793251256814,37.4950959499771
1099,대법원,0,650,1748-10도,-,001,127.00541401666612,37.491122537875256
1100,서초고,0,650,967대,-,002,127.00458876264275,37.48958303618451
1102,서초중입구,0,650,1536-3대,-,001,127.00890931038339,37.48359008331995
1103,남부터미널(연등)1,139,650,1748-35도,-,001,127.01456841379256,37.48468964909802
1104,서초해링턴플레이스,1106,650,1748-39도,-,001,127.01823777781094,37.48543847127172
1105,신세계백화점,122,140,7-1도,-,001,126.98014365189896,37.559520794985
1106,디월트고객체험센터,0,650,1614-3대,-,001,127.02117158333148,37.48636914903801
1107,한국상담대학원대학,0,650,1334대,-,001,127.02359582367728,37.48710870486362
1108,무지개아파트(연등)2,1109,650,1378도,-,001,127.0267381526013,37.48804360453779
1109,무지개아파트,0,650,1378도,-,001,127.02823373331273,37.48850369895657
1110,서초문화예술정보학교,0,650,858 도,-,001,127.0299196158337,37.4890292479597
1111,중림삼성아파트,0,140,200대,-,002,126.96503453069803,37.559015264711526
1112,무지개아파트(연등)1,1109,650,1380 도,-,002,127.02764522241229,37.489696110065935
1113,만리시장(연등),811,170,39-4공,-,001,126.9623683535547,37.551475636980946
1114,STX빌딩,0,140,526대,-,001,126.97419165515242,37.55365269383937
1115,서이초교,0,650,1327-29 대,-,001,127.02658425647267,37.49199458232783
1116,래미안서초에스티지아파트,4689,650,1320-10 대,-,001,127.02603501036012,37.493183979798
1118,유니세프앞,0,110,1-39도,-,001,126.97368896849927,37.58110537544148
1119,진흥아파트,0,650,1377도,-,001,127.02422321371118,37.496909332284574
1120,서초초교,0,650,1379도,-,002,127.02349523338688,37.498463546080856
1121,서초초교(연등),1120,650,1379도,-,002,127.02313718341584,37.49917354612803
1122,서초푸르지오써밋,1123,650,749-36 도,-,002,127.02194735685198,37.501682250971605
1123,서초롯데캐슬아파트,0,650,1303 주,-,002,127.02230617496498,37.50093249564953
1124,서초롯데캐슬아파트(연등),1123,650,1390도,-,002,127.02277019341317,37.49993508058013
1125,서초제일약품,0,650,749-35도,-,001,127.02109050562952,37.50346363199717
1126,서원초교,0,650,20-43 대,-,002,127.0154209688973,37.50188195460639
1127,서초아르누보호텔,0,650,1313-18대,-,001,127.02056956866463,37.49579710324791
1128,인재개발원,0,650,1436-1대,-,001,127.02282093577519,37.48296456556547
1129,서초IC,0,650,1416도,-,001,127.02803803332057,37.483662143404345
1130,한전아트센터,0,650,1340대,-,002,127.02933166749125,37.4861768951207
1131,외교센터앞,0,650,1359-47대,-,001,127.02985115837555,37.48394209895693
1132,서초구민회관,0,650,958-3 도,-,001,127.03631353576912,37.48232009088223
1133,영동1교,0,650,241-12 도,-,001,127.03868408597825,37.47371040740947
1134,영동1교(연등),1133,650,238도,-,001,127.03862722489173,37.47182561585818
1135,시민의숲,0,650,243대,-,001,127.03911072048581,37.46975943828301
1136,교육연구정보원(연등)1,5191,140,208 대,-,001,126.98086159444891,37.5552448573075
1137,남산도서관,0,170,30-84대,-,001,126.98154919457554,37.5522405007198
1138,청계산입구삼거리,0,650,302-6 잡,-,001,127.04577241387287,37.46316732046148
1139,염곡치안센터,0,650,183-8도,-,001,127.05003567947062,37.46135358638686
1140,탑성마을,0,650,200-4도,-,001,127.0560008889398,37.45879991891828
1141,내곡파출소,0,650,184-26도,-,001,127.0649909110148,37.45533773002475
1142,어린이병원,0,650,산12-444임,-,001,127.06895239192437,37.45645967141283
1143,샘마을,0,650,산13-300도,-,001,127.07184520180823,37.45735209432024
1144,서울연희초교,1874,410,87-27도,-,001,126.93331895824068,37.56987478389748
1145,하림각(연등),814,110,99-7 도,-,001,126.96036464705652,37.59911168342366
1146,헌인릉입구(연등),1148,650,산13-307임,-,001,127.07997523325528,37.4600854715179
1148,헌인릉입구,0,650,산12-450도,-,001,127.08172624181772,37.46064356618459
1149,헌릉IC교차로,0,650,산12-441임,-,001,127.09015748249028,37.463404848626915
1150,5163부대,0,650,산12-615도,-,002,127.08001326955393,37.45898674384072
1151,하나로마트양재,0,650,229-1도,-,002,127.0458636416109,37.46227250205253
1152,대일농원,0,650,260-5 도,-,002,127.04663276855064,37.4600432346299
1153,세원마을입구,0,650,501-18도,-,002,127.05067298328234,37.45454828007508
1154,본마을입구,0,650,433-3전,-,002,127.05141200827829,37.45320115822449
1155,청계산입구,0,650,192-19 도,-,002,127.05756478817112,37.4449216477107
1156,새정이마을,0,650,44-32 도,-,002,127.06598500424498,37.434824052503146
1157,양재IC,0,650,349-5도,-,001,127.04177065216291,37.46478707489126
1158,트럭터미널(연등),1159,650,216-1잡,-,001,127.03728889697321,37.46154544898753
1159,트럭터미널,0,650,215 대,-,001,127.03604029942535,37.46068537154267
1160,코스트코,0,650,217-3도,-,002,127.03598194996007,37.46273301880422
1161,을지로4가(연등)5,367,140,-,-,001,126.99557279536857,37.566518085871884
1162,어린이교통안전교육장,0,650,102 학,-,002,127.03194219678484,37.47054467740911
1163,홍익지구대(연등),1165,440,474-20대,-,001,126.91218137492011,37.552840221316565
1164,교육문화회관(연등),1167,650,236공,-,002,127.0333290747603,37.46903822131072
1165,홍익지구대,0,440,478-8도,-,001,126.91248740338382,37.55186615322492
1166,메세나폴리스몰,0,440,484-23대,-,001,126.91288908525979,37.55045226746968
1167,교육문화회관,0,650,201-3 도,-,002,127.03474422790404,37.467581510402866
1168,애오개역,0,440,267-2학,-,001,126.95623678132252,37.5525104841001
1169,에이스빌딩,0,650,261-20 도,-,002,127.04149210261589,37.47539715743572
1170,수협은행양재(연등),696,650,3도,-,002,127.04110569534211,37.479943154826536
1171,해바라기마트,826,440,487-365대,-,001,126.91787426660123,37.558584092373636
1172,일동제약앞,696,650,산 20-2 임,-,002,127.0368190583711,37.476976123781
1173,양재초교,0,650,105-1도,-,002,127.03240915543176,37.474651357547955
1174,양재초교(연등),1173,650,105-1도,-,002,127.03148752340644,37.4742605948671
1175,KT연구원입구(연등),1176,650,105-1도,-,002,127.03064428335942,37.47377569918555
1176,KT연구원입구,0,650,23도,-,002,127.02956724162522,37.473067126983736
1177,우면치안센터,0,650,산70-4임,-,002,127.02719313936815,37.47164554004649
1178,동대문역사문화공원(연등),368,140,18-21대,-,001,127.00653760624607,37.5662566708
1179,우암초교,0,650,71-1도,-,002,127.02549242514286,37.47051043529633
1180,경성고(연등),1181,440,573 대,-,002,126.91939684388807,37.56213923694347
1181,경성고,885,440,370-13대,-,002,126.91783832322209,37.56121003135034
1182,대화프라자,0,650,산5-1임,-,002,127.0246301803664,37.47124166301137
1183,망원역(연등),932,440,249-9대,-,001,126.90949450719708,37.5567313519011
1184,대화프라자(연등),1182,650,산5-2임,-,002,127.02402548989888,37.47175887290168
1185,서강쌍용예가,0,440,27-27대,-,001,126.92987101114888,37.54754467291109
1186,KT연구개발본부,0,650,23-2도,-,002,127.03109882492464,37.47137431867621
1187,홍대입구역(연등),474,440,192-5도,-,001,126.92207980559719,37.55473285902604
1188,한국교총,0,650,17 대,-,002,127.02834765105696,37.46771718871436
1189,벌떼교회,1190,650,8-6대,-,002,127.02680647027567,37.466048231810916
1192,선암IC,0,650,239답,-,001,127.0201610944104,37.46033235731648
1193,새순교회,0,650,830-29도,-,002,126.98831439385853,37.48848612765576
1194,효령아파트(연등)3,1030,650,918-16도,-,002,126.9926555138287,37.481740093455684
1195,사당극동아파트입구(연등),1059,590,169-29도,-,002,126.97548963895814,37.48580697114379
1196,녹천교동측,0,350,740-1대,-,001,127.05687844311898,37.64549196410288
1197,남산적십자(연등)3,956,140,3-2도,-,001,126.98733382288408,37.558279902176835
1198,까치고개,0,620,1693-39도,-,001,126.96726250554421,37.475622726823346
1199,까치고개(연등),1198,620,1693-39도,-,001,126.96587925285047,37.476184360243316
1200,낙성대입구(연등),71,620,1693-39도,-,001,126.96135842764166,37.477944251878704
1201,원당초교입구(연등),1202,620,1693-38도,-,001,126.95782636121994,37.47932145462854
1202,원당초교입구,0,620,1693-38도,-,001,126.95582697774637,37.48006501290119
1203,LG전자,0,620,1519-4도,-,001,126.95045881750787,37.48152694782809
1204,관악전화국,0,620,975-5도,-,001,126.94752242616826,37.481826036041554
1205,청룡길입구,1204,620,975-11도,-,001,126.94609620926447,37.481962042234024
1206,봉천역,0,620,900-78대,-,001,126.94365180503895,37.48219524759682
1207,홍은중학교(경보),0,410,산11-223임,-,002,126.93460959445032,37.59281023075387
1208,홍은3가압장(경보),0,410,203-1도,-,002,126.93537191443022,37.590008931731276
1209,관악청년회의소,0,620,645-111 대,-,001,126.9369489173862,37.484497246265796
1210,남산적십자(연등)2,956,140,111도,-,001,126.9873937024995,37.558899794590175
1211,관악우체국(연등),551,620,984-6도,-,001,126.93239448757916,37.48457700405323
1212,서대문문화체육회관(경보),0,410,산26-161임,-,002,126.93276618840451,37.580960917440926
1213,관악청년회의소(연등),1209,620,982-3 도,-,001,126.93927308023457,37.48345485946808
1214,봉림교(연등),1215,620,1432-18대,-,001,126.92702192513748,37.48396383237975
1215,봉림교,0,620,1467-14도,-,001,126.92584400831251,37.483735054609916
1217,내신부동산,0,620,산66-1임,-,002,126.9644179235723,37.47601770062705
1218,낙성주유소,0,620,148-65대,-,002,126.96197039242156,37.476976736932464
1219,내신부동산(연등),1217,620,148-148대,-,002,126.96320198933772,37.47649123970913
1220,낙성사거리,0,620,1693-40도,-,002,126.95952471675797,37.47789674083212
1221,믿음약국,0,620,1693-61구,-,002,126.95720031971199,37.47880328728383
1222,봉천로사거리,0,620,976-1천,-,001,126.95320869744633,37.48202334914653
1223,진광공업사,0,620,50-181대,-,001,126.95077654471234,37.482387643719015
1224,진광공업사(연등),1223,620,1705-3도,-,001,126.94919844293592,37.48254252500717
1225,현대시장입구(연등)2,1226,620,457-338대,-,001,126.94782635005724,37.482677595646464
1226,현대시장입구,0,620,888-4대,-,001,126.94646352542306,37.48279779046202
1227,오장동사거리(연등),371,140,275-9도,-,001,127.00235624171943,37.56561964773439
1228,현대시장입구(연등)1,1229,620,1708-1 대,-,001,126.9449583724583,37.482967596672474
1229,은천치안센터,0,620,1708-1 대,-,001,126.94377646905542,37.48308365566069
1230,병천순대(연등)2,1229,620,976-6천,-,001,126.9430743008416,37.483156068996465
1231,병천순대,0,620,976-6천,-,001,126.94218709436849,37.483250962991974
1232,병천순대(연등)1,1231,620,976-16천,-,001,126.94112530015163,37.48361219346296
1233,대림부동산,0,620,634-53대,-,001,126.93975062379555,37.48422772586655
1234,을지로5가(연등)2,277,140,-,-,001,127.00218060301913,37.56775894439851
1235,대림부동산(연등),1233,620,645-88대,-,001,126.93752029918124,37.48524269622902
1236,보라매치안센터,356,620,673-196대,-,001,126.9322045039293,37.487440138482214
1237,당곡초교입구,356,620,687-17대,-,001,126.93016825319106,37.488435149266905
1238,롯데백화점관악,0,620,808-147천,-,001,126.92536175282464,37.48988459621304
1239,티마크호텔,372,140,47-10대,-,001,126.99307545414915,37.562826639419605
1240,녹두3거리(경보),0,140,85-3도,-,002,126.9980913887909,37.56118698135575
1241,미도파빌딩(경보),0,140,29-2대,-,002,126.99620952234773,37.55965702012664
1242,충무초교(경보),0,140,26-8도,-,002,127.00109084992151,37.56215002840399
1243,신림119안전센터,0,620,808-152천,-,001,126.92266514272528,37.489956335987564
1244,관악현대아파트,0,620,7-17도,-,001,126.9564420944843,37.490840846095374
1245,봉천동아아파트,0,620,121-101 도,-,002,126.95514654648528,37.490534880404105
1246,관악우성아파트,0,620,7-17도,-,001,126.95687563142229,37.48643730722785
1247,봉천로사거리(연등),1222,620,33-2도,-,001,126.95451457489493,37.483624576957084
1248,관악구청(연등),457,620,1693-29도,-,001,126.95225703876876,37.47820277705657
1249,청룡초교,0,620,1598-10대,-,001,126.95266305332349,37.475721209321655
1250,관악소방서,0,620,1606-5대,-,001,126.95303894865823,37.47395633124482
1251,관악소방서(연등)2,1250,620,1693-30도,-,001,126.95307319166743,37.47269856590966
1252,서울대정문,0,620,산9-1 임,-,001,126.94975408897224,37.467568156766276
1253,신림중(연등)1,1254,620,산7-1임,-,001,126.94624542844693,37.46855384384859
1254,신림중,0,620,산6-1임,-,001,126.94476323175945,37.46973732387674
1255,삼성교,0,620,산2-29임,-,001,126.94146314132173,37.470896318596914
1256,화랑교(연등),1257,620,103-41대,-,002,126.93969880365654,37.470611425459
1257,화랑교,1258,620,103-3대,-,002,126.93894333963735,37.47081879730903
1258,신성교,0,620,105-81대,-,001,126.93768376668694,37.47094904531756
1259,신성교(연등),1258,620,105-153대,-,001,126.93684502251561,37.47088628897092
1260,미림여고입구(연등),1261,620,808-134천,-,001,126.93516197227505,37.471147060431456
1261,미림여고입구,0,620,406-5천,-,001,126.93393039341402,37.47145532519137
1262,신림3교,0,620,1694대,-,002,126.93341653411109,37.47231838827554
1263,양산교,0,620,409-129대,-,002,126.93402209305992,37.47372247411349
4897,아차산공원,0,210,383-16 임,-,002,127.10084480523173,37.550798904461054
4898,광장중학교,0,210,353학,-,002,127.10220548839963,37.54680457151349
4899,필동사무소(경보),0,140,19-32도,-,002,126.9961327002937,37.56014108008228
4900,장충교차로(경보),0,140,62-35대,-,001,127.00594645106912,37.559518466016904
4901,두산타워(경보),0,140,18-12대,-,001,127.00945896346254,37.569218108259555
4902,남산왕돈까스,0,140,15-23도,-,001,126.9857191888977,37.5567105680891
4903,중국영사관,0,140,30-3대,-,001,126.9849584680376,37.556490088889305
4904,영락교회(경보),0,140,61-10대,-,002,126.98883074996611,37.56332979790714
4905,골드뱅크(경보),0,140,209-1도,-,001,126.9917346686857,37.56448129179827
4906,오장동수협(경보),0,140,69-3대,-,001,127.00042772781205,37.564499919972555
4907,풍전호텔(경보),0,140,101-1도,-,001,126.99567113054309,37.56424348957095
4908,삼익아파트(경보),0,140,2-165도,-,001,126.99098175275277,37.55968750355441
4909,을지로5가(연등)1,277,140,-,-,001,127.00027206537555,37.56678990722988
4910,리틀톰스피자(경보),0,110,140-86도,-,002,126.9867445388156,37.579257553230164
4911,재동초교사거리(연등)1,4739,110,11-112대,-,001,126.9850445891809,37.580113445439835
4912,감사원앞,0,110,산1-1임,-,002,126.98527953047854,37.586423803063376
4913,삼청동3R(경보),0,110,31-4대,-,001,126.98165970013017,37.586974828039146
4914,삼청터널(경보),0,110,산2-1임,-,002,126.98211918025888,37.59343306299367
4915,칠보사(경보),0,110,26-2대,-,002,126.98198951685185,37.5882248836805
4916,금융연수원(경보),0,110,37-2천,-,001,126.98201694164347,37.585347186371685
4917,총리공관(경보),0,110,80도,-,001,126.98192834727601,37.58417741698043
4918,경복고교(경보),0,110,104-1도,-,002,126.97139213051192,37.585080608809214
4919,단군성전,0,110,1-30 도,-,001,126.96561543776558,37.57576737564139
4920,인왕산길(경보),0,110,산1-11공,-,001,126.964640716631,37.576919366998936
4921,사직터널전(경보),0,110,1-30도,-,001,126.96781284452975,37.574875533882214
4922,종로구청(경보),0,110,208-3도,-,001,126.97923524221017,37.57246085555501
4924,신국세청(경보),0,110,127도,-,002,126.97934579417911,37.57431813006461
4925,낙원상가(경보),0,110,103-4도,-,002,126.98935470560954,37.572563519922305
4926,세종문화회관뒤(경보),0,110,11-2대,-,002,126.9748470679114,37.57163145207108
4927,삼청동사무소(경보),0,110,37-2천,-,001,126.98207114430363,37.584898008745164
4928,매동초교(경보),0,110,1-1도,-,002,126.9676873306277,37.57707443387319
4929,덕수초교(경보),0,140,1-76학,-,002,126.97416310232383,37.56859371100423
4930,이화여고(경보),0,140,1-14도,-,002,126.96866840132894,37.56465428041451
4931,예원여고(경보),0,140,15-9도,-,002,126.97104735839407,37.56657602570767
4932,교육연구정보원(연등)3,856,140,100-170대,-,002,126.97962845069935,37.55395726788001
4933,중림동삼성아파트(경보),0,140,347도,-,002,126.96630236673111,37.55852109953662
4934,남산케이블카(경보),0,140,산1-2임,-,002,126.9838980862145,37.55502138138912
4936,상사마을,0,500,409-4도,-,002,126.79835880919703,37.58305210769003
4937,개포도서관(경보),0,680,147 도,-,002,127.06344602221674,37.483404793573214
4938,꿈의숲동문주차장입구,0,290,242대,-,001,127.04565779128052,37.62118939490254
7470,금호펌프장(연등),-,200,218-1도,-,001,127.02461932800855,37.54541690146128
4940,서울역광장,0,170,84-11대,-,001,126.97298443351765,37.55405758349878
4942,성수공고앞,0,200,19-1학,-,001,127.04964685533228,37.54023183857278
4943,황산IC,0,740,-,-,001,127.18250682185212,37.54932119112858
4944,염창역,0,500,252-3대,-,001,126.87533222571939,37.547017893395086
4945,양평성원아파트,0,560,11-1도,-,002,126.89408476384838,37.53352692881496
4946,남부고용노동지청앞(연등)2,2579,560,14-1도,-,002,126.88949943894532,37.525133956874605
4947,왕십로전풍호텔(경보),4979,200,275대,-,001,127.03337284850063,37.5625896749141
4948,미소로프라자(연등),2593,560,0-1 가,-,002,126.90366334706363,37.52790576610784
4949,사근파출소(경보),0,200,16-40도,-,002,127.04178257780525,37.560122247902726
4950,남성아파트앞,0,560,56-16도,-,002,126.89202158357067,37.51322184769959
4951,감사원(경보),0,110,25-32 임,-,002,126.98349543901287,37.587530983604076
4952,갈현초교,0,380,533-2도,-,002,126.91542389714517,37.61911747220027
4953,당서초교정문(연등),2591,560,9-9 대,-,002,126.89807102811237,37.53156760154109
4954,송화초교,0,500,272-23대,-,001,126.81662911632282,37.56905651001374
4957,동향마을,0,500,1372 잡,-,002,126.80132103812247,37.54933037226546
4959,성균관대정문(경보),0,110,65-1도,-,002,126.99722441453335,37.58492613454748
4960,명륜파출소(경보),0,110,14-1도,-,002,126.99667655288356,37.58777065595997
4961,명륜제일교회(경보),0,110,5-113도,-,002,126.99827336666793,37.58973570077383
4962,경신고교앞(경보),0,110,5-106도,-,002,126.99943751108921,37.590988925321064
4963,우리마트앞(경보),0,110,16-23도,-,002,126.9999863582253,37.58718420297027
4964,e편한세상효제(연등),3785,110,255-17도,-,002,127.00326093971229,37.57341438373913
4965,충신시장(경보),0,110,208-1 도,-,002,127.00594053057506,37.57352392270092
4966,동망봉터널위,4521,110,5-27도,-,002,127.01504802226343,37.58064117262303
4967,청룡사앞(경보),0,110,23-1도,-,002,127.0173029446167,37.580267878091384
4968,숭신초교앞(경보),0,110,240-18도,-,002,127.01847503623893,37.57177503105537
4969,갈현우남아파트(연등),-,380,산131-1임,-,001,126.90608994466125,37.61840814032945
4970,성광한의원,0,200,632대,-,002,127.02560088469677,37.55102162408734
4971,성동교회,0,200,347대,-,002,127.0248329995855,37.55337356287451
4972,금호광장(경보),0,200,1445-1도,-,002,127.01661525014924,37.54835689241979
4973,금호초교입구(경보)1,0,200,487-1도,-,002,127.02052674727183,37.55336905630949
4974,서대문사회복지관,0,410,376-2대,-,001,126.91967082210856,37.57082614058956
4975,유승약국,0,380,190-19대,-,002,126.92175716280109,37.611028270597586
4976,도봉파크빌2단지,0,320,1200-1대,-,001,127.05134674051047,37.68394839499122
4977,서울강림교회(연등)3,3805,470,313대,-,002,126.86491820677654,37.51699854146232
4979,왕십로안전공단,0,140,130-34대,-,001,127.02462656560405,37.56509262067583
4980,할머니보쌈,0,140,114-41대,-,001,127.02344770571447,37.569521602369235
4981,타이어뱅크영등포점,2562,560,30-1대,-,001,126.89923192912784,37.52712560714608
4982,영등포선거관리위원회,0,560,364천,-,001,126.90793660301337,37.52866662418977
4983,등빛도서관(연등),2992,500,709-23도,-,002,126.84173520715292,37.561040350789085
4984,가양하수처리(경보),0,500,52-3도,-,002,126.81948789735596,37.58220597826049
4985,목동하이페리온2(연등),3099,470,925-5도,-,001,126.87003858600076,37.52678779846326
4986,공항중,0,500,217-214임,-,001,126.81650526421748,37.562823919155726
4987,제1청사,0,500,61-282 잡,-,002,126.80658929436028,37.558525289571975
4988,유료주차장,0,500,886 잡,-,002,126.80461674608763,37.5610441680744
4989,공항고등학교,0,500,886 잡,-,002,126.80377793215354,37.55942442259185
4990,지하차도위,0,500,886 잡,-,002,126.80503798857382,37.5619996482176
4991,화물터미널앞,2880,500,796도,-,002,126.8155984191887,37.55037032412182
4992,반포3동주민센터(연등)2,1049,650,78도,-,001,127.00654118336402,37.5133127264407
4993,올림픽진입램프,0,650,1329도,-,001,126.98930216108131,37.50591728769178
4994,서초아르누보호텔(연등),1127,650,1738-4도,-,001,127.01763048891259,37.49491683783218
4995,염강초교(연등)1,2945,500,1484-5도,-,002,126.86161544730687,37.56084295912245
4997,당산초교,0,560,119-4천,-,002,126.89506766872063,37.53934721042635
4998,선암IC(연등)2,1191,650,242전,-,002,127.02044835786103,37.46079211669622
4999,일원우체국,0,680,4-44잡,-,002,127.08791849022553,37.49154196037504
5000,중곡1동사거리(연등),2393,210,193-13대,-,002,127.0807391549606,37.56285985648702
5001,이촌건영아파트(연등),2678,170,301-4 도,-,001,126.97716873598308,37.51890358426976
5002,중앙사약국(연등)1,1337,540,1000-39도,-,001,126.904014031493,37.45341750587052
5003,공항아파트,0,500,238-1학,-,001,126.81654506427957,37.565253377901456
5004,강서보건소앞,2870,470,267-1대,-,001,126.86769218317522,37.54948281665156
5005,신강초교(경보),0,470,861도,-,002,126.84069581120558,37.52612567901987
5006,현대프라자(연등),3818,470,311-5도,-,002,126.86037553892174,37.518734729133804
5007,방화동성상가,0,500,816-1도,-,002,126.81241802501712,37.57882651433707
5008,덕남빌딩,0,470,1065도,-,002,126.8588226957776,37.52698891780143
5009,신서고,0,470,1112도,-,002,126.85930364467474,37.524083913428676
5010,목동영광교회,0,470,894-35대,-,001,126.86029030422173,37.52558101858556
5011,신한은행신월동지점,0,470,630도,-,002,126.841828377874,37.518040356792525
5012,개화사거리(연등),503,500,산97임,-,002,126.8024950442597,37.57292501338598
4956,사가정배봉,0,230,94-28대,-,001,127.06925796662232,37.57870567557917
5013,경찰병원(연등),2100,710,59도,-,002,127.12266957765056,37.49568591563043
5014,송파경찰서(연등)1,2110,710,34학,-,001,127.12763543773022,37.501471291450194
5015,성내2교(연등),1868,710,1-20도,-,002,127.14495269992324,37.49906057389053
5016,녹색환경교육센터(연등),3792,470,10-3도,-,001,126.88468303578044,37.541421686201495
5018,성내5교(연등),1869,710,128-6도,-,001,127.13766864450577,37.50179725701951
5019,명신초교,0,110,산6 임,-,002,127.01497709782296,37.582141901232724
5020,성내4교남단,0,710,11-3도,-,002,127.14140416373418,37.49930501255615
5021,서울빌라앞,1871,710,89-7도,-,002,127.13708376437496,37.50550164187942
5022,한산중학교앞,0,740,161-3도,-,002,127.13929434707104,37.52807257888885
5023,성일초교후문(경보),0,740,580도,-,002,127.12742935004145,37.528831520547094
5024,양지시장(경보),0,740,524도,-,002,127.13511806956045,37.55555642022759
5025,상일파출소,0,740,215공,-,001,127.16557143420425,37.55594665580128
5027,고덕중학교(연등),0,740,155-3 전,-,001,127.16352046537472,37.56025996382503
5028,한국노총회관(연등),1932,560,3-5도,-,002,126.92656493334925,37.52127941521255
5029,경인고속입구(연등),513,560,10 학,-,001,126.89372813769448,37.530712609110275
5030,목동주차장(연등)1,3998,470,917-3도,-,001,126.87648106395103,37.52870696784581
5031,CBS앞(연등)2,3819,470,920-2도,-,002,126.87449064175402,37.528911204895344
5033,중원주유소,0,210,260-2제,-,001,127.07756524834959,37.56620814705755
5035,컨벤션센타,0,500,648-7도,-,002,126.80536711497366,37.56495598822566
5036,종암초교후문,0,230,67-241 대,-,002,127.03142857900615,37.58271910025215
5037,양강초교옆(경보),0,470,880도,-,002,126.84700959435794,37.52438920676744
5038,양천신협본점,0,470,451-7대,-,002,126.84228880202986,37.52355291590353
5039,신원초교(경보),0,470,산63-6임,-,002,126.83113566105916,37.52917289005833
5040,강서교육청(연등),0,470,산10-7 임,-,002,126.82904537413154,37.5421427778852
5041,동방아파트(경보),0,470,895도,-,002,126.84719928964445,37.52233650089436
5042,강월초교(연등),3871,470,987-4도,-,002,126.83479260947665,37.51627496038475
5043,현대아파트109동앞(경보),0,470,130-27도,-,001,126.87612747825283,37.517651521772166
5044,신정교남단(경보),0,470,129-48도,-,001,126.87473513599272,37.517981993069846
5046,목동14단지(경보),0,470,1300 대,-,002,126.87186549164446,37.5157585200779
5047,정랑고개(경보),0,470,695-10도,-,001,126.848629049851,37.51116975977548
5048,영등포여상앞길(경보),-,470,1110도,-,002,126.85922162820117,37.52451476313301
5049,신기초교앞(경보),0,470,1266-5도,-,002,126.854200479073,37.51165473444173
5050,신서고(연등),5009,470,1110도,-,002,126.85951462169501,37.522869028465344
5051,목일중학교앞(연등),3949,470,331-2도,-,002,126.87473492387005,37.51368998830959
5052,129번종점앞(경보),0,470,164-10도,-,002,126.8682882276928,37.50998208473031
5053,목동사거리(연등),0,470,868도,-,001,126.86609695159973,37.53270826384114
5054,봉영여중,0,470,326대,-,002,126.8616006562514,37.50920636514503
5055,목1파출소(경보),0,470,919-4도,-,001,126.87087536973803,37.530507122252025
5056,목동트윈빌,0,470,919-1도,-,001,126.87728499327012,37.5313161294977
5057,목2동극동아파트(경보),0,470,231-1도,-,002,126.8710602258881,37.53841922043369
5058,목2동바이더웨이(경보),0,470,835도,-,002,126.86863616114474,37.53974229811435
5059,목2동빵굽는마을(경보),0,470,508-3도,-,002,126.8716486252398,37.54665945575211
5060,목2동대림혼다(경보),0,470,587도,-,002,126.87004947951911,37.543209135213736
5061,목동운동장(경보),0,470,914-3제,-,001,126.8854168110998,37.53024010949006
5062,목동롯데아파트,0,470,627-9도,-,002,126.86864100546258,37.547532134286264
5063,목4동제일약국(경보),0,470,824도,-,002,126.86588856939724,37.53934560924843
5064,목동1단지130동앞,0,470,929대,-,002,126.88166744036914,37.53981952950876
5065,월촌초등학교앞(연등)3,3842,470,901-9 도,-,002,126.87623166510348,37.539184233324654
5066,영도초교후문,0,470,199-51공,-,002,126.87264530945252,37.53589353019045
5067,양평한신아파트,0,560,117-2도,-,002,126.89123687215671,37.541239512192526
5068,공영용산1주차장(경보),0,170,23-1유,-,002,126.9642480340315,37.53184093781125
5069,성남어린이공원(경보),0,170,728대,-,002,126.98955972503795,37.54323458991509
5070,성북풍림아이원101동,0,290,83-130도,-,001,127.02414314729307,37.59457320575988
5072,이문우체국,274,230,292-261 대,-,001,127.0617881639846,37.59914866955517
5073,우이초교앞(연등)2,393,300,273-36대,-,001,127.01617599471001,37.64340643979236
5074,우이초교앞(연등)1,393,300,730대,-,001,127.01652794067073,37.64234332523685
5075,우이3교서측(연등),2969,300,578-97 대,-,001,127.03547493538551,37.63614749317324
5076,흥천사입구(연등),3598,290,1014대,-,001,127.01466287372519,37.597594482452216
5077,내발산주공,0,500,650-6대,-,002,126.84189424269358,37.554337733246825
5078,종로구민생활관앞(경보),0,110,3-1도,-,002,126.99917575236984,37.58985218551772
5079,범양에어콘(경보),0,140,290-113대,-,002,127.01599425926223,37.56073475619598
5080,흥인초교(경보),0,140,290-97도,-,002,127.0150225609332,37.561112714543334
5081,파라다이스A(경보),0,140,846대,-,002,127.0168405103049,37.56213745874986
5082,무악슈퍼(경보),0,140,387-28대,-,002,127.01103369971709,37.56119138381625
5083,약수하이츠A(경보),0,140,842-4도,-,001,127.01159019789647,37.55410750046653
5084,광희초교(경보),0,140,161도,-,002,127.0157265694824,37.56662726738819
5086,밀알성도교회(경보),0,140,0-41 가,-,002,127.01598550845625,37.56276887477364
5087,고려페인트(경보),0,140,291-3도,-,002,127.01539097362834,37.55980892598919
5088,논골사거리(연등),0,200,168-81 수,-,001,127.02383495004298,37.55559989514635
5089,옥정초교(경보),0,200,360-8도,-,002,127.01585445183917,37.542419839609586
5090,구옥수PB(경보),0,200,552도,-,002,127.01322523048128,37.54636688977662
5091,장충초교(경보),0,140,386-86학,-,002,127.01180324993184,37.5594893034589
5092,한양여전입구(경보),0,200,120-22도,-,001,127.05117234946854,37.557408361461164
5093,사근하이츠(경보),0,200,200-6도,-,002,127.0481765361566,37.56113162017998
5094,옥수하이츠(경보),0,200,204-4구,-,002,127.0165495808574,37.54122691751679
5095,성동보건소(연등)2,0,200,594도,-,001,127.032058217035,37.566572469741395
5096,동대문APM(경보),0,140,193-37도,-,001,127.01365942330975,37.56802034024335
5097,성동자활센터,0,200,1450도,-,002,127.01548193126791,37.545439921238895
5098,옥수사회복지관(경보),0,200,227학,-,002,127.01294404321216,37.54095703828011
5099,묵2동현대아파트,0,260,189-12도,-,002,127.07294723597172,37.610283450101655
5100,대경정산고(경보),0,140,-,-,002,127.01739118053152,37.55593121455691
5101,성동문화회관(경보),0,200,142-14대,-,002,127.03548468608518,37.55878735629406
5102,석관펌프장,0,290,384-6제,-,001,127.06587095571733,37.61360286111622
5103,법장사,0,260,20-3도,-,002,127.08435955839649,37.61483488877495
5104,신안아파트,0,260,157-11대,-,002,127.0792147868765,37.61449996427693
5105,먹골파출소,0,260,81-22대,-,002,127.08161928913532,37.61444225729866
5106,동성3차아파트,3241,260,667-1도,-,001,127.09554355229835,37.608797805253154
5107,면목성원아파트(연등),3222,260,467-39대,-,001,127.09131835966993,37.57866221065054
5108,면목7치안센터,0,260,49-32도,-,001,127.0881452390667,37.58662307205169
5109,우성상가,0,470,905도,-,002,126.83359580531634,37.522278417231426
5110,양천고,3797,470,733학,-,002,126.84416742228646,37.508937690799215
5111,서울여대(연등),3443,350,산223-22임,-,001,127.0950975221776,37.62633164702668
5112,서진아파트,0,350,385-4도,-,001,127.07225061928324,37.6229882128936
5113,DMC첨단산업센터,0,440,508-8 철,-,001,126.88438885148514,37.58492863942546
5114,수색역서측,0,440,1147답,-,001,126.8995026914944,37.576238336120134
5115,성산현대아파트,0,440,26-9대,-,001,126.90794480273698,37.57121030604762
5116,서울가좌행복주택,0,440,379 대,-,001,126.91143593814175,37.569641874126496
5117,성산2-1공영주차장,0,440,200-3도,-,001,126.90737144542595,37.56479594729528
5118,태릉가스충전소(연등),3745,350,704-2도,-,002,127.07262093136212,37.618070791360765
5119,공릉배수지(연등),4084,350,산34-12 도,-,002,127.08137508452464,37.63764864631139
5120,기업은행공릉(연등)1,3873,350,743대,-,002,127.07976869200456,37.624917071716794
5121,미성아파트,0,680,391 도,-,002,127.01939737219334,37.52556336227933
5122,서울시설공단북단,0,230,29-6대,-,001,127.03799248929863,37.57273555681687
5123,상계초교입구(연등),4342,350,402-1학,-,001,127.06559271939685,37.656836749269516
5124,공릉중(경보),0,350,81-3 도,-,002,127.08296591450902,37.622333700553426
5125,옛집영양탕,0,350,산154-28임,-,001,127.0847823738593,37.67399804225104
5126,공릉초교(연등),3864,350,616-2구,-,002,127.07337626952702,37.61954741927428
5127,호수아파트앞(경보),0,440,144-1도,-,001,126.9356786943773,37.54192857326239
5128,롯데마트양평점(연등),2578,560,66대,-,002,126.8922502113801,37.525564064497615
5129,월계현대아파트(경보),0,350,70-5 도,-,001,127.06394227658524,37.617823224894025
5130,하계2차현대(경보),0,350,361-3도,-,002,127.07175254715992,37.645606132806634
5131,방학대상타운(연등),4311,320,726-73 도,-,001,127.0460781823069,37.66699990375081
5132,신도봉시장(연등),4355,320,637-47 도,-,001,127.04246658057205,37.67129111012653
5133,창북중교입구,2964,320,703-6도,-,002,127.03934897238221,37.64661671333287
5134,창동역서측,0,320,335-3 도,-,001,127.0460597941457,37.65274504340295
5135,청풍마트,0,300,900-2 대,-,002,127.04416098748605,37.627704229860434
5137,자운고,0,320,853-2제,-,001,127.0510119094184,37.65937500515869
5138,도봉유원아파트,0,320,77-14도,-,001,127.05076075565073,37.68185506003219
5139,남광약국(경보),0,620,513 도,-,001,126.91444032514589,37.48250643794959
5140,사직공원(연등),0,110,108-2대,-,001,126.96932453181087,37.57594746681048
5141,환경운동연합(경보),0,110,251-3 도,-,002,126.9694115408175,37.57815145870682
5142,갤러리아펠리스입구,0,710,43도,-,002,127.09457775106034,37.51020413858802
5143,래미안아파트(경보),0,590,174-1전,-,002,126.97102966221529,37.489737513935
5144,장지공영주차장,0,710,564도,-,002,127.13123186803112,37.46887456787258
5145,온곡중,4360,350,410-29 도,-,002,127.06534232307888,37.659855015857275
5147,잠원초교,0,650,117-15도,-,002,126.9975130109186,37.50114942697218
5148,한양대후문(경보),0,200,63-9도,-,001,127.04417463347609,37.55400261468011
5149,신수동사거리(연등),897,440,288-34도,-,001,126.93535594713504,37.544856786960615
5150,노원구민체육센타(경보),0,350,378도,-,002,127.07105259381423,37.64770049565732
5151,흥국사,0,380,127-3잡,-,001,126.94210837879096,37.65700106668347
5152,삼육대(연등),4068,350,26-43도,-,001,127.10862874731613,37.63877869954538
5153,당산초교(경보),0,560,66-1도,-,002,126.8945613448707,37.53862554990881
5154,강서교육청,0,470,252도,-,002,126.83026433598425,37.541455321627865
5155,곰달래사거리(연등),0,470,359-78대,-,001,126.8375898132145,37.53000611294457
5156,쌍문삼성래미안,-,320,343-9 대,-,002,127.02675821020905,37.646338840617396
5157,꿈의숲효성해링턴,3695,300,3-544대,-,001,127.03402108048537,37.616555635936884
5158,강일중입구(경보),0,740,264-28임,-,002,127.1349162957956,37.556786957557065
5159,강일4 5 7단지,0,740,348-29전,-,002,127.1775911501811,37.566004523490506
5160,화곡6동장궁갈비,0,500,1120도,-,002,126.85152573669392,37.552998721672715
5161,기독신학교(연등)2,76,380,51-57대,-,002,126.91036990888429,37.60325828629962
5162,상수도사업본부(연등),441,140,401도,-,001,126.96786519720777,37.56071077024957
5163,대원고,0,210,18-137도,-,001,127.0871947951786,37.562178063458624
5164,강북삼성병원(경보),0,110,29도,-,002,126.96849286374166,37.56848858938568
5165,용비교,0,200,258-1천,-,001,127.03326631417644,37.544793486707555
5167,우이2교,0,320,647-1 대,-,002,127.03318487108889,37.641573844733266
5168,미화빌딩,538,440,29-95 대,-,001,126.93719907113706,37.55307676431436
5169,성산2교(연등),892,440,666 대,-,001,126.91287930422433,37.56408447827771
5170,중암교(연등)2,760,440,390대,-,001,126.9017020723603,37.57136534697322
5171,서광타워온누리약국(연등),914,440,45-46 대,-,001,126.94590535389213,37.55438886870575
5172,서교천주교회(연등)1,916,440,350-1도,-,002,126.92602725041765,37.55327356519523
5173,마포구치매지원센터(연등),917,440,18-50대,-,001,126.94418509221808,37.55086206175839
5174,대흥치안센터(연등),914,440,27-10도,-,001,126.94539899632927,37.5523160327192
5175,강변북로(경보),0,440,352-27 도,-,001,126.92391730547003,37.54465709255141
5176,밤섬현대아파트(경보),0,440,219천,-,002,126.93288698333538,37.54189003975797
5177,목동교전(경보),0,470,911-12수,-,001,126.88511674445836,37.53169606225807
5178,내곡터널앞(경보),0,650,산12-605임,-,001,127.07702311931814,37.44751856079157
5180,서울시교육청(경보),0,110,1-3도,-,002,126.96599193617878,37.56996098867839
5181,감리교신학대학(경보),0,410,31-7구,-,002,126.96301967219394,37.56791977550141
5182,동명여중(경보),0,410,13-3도,-,002,126.9616882332831,37.568580981244935
5183,독바위역(연등)2,423,380,639 학,-,002,126.93318025817007,37.61776995988231
5184,북한산온천,0,380,151-32잡,-,001,126.93940629590752,37.6541464376394
5185,입곡삼거리,0,380,151-7전,-,001,126.93654921179017,37.65041251202291
5186,광화교삼거리,1573,530,74-8도,-,002,126.84490546389173,37.47438782696785
5188,동아유치원,0,590,120-3대,-,002,126.94361558513238,37.50824564954337
5189,여의도주유소(연등)1,1898,560,8-1도,-,001,126.92316685539399,37.53148935120063
5190,망원2주민센터입구(연등),440,440,279-9995도,-,001,126.90465480024613,37.562113928796535
5191,교육연구정보원,1136,140,55대,-,001,126.9818125712588,37.554808095889825
5192,신촌기차역남측,4794,410,60-11도,-,001,126.94280750517521,37.55789746806014
5193,KT&G복지재단,311,440,50-13대,-,002,126.94181681771175,37.54629886093865
5194,마포세무서(연등),8124,440,1-1학,-,001,126.93873126374461,37.54727403425431
5195,하나은행망원(연등)2,927,440,416-8구,-,002,126.90309707250698,37.55697894404578
5196,성산초교앞(연등),637,440,442-8대,-,002,126.91032325299676,37.553810130172735
5197,구수동사거리(연등),661,440,102-9천,-,002,126.93121082791535,37.54503131278677
5198,성산주유소,761,440,109대,-,001,126.90953894971872,37.56747665502859
5199,이조빌라(연등)1,886,440,산118-1 임,-,002,126.91894336854335,37.56593762694724
5201,하나은행망원(연등)1,909,440,414-48구,-,002,126.90575020011705,37.557525600049544
5202,서울가좌행복주택(연등)2,5116,440,258-70 도,-,001,126.91311410029041,37.56899283410453
5203,극동3거리(경보),0,440,427도,-,002,126.92041915565538,37.55079283981126
5204,성산현대아파트(연등),5115,440,35-31도,-,001,126.90701564999733,37.57173759781703
5205,월곡1동축협(연등),3700,290,225 대,-,001,127.03679262979097,37.606513536163376
5206,옥인시범(경보),0,110,산3-1임,-,001,126.96138634152557,37.582527753258674
5207,인왕초등학교(경보),0,410,241-113 도,-,002,126.94568549822087,37.589486041969316
5208,창서초등학교(경보),0,410,53-47도,-,002,126.93458730037503,37.55699099541835
5209,연희맛길(경보),0,410,189-15구,-,002,126.92876850556495,37.566077278470765
5210,제일모터스(경보),0,410,541-83 답,-,001,126.91914046160908,37.567363274921036
5212,추계초교(경보),0,410,251-75도,-,002,126.95352539434498,37.56427300341316
5213,학여울R(경보),0,680,5-3도,-,001,127.06999339996997,37.49687195160566
5214,한강공예공고뒤(경보),0,560,315-3도,-,001,126.89772736105513,37.539306009295224
5216,북악산길(경보),0,110,244-11도,-,001,126.96656123895228,37.593137130843076
5217,독립문초교(경보),0,110,46-2085 도,-,002,126.96038739985987,37.573689478181464
5218,당산현대5차(경보),0,560,4-7도,-,002,126.90164658887615,37.52979705119552
5219,문래현대홈타운,0,560,30-13대,-,002,126.89096160117992,37.519646595815466
5220,이문고가(경보),0,230,209-1도,-,001,127.06738638341099,37.60452574730311
5221,도림초교(연등),0,560,-,-,002,126.9060021583127,37.50779616264423
5222,흥원사(경보),0,590,466-10대,-,002,126.92424990825161,37.50404643766254
5223,홍제3교(경보),0,410,361-137도,-,002,126.93640945477102,37.587928228169616
5224,증산펌프장(경보),0,380,238도,-,002,126.90287951272936,37.5784159413809
5225,현저교회(경보),0,410,-,-,001,126.95507258064254,37.57729044489726
5226,천호동공원앞,0,740,258-1도,-,001,127.1251886385488,37.54364399263845
5227,제일정형외과앞,0,500,773-8대,-,001,126.86191109142105,37.532186762236066
5229,금천로(경보),0,540,266-3145도,-,001,126.92190226376982,37.449350563320266
5230,허준박물관(연등)1,0,500,439천,-,002,126.84971957436225,37.568284896218756
5231,현대홈타운105동앞,0,740,377-3도,-,002,127.13797093854316,37.55710625201415
5232,청운아파트(경보),0,110,산4-35임,-,001,126.965142077687,37.59069620859103
5233,서초중입구(연등),1102,650,1529 대,-,001,127.0079346777009,37.48341446944462
5234,금호어울림아파트,0,470,868도,-,001,126.86757191675484,37.53289640108398
5235,현대블루핸즈앞,102,560,45대,-,001,126.89036256024305,37.52353199904808
5236,남태령정상,0,620,산184임,-,002,126.9886126532087,37.45807259046668
5238,정릉램프,0,230,696-11도,-,001,127.03576414438194,37.57260455328537
5239,환경연구원,0,-,213-4도,-,002,127.03453948970244,37.46410245994953
5240,기아대교(광명),0,540,589-5 잡,-,001,126.89928519444592,37.4387041874026
5241,옥수빗물펌프장,0,200,168-1철,-,001,127.01942487181994,37.54145418275774
4365,상곡초교,0,350,689-1도,-,002,127.06164859430532,37.66299164079132
4367,청원고교(연등),4364,350,637대,-,001,127.06198621542192,37.66519565053641
4368,상계보람아파트201동,4369,350,638학,-,001,127.0647866322329,37.66462159207342
4369,온곡초교입구,0,350,463대,-,001,127.06615612199845,37.66446612355299
4370,온곡초교입구(연등),4369,350,463-3도,-,001,127.0671392097442,37.66420053105503
4371,상신교회,4094,350,143-40대,-,001,127.07061055393355,37.661562608379846
4372,상계보람110동,0,350,456-23도,-,002,127.06570145640084,37.66147589896988
4373,홍익중고입구(연등),3552,290,136-2도,-,001,127.00244570516676,37.59249446527795
4374,상계보람204동,0,350,456-23도,-,002,127.06642366658558,37.665748352057975
4376,온곡초교(연등)2,4377,350,산145-10임,-,002,127.06663283882766,37.66709346071694
4377,온곡초교,0,350,산145-10임,-,002,127.0667226637537,37.66783958467506
4378,상경중학교,3643,350,660도,-,002,127.05351287740369,37.66729855510581
4379,상계1214동,0,350,634도,-,002,127.0585751104823,37.66755878941367
4380,상원초교후문,4383,350,산102-9임,-,002,127.05999359654906,37.66841324002517
4381,청원학당,0,350,산119임,-,002,127.06196587350216,37.66705175176448
4382,청원학당(연등)1,4381,350,산120임,-,002,127.06375844311795,37.666799478799
4383,상원초교,0,350,산102-9임,-,002,127.06054190615772,37.66884919009008
4384,상원중(연등)1,0,350,1011-20대,-,002,127.0576459187684,37.6709976686948
4386,수락터미널,0,350,1255대,-,001,127.05361186934395,37.67853718177928
4387,우성아파트102동,0,320,734-5 도,-,001,127.02472502493903,37.65756035491096
4388,유화유치원,4361,320,484-1도,-,001,127.02770645660918,37.66022091324126
4389,정의공주묘,0,320,산62임,-,001,127.02341491818754,37.661743575532874
4390,방학신동아아파트,0,320,432대,-,001,127.02757037599044,37.66177442315674
4391,방학한화아파트,0,320,318-2대,-,001,127.0314701483575,37.662139996234885
4392,방학성원아파트(연등)1,3670,320,632-6 대,-,001,127.03305165000448,37.662342781659
4393,방학성원아파트(연등)2,3670,320,695-4 대,-,002,127.03483113282822,37.66148882679485
4394,쌍문청구아파트(연등),4149,320,693-46 대,-,002,127.03491964354704,37.660520919557584
4395,신한은행방학,0,320,700-51 대,-,001,127.03737277511502,37.66286297719904
4396,동부센트레빌아파트앞,3058,320,726-145 도,-,001,127.04088913449239,37.662823477719606
4397,방학생명교회,4398,320,634-28 대,-,002,127.0349723337566,37.66401800086375
4398,방학축협,0,320,726-83 도,-,002,127.03604215543794,37.664889788000465
4399,창4동현대아파트,0,320,167-4도,-,001,127.04750620292218,37.6612585771083
4400,월천초교(연등),4321,320,36 도,-,002,127.05243510032258,37.648578428536226
4402,거성학마을(연등)1,4346,320,726-59 도,-,002,127.03837119444383,37.66649676593899
4403,청원학당(연등)2,4380,350,산110-1임,-,002,127.06067908173435,37.66785088842713
4404,창동삼성아파트입구,0,320,370 도,-,001,127.04782577796928,37.64853699256442
4405,누원초교(경보),0,320,23-18도,-,002,127.04953265274612,37.68571116551759
4406,상경초교(경보),0,350,660도,-,002,127.05099951985089,37.67104913235127
4407,동묘앞역(연등)2,0,110,163도,-,001,127.01878458701245,37.573932254919725
4408,두물다리,0,230,237-36대,-,002,127.0333001164013,37.57103688576224
4410,상경초교(연등),0,350,660도,-,002,127.05424967381846,37.670698973626685
4412,상계주공15단지(경보),0,350,660도,-,002,127.05451234302154,37.667226896290764
4413,노원천주교(경보),0,350,699도,-,001,127.05294606098215,37.66439756592112
4414,동일초교(연등)2,0,350,651-1대,-,001,127.05616697100005,37.66433188773848
4415,상계주유소(연등)1,4334,350,173-6천,-,002,127.07165090004224,37.65801139380332
4416,신상중(경보),0,350,748도,-,002,127.06278450840146,37.65177448826771
4417,창동운동장(연등)2,0,320,722-8 학,-,002,127.04904351739502,37.6605337258182
4418,녹천역(경보),0,320,42-1 도,-,002,127.05198979726022,37.643940582857674
4420,김수영문학관,0,320,산61-1임,-,002,127.02422628215442,37.66018949015196
4421,신학초교(경보),0,320,462-4도,-,002,127.02466601103305,37.660348074183
4422,원약국,0,320,산11-4임,-,002,127.03429556153746,37.66654510879038
4423,도깨비시장(경보),0,320,727-6 구,-,002,127.03551976109719,37.66537757696623
4424,금성관광(경보),0,320,660-2도,-,002,127.03825876118528,37.648456952267146
4425,중의하이트빌라(경보),0,320,660-2도,-,002,127.03870637225614,37.64772523616569
4426,금호빌라,0,320,316 대,-,001,127.0419315200062,37.649512368667985
4427,한영프라자,0,320,731-14대,-,001,127.04072972502875,37.65492877958343
4428,창동초교(경보),0,320,270-6도,-,002,127.04380647791358,37.65492837974693
4429,자운초교(경보),0,320,808-2 도,-,002,127.04846388612297,37.658909246409245
4431,상계두산주공1단지(경보),0,350,1110-7도,-,002,127.05359581122792,37.67825532202742
4434,상계역입구(경보),0,350,173-1대,-,001,127.07234683600421,37.65974106502788
4435,중계주유소(경보),0,350,739-4도,-,001,127.05890189433812,37.655327099406364
4437,노원구청뒤3R(경보),0,350,739-4도,-,001,127.05708728609177,37.654920877172046
4438,정의여중R(경보),0,320,662-5도,-,001,127.03661325398572,37.651115034507036
4439,창도초교3R,0,320,907-6천,-,002,127.04863248085931,37.66422269712838
4440,대상타운현대201동(경보),0,320,720-1 대,-,002,127.0476552755314,37.66605825851336
4442,창도초교(경보),0,320,726-120 도,-,002,127.04868274724933,37.66330629924096
4444,대림3동현대3차아파트(경보),0,560,616-2제,-,002,126.89418879452718,37.50582369309876
4448,구로삼각공원,0,530,50-7 도,-,002,126.89152132208525,37.50159180847725
4449,세곡동사거리(연등)1,600,680,136-2도,-,001,127.11014235829848,37.46486501045491
4450,구로3동새마을금고(연등)1,0,530,314-1대,-,002,126.88868174815254,37.487642118046516
4451,벚꽃로1(경보),0,530,467-62도,-,002,126.87999240551592,37.49517629617482
4452,서울전동차사무소(경보),0,530,701-156도,-,002,126.87787044729178,37.48748454339297
4453,칠성3차아파트(경보),0,530,701-1도,-,002,126.87661030555707,37.48906857673419
4454,구일우성아파트앞,0,530,685-70대,-,002,126.87592203772743,37.48982746376666
4455,구일중학교,0,530,644-15철,-,002,126.87356740838554,37.49545333648
4456,동아3차아파트,0,530,298-48대,-,002,126.88271835664949,37.50970549880022
4457,신도림초등학교,0,530,271-84천,-,002,126.88258743062275,37.511948659775705
4458,신도림빗물펌프장(경보),0,530,271-8구,-,002,126.87985071941553,37.51282057924504
4459,국민일보사(경보),0,440,371-15도,-,002,126.93427743526807,37.54599860848215
4461,오금교(경보),0,530,285-38천,-,001,126.87502996374077,37.507471334711425
4462,중앙유통단지(경보),0,530,620-40천,-,002,126.87672425544075,37.50189573203083
4463,SK텔레콤(경보),0,530,614-168도,-,001,126.87257659714568,37.50047898213663
4464,일이삼전자타운(경보),0,530,74-3도,-,002,126.86299325820684,37.49769572655755
4465,고척초교입구,0,530,100-5대,-,002,126.85679847483547,37.498708148961505
4466,고척대우아파트(경보),0,530,297대,-,002,126.85602115828655,37.50222204315298
4467,대우아파트109동(경보),0,530,307 도,-,002,126.85641338609108,37.50360685985273
4468,고척2동부동산가이드(경보),0,530,224도,-,002,126.85436055183371,37.507294048592335
4469,오류중(경보),0,530,482-1 도,-,002,126.8449675110071,37.50727039587974
4470,개봉시장(경보),0,530,253-16도,-,002,126.85034891730957,37.502262636552565
4471,천일사(경보),0,530,132-29도,-,002,126.85120809717708,37.500447609941624
4473,개봉고가남측하단(경보),0,530,161-38대,-,001,126.85614593528648,37.49363374869092
4474,개봉역앞,0,530,170-33대,-,001,126.85812826397171,37.49381652445843
4476,삼호아파트앞,0,530,161-10대,-,001,126.8561680191568,37.4938631379568
4477,개봉30번종점(경보),0,530,371-10도,-,002,126.8569867056521,37.48814862118397
4478,개웅교(경보),0,530,375-26도,-,002,126.85391616117228,37.483768115783306
4479,망우3동주민센터,0,260,534-13도,-,001,127.09806965461391,37.59175428878304
4481,개봉3동사무소(경보),0,530,375-5도,-,002,126.85419079453966,37.48627036286113
4482,광덕교차로,0,530,223-10철,-,001,126.83601473526922,37.48867232680208
4484,수궁동성당,0,530,288-2 도,-,001,126.83043006105588,37.4951899071511
4485,궁동주유소,0,530,112-3 대,-,001,126.82918892311426,37.4977249836118
4486,오류고등학교,0,530,산7임,-,001,126.82909621337286,37.49884688112679
4487,원명초교앞(경보),0,650,1685 대,-,002,127.01600494452717,37.50047184600712
4488,양화교밑,0,470,153-1수,-,001,126.88054140817549,37.547037179370854
4489,봉천고개(경보),0,590,504-13 대,-,001,126.95625189823605,37.491581471677065
4490,구암초교,0,620,-,-,001,126.9462642388416,37.488575004588235
4491,봉천삼성아파트입구(경보),0,620,1712-6 공,-,002,126.95230289606677,37.48817600433511
4493,관악봉성교회(연등)1,0,620,1706-3 도,-,002,126.95813068898487,37.48642189061823
4494,낙성대역앞,0,620,1693-39도,-,001,126.96313746113493,37.477231824106916
4496,인헌아파트입구(경보),0,620,산4-1임,-,002,126.96121189161924,37.46813543073065
4497,낙성현대아파트,0,620,1628-5대,-,001,126.95910643894759,37.474758963014715
4498,은천아파트입구(경보),0,620,180-562도,-,002,126.96531704450128,37.469332324268834
4499,문성터널(경보),0,620,433-78전,-,001,126.92503195838925,37.478965971438555
4500,승리교(경보),0,620,1642-10천,-,002,126.92981517487522,37.48051879072071
4501,서울대매점앞,0,620,803-3구,-,001,126.94807988322157,37.46715234373958
4502,쓰레기집하장(경보),0,620,23-1잡,-,001,126.92011059457411,37.489966901749554
4503,삼성산정산(경보),0,620,산97-14임,-,001,126.92338606944543,37.4610057715137
4504,연건119안전센터,-,110,-,-,001,127.00217423930972,37.57951527613733
4505,한강현대아파트(경보),0,590,260천,-,001,126.96812224298574,37.506518670335254
4506,중앙대병원서측,0,590,143-21대,-,001,126.96095375505983,37.50774122032029
4507,중앙대중문앞,0,590,186-135대,-,002,126.95707576383687,37.50650485708607
4508,재향군인회(연등),0,110,-,-,001,126.99751671145376,37.574239363614126
4509,한국생명과학연구소,0,110,-,-,002,126.99737036759558,37.58930005880321
4510,혜화역(연등)1,3680,110,-,-,001,127.00161660908313,37.58385152244957
4511,혜화역(연등)2,3680,110,-,-,001,127.00198605230466,37.58187249863025
4512,서울대병원앞,4504,110,1-38대,-,001,127.00211094360296,37.58072899436717
4513,서울사대부속초교,0,110,169-1 학,-,001,127.00243589418427,37.57683668544021
4515,청계9가(연등)2,536,230,237-10도,-,001,127.03044580287853,37.571212881056276
4516,신동아아파트입구,657,230,105-27대,-,001,127.03242756461908,37.573982774062394
4517,동진교,0,230,236-17대,-,001,127.0287564134677,37.57391840888672
4518,신설동역(연등),52,230,92-34도,-,001,127.0242356972188,37.57510763648729
4519,청계8가(연등)2,471,230,101-6대,-,001,127.02334967948983,37.57275407294833
4520,지봉로8길입구(연등)2,4521,110,56-58대,-,001,127.01568793491222,37.57427722984148
4521,창신초교,0,110,32-2구,-,001,127.01553639750452,37.57634508653134
4522,창신3동주민센터,4522,110,2-1 대,-,001,127.0153633490356,37.578087352704074
4523,쌍용아파트,0,290,산3-12임,-,002,127.01227894989847,37.58152326121208
4524,종로6가,0,110,-,-,001,127.00648657021833,37.57111231145086
4525,동진빌딩,0,230,764-14도,-,001,127.02552155077115,37.576367887927
4526,안암교,0,230,194-4 대,-,001,127.02805786021968,37.577080304172036
4527,용두동사거리(연등),362,230,150-32도,-,001,127.03029933881187,37.57870465804458
4528,필현빌딩,569,110,76 대,-,001,127.01579298738783,37.571169170905144
4529,한화생명신설동사옥,4108,230,92-34도,-,001,127.02561773992949,37.574485624477994
4530,서울시동부병원,657,230,237-10도,-,001,127.03060913247329,37.57551207856658
4531,성균관대입구,0,110,-,-,001,126.99878675011611,37.58304041806613
4532,신서초교(연등),3953,470,1094도,-,002,126.86408204985337,37.522385987475786
4533,목동힐스테이트,-,470,1093도,-,002,126.85827193985506,37.5217301963296
4534,신월보람아파트,0,470,824도,-,001,126.834849966509,37.529826648489575
4535,곰달래사거리,0,500,662-17도,-,001,126.83832096981241,37.530055337981764
4536,신강초교,0,470,949-9구,-,002,126.84106211945557,37.52550701479877
4537,서룡빌라,3974,470,849도,-,001,126.8400325774314,37.52152231762617
4538,강서초교,3974,470,871도,-,001,126.84306968300157,37.5222538931305
4539,양강중(연등)3,180,470,887도,-,001,126.84884258302597,37.523588267998036
4540,창천교회,872,410,30-18도,-,002,126.93694708002882,37.55897799484997
4545,다복마트,0,470,845-19 공,-,001,126.85604287146684,37.52740421917528
4546,팔래스힐,0,470,851-21대,-,002,126.85444205385147,37.527632209306375
4547,마포소방서(연등),924,440,68-12천,-,002,126.9328646314215,37.5491429665156
4548,신정배수펌프장(연등),3917,470,915유,-,001,126.87686597266583,37.525655845018235
4549,CBS앞(연등)3,3819,470,917-2도,-,002,126.87526971988225,37.52771796423292
4550,목동부영그린타운(연등)1,3826,470,911-9도,-,001,126.88297175770334,37.53652348403536
4551,목동1034동앞,3801,470,1130도,-,001,126.8540760555319,37.51754986897363
4552,양천구자원봉사센터,3801,470,1108도,-,001,126.85339777715139,37.519095794634495
4553,양강중(연등)2,180,470,888도,-,001,126.85032536949232,37.525151709467636
4554,목동4단지,0,470,903-1학,-,002,126.87116101346398,37.53271644058021
4555,목동4단지(연등),4554,470,903대,-,002,126.8731460654553,37.53297534736998
4556,국민은행암사,2279,740,541도,-,001,127.12801479155466,37.55142711472585
4557,월촌초등학교앞(연등)2,3842,470,902-3도,-,001,126.8736650250107,37.53840204264091
4558,월촌초등학교앞(연등)1,3842,470,901-3도,-,001,126.8759333805082,37.54090177056614
4560,양정중,3824,470,911-10제,-,001,126.88786409070092,37.535782710051954
4561,양정고(연등),3874,470,911-10제,-,001,126.88765360276005,37.53340099547455
4562,갈산초교삼거리(연등),584,470,329대,-,001,126.87068798805078,37.512136021290175
4563,양천구청역(연등)2,3460,470,328대,-,002,126.8667653143374,37.51299764186464
4564,궁동터널입구,0,470,1315 차,-,001,126.8382112647263,37.50707529671647
4565,목동509동,0,470,-,-,002,126.88387387912282,37.53344067984058
4567,목동812동(연등),3804,470,317도,-,001,126.86860248102525,37.52075404103425
4568,세신교회,3811,470,327-4도,-,001,126.86359836432888,37.5154862144746
4569,신정3동우체국,0,470,1266도,-,001,126.85354174152349,37.51286367374086
4570,강서교육지원청입구(연등),3933,470,258도,-,001,126.83250152493332,37.53957291214162
4571,광영여고(연등),2872,470,258도,-,001,126.82207383877368,37.53919956766165
4572,목동5단지상가,0,470,913-4도,-,002,126.88059870656492,37.533308598172546
4573,양강중(연등)1,180,470,1090도,-,001,126.85175545546275,37.524264451288275
4575,해동카도크,0,200,277-72도,-,001,127.05902335895212,37.54367276490737
4576,수락현대아파트,0,350,1121-4천,-,002,127.05800122821228,37.67488641047523
4578,난곡GS칼텍스,0,620,598-3대,-,001,126.91887114084115,37.47297666156423
4579,관악우림시장(연등),0,620,619-9대,-,001,126.9199264165602,37.47062125094531
4580,건영유치원,0,620,495도,-,002,126.9153164031383,37.485097535652955
4581,힐스테이트뉴포레,0,620,686-38대,-,001,126.90539503571351,37.48343962791041
4582,힐스테이트뉴포레103동,0,620,719 대,-,001,126.90546214828454,37.48443630041296
4583,구로이마트후문(경보),0,530,188-4도,-,002,126.89857267218163,37.48460342946147
4584,에이스하이엔드,0,530,843전,-,001,126.89244364889454,37.481439886492396
4585,구로한일카센터,0,530,133-72도,-,001,126.89130567406583,37.48052990602342
4586,가리봉사거리,0,530,124-40대,-,001,126.88669624596979,37.48179607123629
4587,가산동교차로(경보),0,540,390-34 대,-,001,126.88097065820291,37.485669893428735
4588,벽산디지털밸리,0,540,60-35도,-,002,126.88531505548302,37.476099588128164
4589,독산진도2차아파트,0,540,1133대,-,002,126.89182342151759,37.47038652820984
4590,빅마켓금천점,0,540,148-22대,-,001,126.89489428331379,37.47008776031879
4591,독산진도2차아파트(연등),4589,540,295-22도,-,002,126.89382588098005,37.47028787461964
4592,두산초교(경보),0,540,1081-9도,-,001,126.89180812505658,37.46654793819404
4593,현대아파트입구(경보),0,540,1006-126대,-,002,126.8921973048262,37.46261100897001
4595,가산동주민센터(연등)1,1400,540,142-45도,-,001,126.89211935041331,37.47683859631298
4596,가산초교(경보),0,540,148-34도,-,002,126.89624413597886,37.47709255466391
4597,흥일초교(경보),0,540,792-1대,-,002,126.9070578556071,37.4626098882237
4598,문교초교(경보),0,540,산202-1학,-,002,126.90810637274636,37.46656474444838
4599,금천스포츠(경보),0,540,산138-6도,-,002,126.90671443895184,37.46388784103979
4600,여성발전센타(경보),0,540,산139-2임,-,002,126.9055102759575,37.462681551250505
4601,백산초교(경보),0,540,1001-2도,-,002,126.90438608999813,37.44714379245886
4602,동일여고(연등),0,540,230-104도,-,001,126.91602261711108,37.450099779422324
4603,토끼굴입구(경보),0,540,1010-16공,-,001,126.92104553616575,37.450459482837445
4604,수경약국(경보),0,650,963-26 도,-,002,126.9912160972465,37.48395259340948
4605,방배초교(경보),0,650,868-23도,-,002,126.98783405514929,37.486679142841645
4606,방배제일은행(경보),0,650,758-3도,-,001,126.98903668066514,37.495075071131865
4607,방배4동성당,0,650,612-33대,-,002,126.99345992048433,37.49373047428824
4608,서울카쎈타(경보),0,650,389-1천,-,002,126.98644038614766,37.48923415736377
4609,방일초교(경보),0,650,167-4학,-,002,126.99802917964855,37.48593992752208
4610,이수초교(경보),0,650,468-6학,-,002,126.98527988618152,37.47876517971967
4611,서문여고(경보),0,650,1514학,-,002,126.98495461114511,37.48752359621006
4612,방배경찰서(경보),0,650,493-2천,-,002,126.98255385274061,37.48049113794065
4613,세우촌공원(경보),0,650,산73-144 임,-,002,126.98757664279275,37.47943954172288
4614,서래초교앞(연등),1038,650,758-3도,-,001,126.98830875283255,37.49617713491193
4615,사당5동주민센터,0,590,산32-55임,-,002,126.96763752285979,37.485023293136486
4616,신남성초교(경보),0,590,708-535 도,-,002,126.96466038276318,37.48783964819996
4617,사당대림아파트후문(경보),0,590,105대,-,002,126.97242882745476,37.48859467367004
4618,내외약국(경보),0,590,708-624도,-,002,126.97632788614484,37.48505179060207
4619,남사초교(경보),0,590,1011-1학,-,002,126.97950690834335,37.48180222127125
4620,연세사랑병원앞,0,650,528-58대,-,001,126.98598064450549,37.475858496378564
4621,새영교회앞(경보),0,590,419-158도,-,001,126.97520584437771,37.47644463808347
4624,대성빌라(경보),0,590,708-743도,-,002,126.96678288893281,37.48261614338288
4625,삼호그린아파트(경보),0,590,산32-8 임,-,002,126.96552747958944,37.48661358051599
4626,천동초교정문앞,2305,740,55-27도,-,002,127.13809820173,37.5411550528068
4627,삼일초교(연등),0,590,105대,-,002,126.97499592965862,37.48748817544766
4628,보훈병원,0,740,88-2도,-,002,127.1432984082668,37.52916088996819
4629,달마사공원,0,590,79-306 임,-,002,126.95992914085141,37.49917047095795
4630,상도6구역(경보),0,590,산49-153임,-,002,126.95928946807756,37.4981349564084
4631,흑석동부센트레빌2차,0,590,79-256도,-,002,126.96025833608155,37.50188342663685
4632,상현중(경보),0,590,산51-10임,-,002,126.96028297783961,37.49388297118734
4633,수산시장길(경보),0,590,13-8대,-,001,126.94318639530017,37.51615143447898
4634,신동아아파트길(경보),0,590,481-1 공,-,002,126.951167953467,37.5104785944794
4635,극락정사(경보),0,590,481-4도,-,002,126.95156771672467,37.50816936251789
4636,영본초교앞,0,590,442-6대,-,002,126.94913355558712,37.508569557092954
4637,신동아리버파크후문(경보),0,590,17-1도,-,002,126.94749204994994,37.50630838762046
4638,신동아리버파크(경보),0,590,326대,-,002,126.94213680274179,37.506666365095775
4639,노량진5거리(경보),0,590,223-24도,-,002,126.94471532496736,37.51059886250963
4640,한성교회입구(경보),0,590,157대,-,002,126.9454918565164,37.50396016585963
4641,상도현진빌라,0,590,210-17도,-,001,126.94324452232925,37.497499510052045
4642,국사봉중학교(경보),0,590,산65-196임,-,002,126.94365895274743,37.49332933775539
4644,대림한숲타운(경보),0,590,23-186대,-,002,126.92911588199247,37.511272213070036
4645,신길초교,0,590,511 대,-,002,126.92661977186305,37.510985126777335
4646,캠프그레이(경보),0,590,466-2도,-,002,126.92641646584644,37.511954509853005
4647,영화초교(경보),0,590,14-41잡,-,002,126.93225729137882,37.50845080601366
4648,공군복지단(경보),0,590,68-10구,-,002,126.93029341671934,37.50787392916763
4649,제비공원(경보),0,590,350-2대,-,002,126.92626516671771,37.506358643218256
4650,대방골4R(경보),0,590,466-56도,-,002,126.9242939083458,37.50555458752148
4651,성남중고교(경보),0,590,466-10대,-,002,126.92527683196832,37.50459782511522
4652,성남고후문(경보),0,590,466-10대,-,002,126.92655010845077,37.50279434584937
4653,우석학원(경보),0,590,466-10대,-,002,126.92542839257365,37.50281842280559
4654,대방교회앞(경보),0,590,466-43도,-,002,126.92269737225115,37.50407900424902
4655,서울공고뒤(경보),0,590,466-10대,-,002,126.92416478890681,37.5028444793872
4656,범한택시(경보),0,590,466-10대,-,002,126.92408439804045,37.50034788396065
4657,대림초교(경보),0,590,466-10대,-,002,126.92530952770144,37.500310468263045
4658,문창중(경보),0,590,산118-104임,-,002,126.92095707781213,37.497661546075584
4659,동작우체국(경보),0,590,349-35도,-,002,126.9241694528139,37.49780943488442
4660,신대방2노인정(경보),0,590,378-10도,-,002,126.92215519993238,37.49777347370752
4661,덕우약국(경보),0,590,408-2천,-,002,126.92403464712885,37.49841749334785
4662,보라매자이103동앞,0,590,391-43대,-,002,126.92533996949666,37.4988732043235
4663,보라매병원앞,0,590,395-61도,-,002,126.92490712775633,37.49270674072148
4664,보라매후문(경보),0,590,395-61도,-,002,126.92302435012586,37.491871078434706
4667,잠수고가(경보),0,650,113도,-,001,127.0010830609699,37.505604926502166
4668,반포쇼핑4동(경보),0,650,70대,-,002,127.00384693921202,37.507235119409295
4669,반포르엘201동(연등),0,650,112도,-,001,127.0026918613481,37.50958242985872
4670,반원초교,0,650,71-23도,-,002,127.00463492447085,37.50936712846186
4671,신반포아파트(경보),0,650,64-8대,-,001,127.00644596725495,37.51213646309351
4672,하나유치원(경보),0,650,85도,-,002,127.00999895542473,37.51516928750062
4673,매일상가(연등),1067,650,54-6학,-,002,127.01258625761629,37.513461804404976
4674,신반포13차아파트,0,650,83도,-,002,127.01439239733624,37.51694772347124
4675,뉴타운상가삼거리,0,650,104 도,-,001,127.01134185007331,37.50892378207886
4676,고속도로지하통로(경보),0,650,749-6 도,-,002,127.01703343329308,37.50793308193399
4677,서리풀터널앞,1099,650,1730-1대,-,001,127.00437291295664,37.490798776867244
4678,청구빌라(경보),0,650,1498-6대,-,002,127.00440338792403,37.487764947665404
4679,롯데빌리지나동(경보),0,650,1494-16대,-,002,127.00361232226484,37.48492408790933
4680,서원초교(연등),0,650,20-43 대,-,002,127.01600989022572,37.50155941107187
4681,원명초교(경보),0,650,1685-1학,-,002,127.01675168024921,37.49970308749629
4682,반포센트럴푸르지오써밋(연등),0,650,28-4도,-,002,127.0168492402456,37.50117581900242
4683,반포센트럴푸르지오써밋,0,650,749-44 도,-,002,127.01782341452795,37.50077226935221
4684,서초래미안,0,650,131-3 천,-,002,127.01926402492843,37.50024564328642
4685,삼성아파트입구(경보),0,650,1748-1도,-,001,127.02070331930595,37.49739760452354
4686,유원아파트입구(경보),0,650,1687대,-,002,127.01834184642024,37.49551915713956
4687,금호아파트입구(경보),0,650,1738-7도,-,002,127.01736069534874,37.49522258204878
4688,서초초교(경보),0,650,1307-6대,-,002,127.02518115827955,37.498971098893264
4689,서초삼성스위트아파트,0,650,1317-28대,-,002,127.02500821296755,37.49528079560895
4690,서일초교(경보),0,650,1436-8학,-,002,127.0221193467431,37.48441703430821
4691,대동공업사(경보),0,650,1422-1대,-,002,127.02256522477055,37.48368701943764
4692,우암초교(연등)2,0,650,산3-1 임,-,002,127.02627464867267,37.47103582928662
4693,우면치안센터(연등),1177,650,산70-4임,-,002,127.02801587109022,37.47218893524027
4694,한국통신개발원(경보),0,650,23-1도,-,002,127.03010940547328,37.47247758525895
4695,우면교(경보),0,650,624공,-,002,127.0299709677637,37.473414796982404
4696,한국통신정문(경보),0,650,17대,-,002,127.03047283779095,37.47076451190566
4697,구청야적장(경보),0,650,105-17도,-,002,127.03241391100848,37.47266463808602
4698,광일카센타(경보),0,650,99-5천,-,002,127.03982673555369,37.47597163184729
4699,KEC앞삼거리,0,650,261-22 공,-,002,127.04287002778597,37.477075540717806
4700,언남고교(경보),0,650,309학,-,002,127.04348076837108,37.47383381693415
4701,서초우체국,0,650,310-3도,-,002,127.041435591579,37.469630679700465
4703,양재근린공원,0,650,307-8대,-,002,127.04315146006057,37.47080731848354
4704,명성카센타(경보),0,650,310-2도,-,002,127.04674437211492,37.4723738242472
4705,원터마을입구(경보),0,650,393-2도,-,002,127.05846001386571,37.44348217460089
4706,관현사입구,0,650,산35임,-,002,127.06342419365009,37.43729812136228
4707,헌인주차장(경보),0,650,산13-293임,-,002,127.08207198148895,37.46380504587203
4708,성한산장(경보),0,650,1-3079 임,-,002,127.08198149713375,37.46166589527446
4709,헌릉IC,0,650,산12-411 천,-,001,127.085354023657,37.46184951190907
4710,세곡동진출램프(경보),0,650,1-15답,-,002,127.08175658644892,37.46016853349625
4712,제니스병원,2407,210,77-61대,-,001,127.08695916380718,37.54657070079357
4713,한보미도111동(경보),0,680,513-3 천,-,002,127.06837501102915,37.49168676294742
4714,한보미도105동(경보),0,680,513-1 도,-,001,127.06477734450847,37.49150810724533
4715,도곡1동사무소(경보),0,680,876-15대,-,002,127.0400236230288,37.489281876724405
4716,역삼우성아파트(경보),0,680,902-92도,-,002,127.03749531670107,37.48855312399179
4717,언주초교,0,680,962 대,-,002,127.03794598883738,37.48648077758192
4718,영동세브란스(경보),0,680,산6-13임,-,001,127.04761955273597,37.49234882397267
4719,신사중(경보),0,680,408 대,-,002,127.0204478722383,37.524224042935224
4720,강남경찰서(경보),0,680,1012-10 도,-,002,127.0667594471644,37.50895312357128
4721,현대테니스(경보),0,680,78-25천,-,001,127.06729311688322,37.505933599815364
4722,범안빌딩(경보),0,680,223-1 대,-,001,127.03338797513551,37.5084437353929
4723,논현동브라운스톤,0,680,42 대,-,002,127.04205196698946,37.515179399902024
4724,대치초교,0,680,507-1 대,-,002,127.06151217825064,37.49063781462661
4725,개포1차우성(경보),0,680,504-4 천,-,002,127.06177001795659,37.490185331676614
4726,우성캐릭터199(경보),0,680,467-27 대,-,002,127.05277925468388,37.486335190186644
4727,도성초교사거리(연등)1,184,680,894 대,-,001,127.05383340499138,37.50152554522074
4728,강남수도사업소,0,680,466-1 도,-,002,127.04760297771492,37.48327136858226
4729,대치중(경보),0,680,421-1 도,-,002,127.04712692771179,37.48393482949347
4730,청담공원(경보),0,680,111-4 도,-,001,127.06174413906197,37.52139523747143
4731,올림픽대교건영A(경보),0,680,825천,-,002,127.05323250241901,37.52749855496655
4732,청담대교서측(경보),0,680,97-1 대,-,001,127.06510256721626,37.51829608993551
4733,강남병원(경보),0,680,172-25 도,-,001,127.0669924472858,37.51256914577038
4734,한양타운(연등),0,680,668-5 도,-,002,127.03995814174922,37.52576274023418
4735,파천교주차장(경보),0,560,19-1천,-,001,126.9141490148882,37.525527912800385
4736,광장아파트(경보),0,560,2-11도,-,001,126.91915106477097,37.5201267289494
4737,여의도치안센터(연등)2,0,560,7제,-,001,126.93304946407564,37.517258538529504
4738,여의도성모병원후문(경보),0,560,62 대,-,001,126.93731327061472,37.51783087406242
4739,재동초교사거리,0,110,62 도,-,002,126.98509506106447,37.5791488699401
4740,윤중초교(경보),0,560,37대,-,002,126.9238596825632,37.5195275163204
4741,전경련회관(경보),0,560,27-3대,-,002,126.92134609295934,37.52214901246276
4742,여의도HP빌딩,0,560,23-6대,-,001,126.92362692860839,37.52292516758173
4743,국회의사당(연등),0,560,1대,-,001,126.91805510677304,37.52793429194571
4744,렉싱턴호텔(경보),0,560,1-2도,-,002,126.92251488308698,37.530493731962125
4745,국회서문갈림길(경보),0,560,8-1도,-,001,126.91182778336272,37.533368259300815
4746,국회서문(경보),0,560,1대,-,001,126.91155196928182,37.53175107898906
4747,갑을아파트삼거리,0,710,214-4도,-,002,127.11276791677601,37.53557870950541
4748,씨티극동아파트(경보),0,710,120-5도,-,002,127.11715124161533,37.539377064916515
4749,풍성초교(경보),0,710,388-16대,-,002,127.11230753459397,37.52604781249632
4750,풍납한미은행(경보),0,710,265-7대,-,002,127.11460503240706,37.5299352166409
4751,풍성중3R(경보),0,710,434도,-,002,127.1111770526959,37.52478955411183
4752,잠실고앞,0,710,24도,-,002,127.10715665567706,37.52303735963728
4753,잠실나루역(연등),479,710,17-0 대,-,002,127.10551904399281,37.51758925492072
4754,-,2098,710,182-6대,-,001,127.11483227356669,37.49761346415844
4755,가락하모니마트,0,710,2-10도,-,002,127.12388617509048,37.50098795431113
4756,가락대림아파트(경보),0,710,62도,-,002,127.11817030570924,37.49885030995775
4757,가원중(경보),0,710,100-3도,-,002,127.12388578616803,37.49082506560781
4758,동산교회앞,0,710,2-10도,-,002,127.1231854278013,37.50007476824178
4759,하이마트(경보),0,710,170-6공,-,002,127.1330968045135,37.49405099758378
4760,경남레이크파크(연등)1,5303,710,65-7대,-,002,127.1070146540143,37.51109867524758
4761,송파2동삼성A(경보),0,710,162 대,-,002,127.12029198811037,37.50495916158195
4762,한양카센타(경보),0,710,168-1도,-,002,127.11613060009863,37.50342556550516
4763,세륜중고앞,0,710,7-1도,-,002,127.13048616384192,37.50837721542387
4764,오륜주유소(경보),0,710,-,-,002,127.14051907294667,37.50844355155434
4765,위례성길(경보),0,710,442-6답,-,001,127.1367452024997,37.50798628418325
4766,국제음악예술단(경보),0,710,51-3도,-,002,127.13419258044476,37.50199955422544
4767,오금목련공원(경보),0,710,156공,-,002,127.13833701804506,37.498940968049666
4768,메이필드호텔,0,500,427-1 대,-,001,126.816482050837,37.549146037267676
4769,진양빌라(경보),0,710,115-18도,-,002,127.13943162559914,37.50035646506139
4770,오금아남아파트(경보),0,710,75-4천,-,002,127.136886838747,37.502514632043585
4771,거여초교(경보),0,710,104-2 답,-,002,127.14032000483114,37.50433535740635
4772,보람파크빌리지,0,710,220-1도,-,001,127.12115486395938,37.51054668753995
4773,교통안전공단(경보),0,710,197대,-,002,127.12189396191845,37.51181203740331
4774,방산초교앞,0,710,162-6대,-,002,127.12024834959254,37.50915936935858
4775,방이코오롱103동(경보),0,710,218-41도,-,002,127.12289748057141,37.508759648617904
4776,문정래미안아파트,0,710,138대,-,001,127.12896210474129,37.49123276482124
4777,문정제일은행,0,710,26-6도,-,002,127.12491557828079,37.48626275280072
4778,문정건영A(경보),0,710,72-6도,-,001,127.12656172209982,37.481865565604046
4779,장지교회,0,710,81-7대,-,002,127.12683854675318,37.47971160358894
4780,한미자동차학원(경보),0,710,102-5대,-,002,127.1299668660613,37.48228246525846
4781,아이코리아,0,710,296-1답,-,002,127.1331758682442,37.48085467712452
4782,장지동주민센터앞,0,710,114-2도,-,002,127.1331507804921,37.48678449067681
4783,문정지하차도위(경보),0,710,18-4철,-,002,127.13095456662516,37.48785696005079
4784,영풍초교(경보),0,710,1-18천,-,002,127.142597815858,37.49658129136177
4785,송파상운종점,0,710,301-4대,-,002,127.1524823276804,37.49305073580643
4786,효동주유소,0,710,128-70도,-,001,127.14918398405577,37.4928418268858
4787,신명초교입구(연등)1,2231,740,81도,-,002,127.14740939998418,37.54201837595504
4788,거여우체국,0,710,593 대,-,002,127.14283734634809,37.48930994837163
4789,거여미주103동(경보),0,710,292-1도,-,002,127.14565580282617,37.491270398961326
4790,거원중(경보),0,710,291대,-,002,127.14568305373497,37.488115524653495
4791,571번종점(경보),0,710,330-7천,-,002,127.1574167361943,37.49101086846053
4792,송파소방서(경보),0,710,16-1도,-,002,127.14201691963424,37.499397169402634
4793,마천교(경보),0,710,9-3천,-,002,127.14619928061195,37.49999701826892
4794,신촌기차역,0,410,60-11도,-,001,126.94280910832158,37.558618039733474
4795,금옥초교(경보),0,200,1306-1대,-,001,127.01781831885425,37.54577305051562
4796,왕북초교(연등),0,680,50 대,-,002,127.08741332458042,37.485594907029146
4797,일원대청306동(경보),0,680,14-5 대,-,002,127.07831671870296,37.494743846103134
4798,대모초교(연등),0,680,746 대,-,002,127.0866318226905,37.48174380335356
4799,강남공고(경보),0,680,738 학,-,002,127.08427221934477,37.48138704070117
4800,푸른마을110동(경보),0,680,719 대,-,002,127.07969377788403,37.48356418517702
4801,상록수A103동(경보),0,680,734 대,-,002,127.08014979129197,37.48167728455939
4803,수서프라자(경보),0,680,713-3 도,-,002,127.10214185847477,37.488493160184554
4804,세종고(경보),0,680,711 학,-,002,127.10137330002124,37.49015526564749
4805,수서초교(경보),0,680,709 학,-,002,127.10093002951666,37.49124472028973
4806,수서중(경보),0,680,712-1 공,-,002,127.10370077104612,37.49085441965412
4807,수서전화국(경보),0,680,산10-1임,-,002,127.09837368204524,37.48834548584627
4808,대진전자공고(경보),0,680,733 학,-,002,127.09687734110635,37.490850488275505
4809,개포6단지앞삼거리,0,680,197-1 도,-,002,127.07076269731519,37.48720882662027
4810,구룡초교입구,0,680,659-1 도,-,001,127.05262050916738,37.48037308498078
4811,개포주공1단지57동(경보),0,680,660-11 도,-,002,127.05819005834194,37.47904702402863
4812,늘푸른공원,0,680,704-1 도,-,002,127.07722615467966,37.49058432215118
4813,일원초교후문,0,680,611-1 대,-,002,127.07536081109959,37.489625618476744
4814,개포현대1차아파트,0,680,647-1 도,-,002,127.05493125489097,37.481920912358184
4815,개포우성3차아파트(연등),0,680,647-1 도,-,002,127.05746948623404,37.48404810228978
4816,구룡터널북단(경보),0,680,산164-2도,-,001,127.06020511938787,37.47455109354806
4817,영동3교(경보),0,680,647-2 도,-,001,127.05200870292268,37.48433717121774
4818,잠실1단지136동,0,710,16제,-,002,127.08448293071864,37.51623733835518
4819,505동앞,0,710,27대,-,002,127.09156552607844,37.51456445186755
4821,국민은행개포남지점(연등),0,680,654 대,-,001,127.04909005007175,37.47897629622938
4822,포이한라아파트(경보),0,680,658-1 대,-,002,127.05567286960733,37.477071727418526
4823,강남동산교회,0,680,654 대,-,001,127.05070069508604,37.47933013955401
4824,삼전중앙교회(경보),0,710,306유,-,002,127.08008834444384,37.50350227944937
4825,삼전현대아파트앞,0,710,184-1제,-,002,127.08775773058495,37.50006578754664
4826,삼전우성4차107동(경보),0,710,316-18대,-,002,127.08343701794577,37.50161119424818
4827,석촌초교입구,0,710,319도,-,002,127.10503127309039,37.50036863137352
4828,석촌동한빛은행(경보),0,710,315도,-,002,127.10418173341692,37.50008120425514
4829,남현교회,0,710,311도,-,002,127.10052378543998,37.49894665911669
4830,엄마손백화점,0,710,88-9대,-,002,127.10825550114716,37.501379616756516
4831,석촌지하차도(경보),0,710,303-1도,-,002,127.09878009182395,37.50233427104618
4832,가락제3기동대(경보),0,710,491전,-,002,127.11400073985111,37.482921213605074
4833,광평교~3기동대(경보),0,710,616-1천,-,002,127.10967052504408,37.48837172938238
4834,가락쓰레기처리장(경보),0,710,624 대,-,002,127.12108479883027,37.47724235217565
4835,가락수산물시장(경보),0,710,282도,-,002,127.10625677244248,37.49268513705404
4836,탄천교(경보),0,710,479대,-,002,127.10476869558316,37.49355062598558
4837,수서진출램프(경보),0,680,1천,-,002,127.09553891103843,37.492463172400306
4838,양재6R~수서IC(경보),0,680,4-1전,-,002,127.09077542114254,37.491436241189014
4839,장지IC하향,0,710,606-2 도,-,001,127.12452681926673,37.469628414253386
4840,올림픽대로북2문(경보),0,710,3도,-,002,127.06994385014391,37.517919879143804
4841,연신초교(경보),0,380,73-8도,-,002,126.92799839180738,37.62587171098476
4842,예일초교(경보),0,380,19-37구,-,002,126.91494344168093,37.60950955828295
4843,불광중(경보),0,380,177-3도,-,002,126.93043113627738,37.62323988868161
4845,불광삼익아파트,0,380,16-24대,-,002,126.9320400637208,37.62029479344611
4846,역촌동성당(연등),6325,380,23-19대,-,001,126.91272520412721,37.605670322452106
4848,갈현동성당입구,0,380,424-23대,-,002,126.91652708742485,37.62093147555574
4849,갈현1동주민센터앞,0,380,7-6대,-,002,126.91699985678174,37.623495777273945
4855,신화콘크리트(경보),0,380,산61-5임,-,002,126.93550658604904,37.650328263283825
4856,동화판넬(경보),0,380,285-2도,-,002,126.93378926096612,37.650212879909844
4859,교육복지통합센터,0,200,223-7제,-,002,127.05744015395926,37.56203709323754
4860,성수우방아파트앞,0,200,2-20전,-,002,127.05118118503759,37.54839154866585
4861,광남유치원(연등),0,210,453-7도,-,002,127.1017562183616,37.54212124202489
4862,광장동청구A(경보),0,210,164수,-,002,127.0955528520265,37.5433467634944
4864,신안교통(경보),0,200,656-853도,-,001,127.04535708338508,37.54802515367244
4865,대왕금속(경보),0,200,72-1대,-,002,127.04876944230364,37.542082214649774
4867,현대쇼핑센터,0,200,173-2도,-,002,127.04727612393012,37.53899603443444
4868,성수대우아파트,0,200,13-14대,-,002,127.0509322126158,37.54773563380849
4869,대림창고(경보),0,200,276-5도,-,002,127.05624655278493,37.54216701481028
4870,중랑하수처리장(경보),0,200,73-1113 잡,-,002,127.06403301535617,37.55283825375044
4871,뚝도시장(경보),0,200,816-4 도,-,002,127.05431326943457,37.53754485932995
4872,현대서비스앞,0,200,289-30도,-,002,127.05769728896107,37.54639927580505
4873,도성개발(경보),0,200,73-1113 잡,-,002,127.06299964659372,37.55178112427005
4874,세명약국(경보),0,210,6-21도,-,002,127.06691204719448,37.53881483986768
4875,광진두산위브파크,0,210,364-31대,-,001,127.07068432146365,37.54890623974431
4876,양지슈퍼(경보),0,210,64-2도,-,001,127.07511660839616,37.55435247023391
4877,군자동사무소(경보),0,210,64-2도,-,002,127.0763507444048,37.55500638137663
4878,영신약국(경보),0,210,498도,-,002,127.07823115068172,37.55683121094145
4879,대호슈퍼(경보),0,210,489도,-,001,127.07662879182307,37.557441000731295
4880,용인상사,0,210,277-11도,-,001,127.07840844210634,37.56067954433257
4881,동인상운(경보),0,210,264-2도,-,001,127.07904577489886,37.561869634027346
4882,경원탕(연등),2404,210,280-7 천,-,002,127.08449380651416,37.56113519765844
4883,현대하이츠빌라(경보),0,210,441도,-,002,127.0922215310324,37.555696773138855
4884,중곡119안전센터,0,210,288-30대,-,001,127.08638431146376,37.566965570512146
4885,청기와빌라(경보),0,210,6 공,-,002,127.0973868054455,37.553537325360246
4886,동의초교(연등),0,210,3-3임,-,002,127.09677620232998,37.55450576305661
4888,동의초교,0,210,3-3임,-,002,127.09776254321812,37.553892709803094
4889,구의수원지후문(경보),0,210,산81-16임,-,002,127.09808528907541,37.54637915636686
4890,구의수원지(경보),0,210,산81-2수,-,002,127.0978001110545,37.545457967485135
4891,명성여고(경보),0,210,238-1대,-,002,127.08610596504622,37.54284387888563
4892,운호빌딩(경보),0,210,245-24도,-,002,127.0892657000351,37.538834053726106
4893,성동초교(경보),0,210,694-1학,-,002,127.08891186308975,37.53239411125095
4894,광양중(경보),0,210,743도,-,002,127.08502169435477,37.53043404005539
4895,한양빌라,0,210,587-54대,-,002,127.09007294995638,37.533995998174376
4896,정립회관(경보),0,210,380-3수,-,002,127.09900531277276,37.549359911507125
3127,명지대앞,0,410,318-2도,-,002,126.92404423072826,37.579648194816755
3129,북가좌초교(경보),0,410,401대,-,002,126.90809138882494,37.57893923933598
3130,서부여객(경보),0,410,357-8도,-,002,126.90917077099016,37.58227912610496
3131,남가좌삼성아파트(경보),0,410,68-5도,-,001,126.9163856694516,37.57982031150238
3132,은평구청재활용센터(경보),0,380,293-52도,-,002,126.88500071383623,37.59144237807163
3133,서영공인중개사(경보),0,380,197-10도,-,002,126.90532977229986,37.58079027532545
3134,신사현대아파트(경보),0,380,206-9도,-,002,126.90764415831276,37.59336363906958
3135,초원교회(경보),0,380,41-3도,-,002,126.90974353888804,37.59717301411159
3136,기독신학교(연등)1,0,380,69-11대,-,002,126.91025050514185,37.60047167567908
3137,녹번동평화교회(경보),0,380,29-77도,-,002,126.93124940561628,37.60624274451917
3138,소년의집입구(연등),0,380,93-2도,-,002,126.9269733779496,37.60063856120104
3139,충암고교(연등)2,563,380,616-27대,-,002,126.92284037368839,37.586390004206784
3140,충암고교(경보),0,410,2-3학,-,002,126.9229956027297,37.5851464754397
3142,서울중랑우체국,557,260,160-7도,-,001,127.08382051864109,37.59589493883306
3143,상봉지하차도,0,260,160-4 도,-,001,127.08809632235071,37.59707873895774
3144,망우지구대,0,260,785대,-,001,127.09508232748072,37.59871538884141
3145,국민망우삼거리,0,260,534-6도,-,001,127.09734124313181,37.59919749589682
3146,태창빌딩,3147,260,226대,-,001,127.10611182038541,37.60062216643908
3147,동부제일병원,0,260,580 대,-,001,127.10826984510496,37.60047226962443
3148,망우검문소,0,260,산56임,-,001,127.11198991954979,37.60032958340215
3149,우리은행태릉역지점,0,260,678-1도,-,001,127.07635991703023,37.61554545868335
3150,대아빌딩,3149,260,167대,-,001,127.07677567187343,37.614228218455125
3151,묵2동(연등),3152,260,173-3대,-,001,127.07795421846662,37.609657963692115
3152,묵2동,0,260,177-30 대,-,001,127.07821383604882,37.60823477223431
3153,우리은행중화(연등),3154,260,189-7도,-,001,127.07858455834796,37.606319369542646
3154,우리은행중화,0,260,50-1도,-,001,127.07873089725264,37.6053721306017
3155,현대자동차면목,3156,260,146-49대,-,001,127.07981526543992,37.58481606813101
3156,중화역,0,260,50-3도,-,001,127.0794582223475,37.60159016956037
3157,태릉시장,0,260,50-5도,-,001,127.07990444344509,37.59956148773101
3158,면목4치안센터,434,260,727-62전,-,001,127.08003445564033,37.57415642817973
3159,신묵초교,0,260,195-9도,-,002,127.07679525274224,37.60655793330828
3160,금보당,3159,260,239-53대,-,002,127.0765244342909,37.60804507461504
3161,영진밧데리,0,260,50-3도,-,001,127.07774453061414,37.60157930851418
3162,중흥초교(연등),3163,260,110-12도,-,001,127.08117309997307,37.60163340281538
3163,중흥초교,0,260,90-22도,-,001,127.08363570041354,37.601879272492994
3164,봉화삼거리(연등)1,3165,260,493도,-,001,127.0878199899972,37.60320994632934
3165,봉화삼거리,0,260,산25임,-,001,127.0870986998557,37.60293326292176
3166,주택관리공단,3165,260,10-6도,-,001,127.08500058394888,37.602285988661464
3167,신현중교,0,260,493도,-,001,127.09087745555718,37.60463666957383
3168,신내LG아파트,-,260,493도,-,001,127.09022636051775,37.60416189585169
3169,신현중교(연등),3170,260,산 125 공,-,001,127.09149730125438,37.60506187269849
3170,중랑구청,0,260,493도,-,001,127.09273746648024,37.60583423460087
3171,중랑구청입구,3173,260,660대,-,001,127.09367558602794,37.60638181107585
3172,중랑구청입구(연등),3173,260,660대,-,001,127.0944330354277,37.60663361638335
3173,중랑구청사거리,0,260,667-1도,-,001,127.09525879982924,37.60688461681128
3174,신내동성아파트(연등)1,3176,260,산67-13임,-,001,127.09674526242901,37.607544227677344
7469,공덕오거리(연등)2,-,440,370-4 대,-,001,126.94975365862719,37.54448211301781
3176,신내동성아파트(연등)2,-,260,317 대,-,001,127.0988227144717,37.608046776513426
3177,능산사거리(연등),3179,260,317-5 공,-,001,127.1001645795551,37.608272815928366
3179,능산사거리,0,260,335-19전,-,001,127.10099411780092,37.6083890175216
3180,중랑초등학교,0,260,494대,-,002,127.07353088090458,37.58916339230782
3181,면목2치안센터,0,260,129-9대,-,001,127.0760631414262,37.590006288763924
3182,면목2치안센터(연등)2,3181,260,129-25도,-,001,127.07777139892642,37.590554917046
3183,대화이앤엘,3184,260,114-60대,-,001,127.08241291128418,37.59182588383738
3184,상봉2치안센터,0,260,160-18도,-,001,127.08395656671603,37.592176547381875
3185,송파2치안센터,0,710,168-1도,-,002,127.11707024179965,37.50230521266936
3186,혜원탕,0,260,282-3도,-,001,127.09032729157374,37.59353198078234
3187,체육대,0,710,89-28도,-,001,127.13185180474292,37.51753995021852
3188,올림픽공원동2문,0,710,89-28도,-,001,127.13066150285844,37.51579441797826
3189,혜원사거리,0,260,534-21도,-,001,127.09320358327096,37.5941637918822
3190,예수제자교회,0,260,534-22도,-,001,127.09536976693997,37.59462095903245
3191,북서울교회,3190,260,468-44대,-,001,127.0974255929026,37.5950970268458
3192,면목한신아파트,0,260,178-49대,-,001,127.07651765613657,37.58587919106191
3193,면목한신아파트(연등)2,3192,260,179-121도,-,001,127.07833817504107,37.58629347451492
3194,면목2공영주차장입구,0,260,137-22대,-,001,127.08192827403435,37.587107398869925
3195,면목사거리,0,260,1506-1천,-,001,127.08406999462142,37.58759099740048
3196,월드컵동문,0,440,446대,-,002,126.90024929035745,37.56945738231315
3197,한국동물메디컬센터,3198,260,282-5도,-,001,127.08615526826902,37.58803859715256
3198,면목역,0,260,221 학,-,001,127.08759301401841,37.588372177542226
3199,동원시장(연등)2,3200,260,1251-4대,-,001,127.08989634874355,37.58890812741988
3200,동원시장,0,260,88-52대,-,001,127.09164928124909,37.589303339160836
3201,동원사거리,0,260,49-12도,-,001,127.09362822603696,37.58971537159211
3202,동원사거리(연등)1,3201,260,534-15도,-,001,127.0950488415694,37.59004693219136
3203,면목아이파크102동,496,260,157-66대,-,001,127.08134208576716,37.58131161878911
3204,유수지주차장,0,260,1508대,-,001,127.08336633865993,37.58113647099788
3205,사가정역,0,260,630 도,-,001,127.08845451104946,37.58072705587836
7472,마포대교북단램프1,-,440,38-3 도,-,001,126.9436327157792,37.53821180184007
3207,용마한신아파트,0,260,524-33도,-,001,127.09311688602494,37.58063144766349
3208,소망약국,466,260,160-22도,-,001,127.08599810745905,37.59458825860523
3209,면목초교,558,260,104-60대,-,001,127.08672777613235,37.59170671873983
3210,면목역(연등),3198,260,1320-4 도,-,001,127.0874050062101,37.58899732344053
3211,면동초교,0,260,1167 대,-,001,127.08842136867186,37.584640639653465
3212,면남초교,0,260,636-14 대,-,001,127.08584758456793,37.577948983567325
3213,면목4동주민센터,0,260,692구,-,001,127.08528825565556,37.574987075145685
3214,50번종점,0,260,690도,-,001,127.08419164419315,37.57303416093645
3215,대승빌딩(연등),3216,260,381-18대,-,001,127.0814470358063,37.571582502525146
3216,대승빌딩,0,260,693도,-,001,127.08339639967558,37.571362862404136
3217,파인힐모텔,0,210,606-1도,-,001,127.08615220571006,37.570832239419275
3218,코오롱하늘채아파트,-,260,371-134대,-,001,127.08615170501312,37.57183198370689
3219,용마산역,0,260,583-4대,-,001,127.08683320321288,37.57377559221415
3220,용마폭포공원,0,260,582-10대,-,001,127.08837509857594,37.57548286181705
7473,마포대교북단램프2(연등),-,440,38-3 도,-,001,126.94305557782904,37.537396507763994
3222,면목성원아파트,-,260,1109-9 대,-,001,127.09010167173928,37.577377794869044
3223,용마한신아파트(연등),3207,260,532-61도,-,001,127.0924025221518,37.579754956083164
3224,동남빌딩,3207,260,49-7도,-,001,127.0934025836024,37.58191021535358
3225,용마금호타운,3224,260,67-3대,-,001,127.09353431957088,37.582982724246975
3226,중화중교,0,260,49-5도,-,001,127.09496938295715,37.586010195099036
3227,서일대학,0,260,49-4도,-,001,127.0960406890642,37.587977878145715
3228,새마을금고서일대점,3228,260,49-48도,-,001,127.09678557461177,37.58939767829267
3229,주함해븐아파트,0,260,534-13도,-,001,127.0990435780761,37.59351796109427
3230,망우소방서,0,260,534-9도,-,001,127.10031077536851,37.59749842513674
3231,망우사거리(연등)1,273,260,787 대,-,001,127.10043910644774,37.60053978867302
3232,능산지하차도,0,260,376-18 임,-,001,127.10087131355375,37.605777761354965
3233,신내차량기지,0,260,342-3도,-,001,127.10132864239824,37.61296089874268
3234,신내차량기지(연등),3233,260,278-49 도,-,001,127.10140506630187,37.613826443913226
3236,신내지하차도,0,260,511-2도,-,001,127.09710274157806,37.599807258388076
3237,중화초교,0,260,561도,-,001,127.09559418884973,37.603972360911555
3240,동성3차아파트(연등),3241,260,667-1도,-,001,127.09576102797314,37.60928348608489
3241,동성아파트앞,0,260,316 대,-,001,127.09612955049045,37.610374605474334
3242,서울의료원정문,3243,260,667-1도,-,001,127.0964024287889,37.61297769374523
3243,봉화지구대,0,260,701-3구,-,001,127.09604402981834,37.61443725161725
3244,중랑소방서,970,260,718-1 잡,-,001,127.0950984550062,37.61565328079414
3245,봉화산역,0,260,51-1잡,-,001,127.09064658387861,37.61769630970021
3246,두산대림아파트,0,260,742대,-,001,127.08783206163824,37.61892801570234
3247,원묵초교,0,260,20-3도,-,002,127.08704310881353,37.61782762315761
3248,중랑구립도서관(연등)1,3249,260,29 잡,-,002,127.08639177987627,37.616875433482726
3249,중랑구립도서관,0,260,8 대,-,002,127.0859020514465,37.616106913111885
3250,중랑구립도서관(연등)2,3249,260,10-11 대,-,002,127.08530409568326,37.615607544945725
7475,마포대교북단램프4,-,440,36-1유,-,001,126.94168380589791,37.536523459698216
3252,원묵중학교(경보),-,260,90대,-,002,127.08350274126668,37.61827007693539
3253,신내우체국,0,260,20-5도,-,002,127.09017833034162,37.61700723513455
3254,금성초교(연등),3255,260,639 도,-,002,127.0892181218801,37.61566798327952
3255,금성초교,0,260,20대,-,002,127.08878684697994,37.61496618108252
3256,신내진로아파트(연등)1,3257,260,647-1도,-,002,127.09200779169431,37.61621049998923
3257,신내진로아파트,0,260,654-1도,-,002,127.092922605559,37.61576287777518
3258,봉화지구대(연등),3243,260,645-1도,-,002,127.0949884915909,37.614874152679235
3259,봉화초교삼거리(연등),3260,260,654-1도,-,002,127.09188003334212,37.614254930373086
3260,봉화초교삼거리,0,260,655-2공,-,002,127.09125917097293,37.613405496831014
3261,미림유치원,0,260,656-2도,-,002,127.07953721590883,37.61663690944358
3262,미림유치원(연등),3261,260,747대,-,002,127.07897951716109,37.61778587982485
3263,면목펌프장,0,260,1509-5천,-,001,127.08137674435102,37.5787346031449
3264,홈플러스면목,3263,260,165-184대,-,001,127.08237688953818,37.57953842300709
3265,면목삼팔파출소,3266,260,1508-9천,-,001,127.08393097686684,37.58301163407635
3266,남북교회,0,260,561도,-,001,127.08354288415326,37.584447804888704
3267,청호맨션,0,260,1504-10천,-,001,127.08527693062283,37.59044805568427
3269,이마트상봉점,0,260,160-27도,-,001,127.09290077650425,37.597305344709824
3270,이마트상봉점(연등)2,3269,260,74대,-,001,127.09303493584589,37.59607530228772
3271,혜원여중고후문,0,260,515-44대,-,001,127.09342160183992,37.59205112951237
3272,동원사거리(연등)2,3201,260,534-18도,-,001,127.09359071803239,37.59030743706663
3273,면목본동파출소,0,260,49-10도,-,001,127.09425341016065,37.587857015503786
3274,중랑으뜸새마을금고,0,260,51-2도,-,001,127.0721320224958,37.59612663806093
3275,카포스칠성,3274,260,51-3 도,-,001,127.07232303322427,37.59511896417004
3276,가윤예식장,0,710,143-5대,-,002,127.1250507939923,37.492939528749886
3277,리더스빌딩,3180,260,136-1대,-,001,127.07326147547613,37.59032688631564
3278,럭키면목쇼핑센터(연등),3279,260,191-129대,-,002,127.07374312408642,37.58781330440782
3279,럭키면목쇼핑센터,0,260,191-56대,-,002,127.07420302558707,37.58698736479758
3280,동서학원(연등),3281,260,263-7도,-,002,127.08754439746274,37.600395693970555
3281,동서학원,0,260,247-4도,-,002,127.08733819065404,37.60181350629766
3282,신내대성아파트,0,260,462-4대,-,002,127.09675913225061,37.60228738959994
3283,신내초교,0,260,394-3 도,-,002,127.0977342230934,37.60502388565488
3284,동원중교,0,260,241-28 도,-,002,127.10735896173556,37.60358569529051
3285,신내변전소3R(경보),0,260,656대,-,002,127.0946558227371,37.61049378625638
3286,금란교회,0,260,220학,-,001,127.10373494811988,37.60042980883841
3287,묵2동문화체육복합센터,3289,260,196-3도,-,002,127.07619785551701,37.60975238934732
3288,두리마트,0,260,197-4도,-,002,127.0754250061153,37.613733847809904
3289,천주교묵동성당(연등),3287,260,197-5도,-,002,127.0757937126438,37.61186920683793
3290,중랑경찰서(경보),0,260,199-10구,-,002,127.07693533333557,37.60575896676922
3292,태릉시장사거리,0,260,70-2구,-,002,127.07816590236342,37.599354144358045
3293,중화2동굴다리,0,260,314-13대,-,001,127.0757220139553,37.59678580839724
3294,유니온모텔(경보),0,260,189-1도,-,002,127.07559570264134,37.61645306649329
3295,한국아파트,0,260,687-4도,-,001,127.07330752710232,37.61485140771081
3296,OK기사식당,0,260,385 대,-,002,127.07321621317841,37.60764965204242
3297,제일시장입구,0,260,247-124대,-,002,127.07386614910321,37.604780175879
7479,양화대교북단램프1,-,440,386-37대,-,001,126.91004496615182,37.54854824656475
3299,천일카센타(경보),0,260,50-17도,-,002,127.07309131383082,37.59937461960475
3300,이화교밑,0,260,50-16도,-,001,127.07422404729849,37.601505341633576
3301,롯데햄,0,260,382-2천,-,001,127.07248833905486,37.59868758905044
3302,원우카센타(경보),0,260,51-1도,-,002,127.07180222788527,37.59783888060004
3303,상봉지구대,0,260,214도,-,002,127.07305112760189,37.59150359205599
3304,보현정사(경보),0,260,481-1도,-,002,127.08994168287288,37.60471448944313
3305,은혜치과,0,260,1157-1대,-,001,127.08837299343692,37.58415223029644
3306,사가정새마을금고,0,260,495도,-,001,127.08862123627664,37.58171819346006
3307,무궁화약국,0,260,497-7대,-,001,127.08738656202252,37.57950207153264
3308,학림빌딩(경보),0,260,693도,-,001,127.08387354990849,37.57248987272344
7481,양화대교북단램프2,-,440,385-59대,-,001,126.91076898133178,37.54825476061668
3310,면목동신교회,0,260,568-1대,-,001,127.0853437726612,37.58097495077351
3311,수경빌딩,0,260,570공,-,001,127.08666259571869,37.580855771768825
3312,면목두산아파트402동(경보),0,260,1500대,-,002,127.0831594025782,37.579223218878276
3313,면목두산아파트601동(경보),0,260,1509-5천,-,001,127.08041809727625,37.57797021148777
3314,크린크리닝(경보),0,210,546도,-,001,127.08490587232683,37.5710782894806
3315,대림혼다(경보),0,260,198-6구,-,002,127.07753021938376,37.61594489996699
7484,양화대교북단램프3(연등),-,440,393-18대,-,001,126.90851307073197,37.5466423260387
3317,한마루교회,0,260,65-8도,-,001,127.07638733693177,37.60155395302505
7533,마곡센트럴타워,-,500,408-2답,-,-,126.83010702169379,37.56053110244459
3319,신내동새마을금고,0,260,788대,-,002,127.098199836033,37.60608019505662
3321,송곡관광고,0,260,604 도,-,002,127.10590879708185,37.60632147507766
3322,모든자동차공업사(경보),0,260,388-16 임,-,002,127.10216085150363,37.60353451107345
3323,남서울정육점(경보),0,260,510-2구,-,002,127.0985586639988,37.600137816796995
3324,카포스신내,0,260,287-12 도,-,001,127.10046922536733,37.61406152457652
3325,중랑공영차고지,0,260,84전,-,002,127.10429065561254,37.613182879146215
3326,중랑구민체육센터,0,260,20대,-,002,127.08732641211057,37.61557309525189
3327,동일교회(경보),0,260,655-1도,-,002,127.09417173623412,37.61102502613864
3329,중랑구청후문(경보),0,260,662-1도,-,002,127.09199624158764,37.60656346122414
3330,동양당(경보),0,260,189-17도,-,002,127.07906078753898,37.615710302339565
3331,장안중(경보),0,260,54-4도,-,002,127.08149240011016,37.59973441131295
3332,보전당(경보),0,260,399-4천,-,001,127.08766281933227,37.593850086370246
3333,중랑초교(경보),0,260,294-10도,-,002,127.07659529708137,37.588801725346315
3334,샹제르망제과점(경보),0,260,405-31구,-,002,127.1011326169469,37.59453591246136
3335,면목골(경보),0,260,561도,-,002,127.08509926120024,37.58724831692086
3336,면목청소년수련관(경보),0,260,1382-13도,-,001,127.08624230547954,37.57300815061173
3337,능산지하차도(경보),0,260,418-8 도,-,001,127.10081641930591,37.604945600053455
3339,면목한신아파트(연등)1,0,260,193-1대,-,001,127.07533131655067,37.58563600162518
3341,양원경노인정(경보),0,260,59-4구,-,002,127.10654471041227,37.60924497680299
3342,용두4교,0,230,47-12천,-,001,127.03505762515385,37.574055717501174
3343,용두4교(연등),3342,230,47-1도,-,001,127.03613557222822,37.57407276985727
3344,용두공원(연등),53,230,39-995대,-,001,127.04026359844005,37.57346423101012
3345,용답동,0,230,324-2대,-,001,127.05175569106686,37.56756413565723
3346,용답동우체국,0,230,239-2 학,-,001,127.06083770590801,37.56204417460859
3347,대우증권,0,200,448대,-,001,127.06673544772576,37.56115138473082
3348,대명신협,500,230,620-95대,-,001,127.04034098711973,37.57868525027915
3349,청량리미주아파트,0,230,620-67도,-,001,127.04801693640592,37.58240771160533
3350,서울성심병원,3349,230,61-359대,-,001,127.04989102543885,37.58385355685609
3351,휘경119안전센터앞,302,230,42-6도,-,001,127.06526329175928,37.59099654195904
3352,종암대교,0,230,1142-18임,-,001,127.0393597250371,37.591268247332124
3353,세종대왕기념관(연등)1,396,230,207대,-,001,127.04178980819621,37.59131835805326
3354,홍릉초교,0,230,산1-135임,-,001,127.04644176501252,37.591682404238306
3355,경희초교,0,230,60-1도,-,001,127.04976570824971,37.59148521130707
3356,회기역앞(연등),48,230,54-58대,-,001,127.05443344404635,37.59057482763833
3357,휘경시장,0,230,334-45대,-,001,127.0568939385671,37.59144358877244
3358,청량초교,0,230,346-131도,-,001,127.05774892489124,37.592727053115155
3359,경희중,0,230,270-1 학,-,001,127.05905383620241,37.59470629886989
3360,외국어대(연등),274,230,292-10대,-,002,127.06118961734246,37.59605223442254
3361,이문새마을금고,5072,230,257-164대,-,001,127.0608658340669,37.597492340609634
3362,이문행운모터스,5072,230,428 대,-,001,127.06204604291719,37.600851934923355
3363,이문e편한세상,3736,230,56-1도,-,001,127.06205608176684,37.60444326027788
3364,이문초교,0,230,164-25도,-,002,127.06400545801239,37.60300647175759
3365,삼원택시,0,230,42-1철,-,001,127.06706958268128,37.60505440004357
3366,이문파출소(연등)1,3367,230,189-3 철,-,001,127.06772212050696,37.59873021382737
3367,이문파출소,0,230,64대,-,001,127.0678352568118,37.59726690130342
3368,이문쌍용아파트,0,230,59답,-,001,127.06921386793188,37.599128848027796
3369,이문쌍용아파트(연등),3368,230,189철,-,001,127.07012154938998,37.600176630213724
3370,이화교,0,230,53-1전,-,001,127.07104079999876,37.601282986167064
3371,이문파출소(연등)2,3367,230,353-6제,-,001,127.06817647305257,37.59525921369831
3372,휘경2동주민센터,0,230,4-2답,-,001,127.06886063018186,37.589682145941254
3373,동대문차량보관소,3372,230,7-36도,-,001,127.0685567319253,37.58864149688149
3374,전동중교앞,0,230,1031-450천,-,001,127.07200042224252,37.584903807397
3375,휘경공고,0,230,49-23도,-,001,127.06952362884356,37.584353924518346
3376,동문장애인복지관앞(연등),3374,230,1031-450천,-,001,127.07282513816074,37.584067483311145
3377,동대부고,3378,230,727-24천,-,001,127.07648596005426,37.576788629792354
3378,힐스테이트아파트,0,230,473-2도,-,002,127.07671637208688,37.57505394222872
3379,성복교회(연등)1,6506,230,727-24천,-,002,127.0768821335957,37.572671385334985
3381,성산대교남단,0,560,177 천,-,001,126.88831550583845,37.5474595392989
3382,현대자동차서비스센터,0,590,37-1도,-,002,126.93197176957081,37.51159473477161
3383,홍제초교,3383,410,455대,-,001,126.94385091370023,37.59221142421498
3384,가리봉2동,0,530,799-23대,-,001,126.88715968577256,37.48275936320961
3385,정심초교,0,540,산89-114도,-,002,126.90673168344837,37.47044072691192
3386,선릉설렁탕,0,680,113-2 대,-,002,127.04556213189177,37.5079651162057
3387,서울의료원,0,680,171 대,-,002,127.06566658516333,37.51225668871491
3388,강일3 6단지,0,740,351-2대,-,002,127.1751607193093,37.56483933138691
3389,코카콜라,0,740,556-1도,-,002,127.12965795023612,37.54920464063633
3390,장안현대홈타운,0,230,336대,-,002,127.0751127134197,37.56828249960145
3391,안평초교,0,230,473-6도,-,002,127.07276128647435,37.56409316934188
3392,군자교밑,0,230,480-19도,-,002,127.07111775086823,37.561230833481716
3393,부품상가삼거리,0,230,482도,-,001,127.05869502278043,37.563770702669466
3394,답십리1동,0,230,532-1제,-,001,127.0555781346371,37.566073460271845
3395,답십리초교,0,230,182-1대,-,002,127.05367431500082,37.567497151631336
3396,삼희아파트,0,230,478-25대,-,002,127.05182619779909,37.56890215702199
3397,답십리초교(연등),3395,230,149-4종,-,002,127.05281943438412,37.56815857405776
3398,보광타워,3396,230,477-1대,-,002,127.05092614075737,37.569894171303496
3399,신답육교,0,230,524-1도,-,001,127.04981859715181,37.57089996730453
3400,청계한신109동,3401,230,648-1대,-,001,127.04690965068063,37.573057412728375
3401,태양하나어린이집,0,230,493-2대,-,001,127.04581034122778,37.57388685914595
3402,청량리교회,0,230,672천,-,002,127.0451176064658,37.575494773241516
3403,청량리굴다리,0,230,670도,-,001,127.04584932899957,37.576860447596665
3404,전농1동(연등)2,470,230,666도,-,001,127.04675574969556,37.57498616034676
3405,한남대교남단서측,0,650,386 천,-,002,127.01623970313568,37.523155437852694
3406,전농1동(연등)1,470,230,534-31도,-,001,127.0487421581223,37.577488108232586
3407,연세의원앞,-,230,127-389철,-,001,127.04982774815468,37.57877912041789
3408,소화물창고,0,230,584-21도,-,001,127.05138895563239,37.580729363958106
3409,창경궁,0,110,-,-,001,126.99668229621402,37.57901915187787
3410,천마빌딩,3408,230,-,-,001,127.05245828319586,37.58206250064076
3411,농협전농지점,0,230,666도,-,001,127.04917098162028,37.57513138531495
3412,혜화초교,0,110,-,-,002,126.99961688502951,37.5884545050773
3413,농협전농지점(연등),3411,230,524-1도,-,001,127.05062771313285,37.57427646959667
3414,답십리래미안위브102동앞,89,230,335-15대,-,001,127.05126688772427,37.572478663653605
3416,동명교회,0,230,295-182대,-,001,127.05589894248405,37.572877817841565
3417,답십리한양아파트,3419,230,10-9도,-,001,127.0595513829916,37.572874206963725
3418,답십리한양아파트(연등)2,3419,230,10대,-,001,127.05850600659187,37.572886503247986
3419,답십리한양아파트(연등)1,0,230,80-1대,-,001,127.06060686998049,37.57284680307175
3420,힐스포츠센터,0,230,산2-11도,-,001,127.06351068889384,37.57279965062222
3421,참튼튼병원(연등),3422,230,123-11 대,-,001,127.06852929706874,37.572591011737245
3422,참튼튼병원,0,230,291-1대,-,001,127.06966974465331,37.57247540267465
3423,장안아파트입구,0,230,470-1도,-,001,127.07445521111002,37.57215431444665
3424,장평중,0,230,471-1도,-,002,127.07048605817094,37.56494875890646
3425,우리은행장안,0,230,469-9도,-,002,127.06765444729994,37.56601533124209
3426,노원롯데백화점,0,350,729도,-,001,127.06059984731436,37.654305360418086
3427,동대문소방서,0,230,377-9대,-,002,127.06610749778277,37.5638121534957
3428,상계2 6단지,0,350,747도,-,001,127.06135840009203,37.651439004877815
3429,중계역(연등),525,350,747도,-,001,127.06310729736508,37.64708640504445
3430,장안현대벤처빌(연등)3,3433,230,383-11대,-,002,127.0687305478635,37.567683100351935
3432,보문시장,0,290,1-1도,-,001,127.02041623327193,37.58342957547374
3433,장안현대벤처빌,0,230,371-7대,-,002,127.06940115305896,37.56870714949945
3434,연가교남측,0,410,529-22대,-,002,126.92216999332778,37.5717296660473
3435,장안현대벤처빌(연등)2,3433,230,470-2도,-,002,127.07005409086342,37.56969874110579
3436,장안현대벤처빌(연등)1,3433,230,306-12대,-,002,127.07086800863802,37.57094073914325
3437,햇살요양병원,3438,230,312-7대,-,001,127.07189507353546,37.574166824637125
3438,장안지구대앞,0,230,469-4도,-,002,127.07198978678623,37.575280304345014
3439,장안동근린공원,0,230,92-17대,-,002,127.07213324151947,37.57741929532052
3440,장안동근린공원(연등),3439,230,469-1 도,-,002,127.0720561638306,37.576232835853475
3441,장안2동주민센터,332,230,94-23 도,-,001,127.07023555408239,37.57876794838769
3442,국립과학관,0,110,-,-,001,126.99696081293965,37.58146338287555
3443,서울여대,0,350,산223-8임,-,001,127.09380405547759,37.625578072081225
3444,월계대동아파트,0,350,392-125도,-,001,127.05919063888645,37.621220505475115
3445,롯데캐슬갤럭시1차아파트,0,650,395 도,-,001,127.0159619277764,37.520771370680926
3446,전농대원빌딩,0,230,30-1도,-,001,127.06117456001624,37.577942882773726
3447,동대문구노인정보화센터,565,230,295-26 도,-,001,127.05532900353033,37.57594884028429
3448,동대문구노인정보화센터(연등),3447,230,325-21도,-,001,127.05610622459093,37.576460178348846
3450,청솔우성아파트(연등)2,3449,230,80-7도,-,002,127.05859722784133,37.5749603711228
3451,청솔우성301동,3451,230,991대,-,002,127.06152161689567,37.57582769229389
3452,우아세어린이집,90,230,70-8대,-,001,127.05728504444407,37.570946495076484
3453,답십리두산아파트,0,230,36-2도,-,001,127.05717176383186,37.56975284770854
3454,답십리성당,0,230,534도,-,001,127.05665286667592,37.56701486442867
3455,군자초교입구,0,230,4-118대,-,001,127.06112636653629,37.565559806106435
3456,단골슈퍼앞,0,230,165-33종,-,002,127.06463654222011,37.56701765337296
3457,장안시장입구,3455,230,12-4제,-,001,127.06222908054156,37.566930381137965
3458,동작구청,0,590,50-1도,-,001,126.94021238345525,37.512148962451484
3459,재향군인회,4508,110,-,-,001,126.99758503154706,37.57335016856173
3460,양천구청역,6408,470,327대,-,002,126.86522107514722,37.51247458576275
3461,목1119동,0,470,325-11도,-,002,126.86244768888056,37.507716384733094
3462,세양청마루아파트,0,470,204-6구,-,002,126.86425091388296,37.508622662490346
3463,한신대,0,300,453-1도,-,001,127.01347790004519,37.63381983026056
3464,서울기독대학교,0,380,34-8도,-,001,126.91606512107973,37.60079535533029
3465,한유약국,0,230,2-24학,-,001,127.06403915022017,37.56930297784968
3466,백석빌딩,0,230,2-179대,-,001,127.06518744624348,37.57086472728602
3467,촬영소사거리(연등)1,502,230,114-1도,-,001,127.0668683750552,37.573799939646726
3468,장안LPG,0,230,1-92도,-,001,127.06754905555692,37.57595575322409
3469,배봉초교(연등),252,230,95-1대,-,001,127.0680758773542,37.577618515649554
2603,신한예식장(연등)1,2604,560,76-6대,-,001,126.90503120303703,37.521984132719375
2604,영등포시장역,0,560,65-8도,-,001,126.90512805294401,37.52270577240871
2606,서영물류센터,0,560,6-1 차,-,001,126.89889256559604,37.52090937096036
2607,교보생명영등포지점,0,560,30-1도,-,001,126.8927776473338,37.5218631041002
2608,유원문래아파트,0,560,27-1도,-,002,126.88747831680912,37.5213943623035
2609,문래중,0,560,45-1도,-,002,126.88499209997157,37.52054172338825
2610,문래LG빌리지단지안,0,560,54 대,-,002,126.89795069887374,37.5151835652045
2611,신한성내,0,740,9-2도,-,001,127.12650113619497,37.537725609277594
2612,문래LG아파트정문,0,560,49-1도,-,002,126.89593459710909,37.51713227757221
2613,문래LG아파트후문,0,560,54 대,-,002,126.89916748182425,37.516890751987596
2614,영등포리더스뷰,0,560,31-1도,-,002,126.89944167228425,37.51854580405355
2615,도림고가밑,0,560,168-14도,-,001,126.89862866117808,37.510661143001485
2616,양평벽산아파트(경보),0,560,27-5도,-,002,126.882009827886,37.52334107061106
2618,서울교가변(삭),0,560,111-1도,-,001,126.91072947768326,37.51784255136209
2619,평화유치원,0,560,79-2도,-,002,126.89652020834166,37.53229841768486
2620,벧엘교회,0,560,1-6대,-,002,126.89536664501483,37.530802816751795
2621,문래역사거리(연등),261,560,30-2대,-,002,126.8935455269246,37.51924901037883
2623,청과시장입구,2597,560,8-23도,-,001,126.90282819164842,37.51510353468158
2624,당서초교후문,0,560,331-12대,-,001,126.90042571941602,37.53202740335987
2626,영등포푸르지오아파트,0,560,647-4도,-,002,126.90269718599278,37.512909519550334
2627,동자동,0,170,14-52도,-,001,126.97221472387933,37.55112864028848
2628,용산1호정문,0,170,1-8도,-,001,126.97388657507064,37.53779670390183
2629,용산소방서,0,170,296-1 도,-,001,126.9724619750629,37.533997345556806
2630,용산우체국,0,170,140-1도,-,001,126.9689699861958,37.53026195116031
2631,재정관리단앞,0,170,492도,-,001,126.98689398915795,37.538358843217345
2632,동빙고동,0,170,19-2대,-,001,126.99135175008378,37.52945373172619
2633,6번정문,0,170,22-34잡,-,001,126.99159849848053,37.52731864274438
2634,롯데마트서울역,-,170,122-14 철,-,001,126.96903024150656,37.55529757970345
2635,소화아동병원,0,170,122-14 철,-,001,126.96903300836392,37.553892096866065
2636,소화아동병원(연등),2635,170,122-22 철,-,001,126.96914472472187,37.55267315050396
2637,청파동삼거리(연등),512,170,141-9도,-,001,126.96995017503914,37.549189364788035
2638,삼일교회,2639,170,43-212도,-,001,126.97038574051955,37.546257298186305
2639,숙명여대입구,613,170,1도,-,001,126.97060808063472,37.54491470643909
2640,용산서,0,170,53-13도,-,001,126.96900140274064,37.54021846482706
2641,신한은행원효,0,170,36도,-,001,126.96266385910373,37.53590983243645
2642,강원전자,2643,170,8-19도,-,001,126.96026260329393,37.534860598393955
2643,원효3가,0,170,41-12도,-,001,126.95877197295933,37.53421146281756
2645,한강자이에클라트,0,170,8-1대,-,001,126.95533251575522,37.531846251358104
2646,원효산호아파트,0,170,6-82 도,-,001,126.9501850869824,37.53339614169834
2647,신정빌딩(연등),6451,170,151-3도,-,001,126.95190367471278,37.53267471909512
2648,강변삼성아파트,0,170,83대,-,001,126.9489413454705,37.534457234808656
2649,세계일보(연등)1,2650,170,64도,-,001,126.96747846115788,37.52495699001736
2650,용산공고,0,170,419 대,-,001,126.96794697442444,37.524694487879756
2651,이촌역앞,0,170,19대,-,001,126.97132539062757,37.5231971249049
2652,철우아파트,0,170,19-2도,-,001,126.96973278180653,37.52363306319305
2653,이촌역,0,170,17-2도,-,001,126.9743850554324,37.52240148465509
2654,국립중앙박물관(연등),6448,170,11-426 대,-,001,126.97880804839276,37.520990405864275
2656,서빙고동주민센터,0,170,180-7도,-,001,126.99400433586362,37.52015563308548
2657,잠수장,0,170,37-2대,-,001,126.99667750927182,37.520975859260524
2658,문배동,0,170,1-4철,-,002,126.97089512442362,37.53910091450769
2659,나진전자상가(연등),258,170,48 대,-,002,126.96573312792357,37.53363830069022
2660,용산전자상가(연등),258,170,54-1학,-,002,126.96386375911317,37.53339566365252
2661,전자랜드,0,170,16-39도,-,002,126.96159240827556,37.5331200512167
2662,전자랜드(연등),2661,170,16-7천,-,002,126.95984654168359,37.53326349560914
2663,철도정비창(연등)1,2664,170,16-21천,-,002,126.95875263062132,37.5330455788482
2664,철도정비창,0,170,16-7천,-,002,126.95757564165159,37.532742614868376
2665,용마슈퍼,0,170,5-713철,-,001,126.9582694062797,37.540624957533126
2666,용산롯데캐슬,0,170,5-742대,-,001,126.96389729371931,37.53862844364841
2667,부영주유소,0,170,171-1도,-,002,126.95462826661185,37.530952342671945
2668,제일은행이촌,0,170,171-1도,-,002,126.95510334432588,37.52743364292774
2669,새남터성당,0,170,171-1도,-,002,126.95655152176775,37.52584829485448
2670,강변맨션,0,170,171-1도,-,002,126.9591147721413,37.52396326516787
2671,이촌동,0,170,301-5도,-,002,126.9650494411317,37.52179658655526
2672,의사협회,0,170,302-30도,-,001,126.96588566381124,37.520437954025674
2673,이촌동삼거리,2671,170,301-5도,-,002,126.96647597233849,37.52164402351172
2674,신용산아파트(연등)3,5599,170,24 대,-,002,126.97066580979792,37.52096082808437
2675,신용산아파트(연등)1,2674,170,301-5도,-,002,126.96774362496555,37.52143698752109
2676,한강맨션,0,170,301-5도,-,002,126.9723222026422,37.520406520708015
2677,신용산초교,0,170,301-5도,-,002,126.97523304316144,37.51949971766096
2678,이촌건영아파트,0,170,11-438대,-,002,126.9782145908749,37.51855245099498
2679,렉스아파트,-,170,412-6 대,-,002,126.97946032708892,37.5181822904236
2680,금강병원,0,170,301-163도,-,002,126.98128354452338,37.51786856526658
2681,신동아쇼핑,0,170,241-105대,-,002,126.98546103614922,37.51784851236913
2682,강변신동아(경보),0,170,69-7철,-,001,126.98556868830717,37.516700240533304
2683,용문시장,0,170,126-4학,-,002,126.96033385091742,37.53755167437392
2684,용문동주민센터입구,0,170,127-1도,-,002,126.95967394534682,37.53849958485566
2685,국민은행효창,0,170,5-2도,-,002,126.96209433887469,37.5413792676293
2686,효창공원,2687,170,89-191대,-,002,126.96525902724579,37.54513721269549
2687,효창공원(연등),2686,170,98-11대,-,002,126.9668517625985,37.54487562623274
2688,남산맨션,0,170,726-465도,-,001,127.00166576024512,37.54362085295431
2689,하얏트호텔,0,170,산1-127임,-,001,126.99683854432634,37.5410542231766
2690,남산공원,0,170,산1-138임,-,001,126.99523454352122,37.54206843320316
2691,남산체육관,0,170,산1-5임,-,001,126.99226489487228,37.542645756842
2692,하이츠빌라,0,170,262-71도,-,001,126.99104059441746,37.54431440102153
2693,용산2가동주민센터,0,170,산1-1임,-,001,126.98522896558073,37.546554823732166
2694,고엽제전우회,0,170,산1-2임,-,001,126.98432018721913,37.54837286842423
2695,국방부,0,170,8-4도,-,001,126.97589957216806,37.53461595101591
2696,국방민원실,0,170,8-57대,-,001,126.97890605338405,37.53472674697698
2697,1 2번정문,0,170,6대,-,001,126.98075715156956,37.53475812268887
2698,3 4번정문,0,170,6대,-,001,126.98465151267568,37.53492182494909
2699,이태원,0,170,154-13대,-,001,126.99039169746942,37.53427459947274
2700,이태원(연등),2699,170,135-77대,-,001,126.99195902717491,37.53436248149878
2701,이태원소방파출소,282,170,748-22대,-,001,126.9955728162097,37.53460252246941
2702,제일기획앞,0,170,738-29도,-,001,126.99883396392379,37.53528714038205
2703,다래원,0,170,743-28도,-,001,126.99728101661132,37.53471785426499
2704,버들약국,0,170,738-29도,-,001,127.0004096721918,37.5367662481489
2705,한강진교회,2704,170,738-29 도,-,001,127.00158411292699,37.538296737687624
2706,한강진역,6457,170,726-494도,-,001,127.00175163120005,37.54002487666873
2707,한남역,134,170,525-45천,-,001,127.00703595556719,37.52880638461185
2709,한남아이파크,0,170,63-1 도,-,002,127.00690205323346,37.532013541217744
2710,UN빌리지(연등),2711,170,263-14도,-,001,127.00894413053048,37.53405089560128
2711,UN빌리지,0,170,32-37도,-,001,127.0103517306302,37.534613181679745
2712,말레이지아대사관,0,170,218-14대,-,001,127.0124353327926,37.53791667954096
2713,보광동,0,170,87-3도,-,001,127.00221079723842,37.524990884694304
2714,81번종점(경보),0,170,6-2대,-,002,127.00095152995083,37.52616128738399
2715,한국폴리텍대학,0,170,732-23도,-,002,126.99688098045333,37.530290191229014
2716,청화아파트,0,170,96-93도,-,002,126.99498576107199,37.53154199823921
2717,일심외과,377,170,142-90도,-,001,126.97340832783509,37.545280891099395
2718,갈월사회복지관,0,170,1-3구,-,001,126.97509867770701,37.545513639868865
2719,미주고시원,0,170,243-4도,-,001,126.97785876114214,37.54821950921698
2720,후암시장,0,170,244-146도,-,001,126.97734029951674,37.55019477652874
2721,후암시장(연등),2720,170,10-1도,-,001,126.97693725846086,37.5516430814808
2722,영주교회(경보),0,170,339-12대,-,002,126.982329523676,37.54780801163894
2723,신성아파트(연등),2227,740,79-3 학,-,002,127.14409770215958,37.527757666850036
2725,상일동대림빌라(경보),0,740,168도,-,001,127.16211640008709,37.545859264842846
2726,성내중학교정문(경보),0,740,575도,-,002,127.12866076676596,37.52830524012105
2727,성일초등학교정문(경보),0,740,574도,-,002,127.12923703878946,37.52957849832861
2728,둔촌동연세치과,0,740,462도,-,002,127.14226632216116,37.53108379276542
2729,둔촌주공아파트(연등),0,740,77-15답,-,002,127.1405495122103,37.52771216379427
2730,한산초교,4628,740,79-4 공,-,002,127.14249836017997,37.528664357674714
2731,상일동낙타고개(경보),0,740,산60-10도,-,001,127.15408892769351,37.54227393719976
2732,암사동코카콜라(경보),0,740,246-1도,-,002,127.12854080555121,37.54968657864311
2734,강동헤리티지자이,2309,740,38-4도,-,002,127.14965690267769,37.540499295496325
2735,중앙하이츠(경보),0,740,산 54-1 공,-,002,127.15932310082368,37.54988419085851
2736,강동고등학교(경보),0,740,163도,-,002,127.16159812218532,37.55080957859058
2737,상일동주민센터,0,740,124대,-,001,127.1685923861232,37.55045915349204
2738,강동경찰서앞(연등)1,0,740,590대,-,002,127.12596200220524,37.52852495251672
2739,강동경찰서앞,0,740,521-1 대,-,002,127.12644844807976,37.5283004766985
2740,성내초교소방파출소(경보),0,740,112-36도,-,002,127.12201198104275,37.531842512179054
2742,강동구민회관,0,740,26-15대,-,002,127.14155707574298,37.54610272908947
2743,천호시장,0,740,421-18대,-,001,127.12794385279237,37.540340948222514
2744,양지마을,0,740,524도,-,002,127.13648544995252,37.556782300651975
2745,고덕중학교(경보),0,740,224도,-,002,127.16075771387234,37.560750477265046
2746,선사주거지(경보),0,740,193전,-,002,127.13023537274003,37.55753318835564
2747,래미안솔베뉴앞(연등)1,2258,740,산10-1도,-,001,127.14408613784741,37.551958301471
2748,삼익그린2차후문(경보),0,740,15대,-,001,127.14810613135899,37.54934504510846
2749,주양쇼핑,0,740,46-7도,-,002,127.15283291432772,37.55192292072229
2750,한양대후문,0,200,102-17도,-,001,127.04994041935619,37.555722987283474
2751,둔촌역청구아파트,0,740,386-31대,-,002,127.13392338683134,37.52955400131035
2752,명원초등학교,0,740,37공,-,002,127.14972152429955,37.55166647730705
2753,고덕1동사무소(경보),0,740,603도,-,002,127.1487953220021,37.5588059929765
2754,천호유치원앞,0,740,282-21대,-,002,127.13050526681627,37.54155993442641
2755,현대프라자앞,0,740,398대,-,002,127.12919627478907,37.53963198920567
2756,선린초교,0,740,30-4대,-,002,127.14488443677037,37.52884370698477
2757,삼익파크아파트(경보),0,740,53대,-,002,127.14784664354477,37.543403257502206
2758,길동성당(경보),0,740,54-1도,-,002,127.14825533603361,37.544681264811004
2759,신한은행명일,0,740,332-1대,-,002,127.14598140214616,37.54651593041138
2760,고덕1PB(경보),0,740,493공,-,002,127.14882370555362,37.55749298137786
2761,고덕초교사거리,0,740,산14-12 임,-,001,127.16599757490394,37.560079597899964
2763,길동시장(경보),0,740,414-11도,-,002,127.13699260837087,37.535927803874955
2764,묘곡초등학교(경보),0,740,307대,-,002,127.15406615720846,37.55761813110853
2765,시민공원입구(경보),0,740,659-1천,-,001,127.12472793187486,37.556653490362464
2766,고덕대우아파트(경보),0,740,산96임,-,002,127.14680144936445,37.56066647389884
2769,취수장(경보),0,740,산1-2제,-,001,127.14475119175695,37.56659251992712
2770,쓰레기압축장입구(경보),0,740,678천,-,002,127.15985231714107,37.57077654520445
2771,취수장정문(경보),0,740,396-1제,-,001,127.14746693071704,37.566328233888946
2772,대명아파트,0,740,192-35대,-,002,127.13148317367616,37.53842744569911
2773,천지안마(경보),0,740,546-7제,-,002,127.1224484498231,37.54741811253185
2774,강일5 7단지,0,740,-,-,002,127.17938675217299,37.56656275052861
2775,명덕초등학교(경보),0,740,469도,-,002,127.14590443890313,37.556517217508876
2776,영락보육원(경보),0,170,30-145도,-,002,126.9821593280501,37.548762756519366
2777,래미안용산,0,170,2철,-,002,126.96652713811793,37.529492867779034
2778,용사의집,0,170,40-999철,-,002,126.9649956446499,37.52802257983599
2779,용사의집(연등),2778,170,422-2 도,-,002,126.965583722231,37.52864012884004
2780,한남지하차도,0,170,683-38대,-,002,127.0005491662663,37.53423647790276
2781,한남제일빌딩,0,170,629-4도,-,002,127.0064108939766,37.533229680933545
2782,용문시장1문(연등),2683,170,12-14도,-,001,126.96095381123932,37.53647237317213
2783,서빙고초교,0,170,4-2도,-,001,126.99080159457704,37.52222564335409
2784,효창공원앞역(연등),280,170,132-164대,-,002,126.96175194805589,37.54021782169844
2785,원효로2가(연등),345,170,79-4대,-,002,126.96223350584276,37.53440955105837
2788,이촌119안전센터,0,170,110-1대,-,001,126.9532381045613,37.53014632065596
2789,청파초교,0,170,259-3 학,-,002,126.96342162167375,37.54750454654105
2790,일신기사식당앞(경보),0,170,136임,-,002,126.9633334194689,37.54656991477969
2791,효창공원삼거리,0,170,1-42학,-,002,126.96368210128553,37.54497132634325
2792,용산브라운스톤(연등),0,170,104대,-,002,126.95964809727148,37.53729188155923
2793,신창제일교회(경보),0,170,56-1도,-,002,126.95516583324014,37.535816487062775
2794,신창공영주차장(경보),0,170,31-3도,-,002,126.95568763342402,37.5349987011044
2795,원삼탕(경보),0,170,257-1도,-,002,126.95642707481645,37.533611042840754
2796,원효2동사무소앞(경보),0,170,78-1대,-,002,126.95149137057366,37.534582404103126
2797,청암삼성아파트(경보),0,170,353대,-,002,126.95059053044109,37.53415944262387
2798,충남타이어(경보),0,170,92-1도,-,001,126.94723147499353,37.534364337263185
2799,도원래미안삼성아파트(연등)1,2834,170,272대,-,002,126.95818419218931,37.53949143767784
2800,도원교회(경보),0,440,157대,-,002,126.95534060390949,37.539303397988476
2801,SK청암대(경보),0,170,64-1대,-,002,126.94826679069361,37.5354007819193
2802,남정초교(경보),0,170,56-2도,-,002,126.96423630507053,37.535698157255524
2803,관광터미널주유소(경보),0,170,23-1유,-,002,126.96206237914339,37.532266365613474
2804,원효대교북단(경보),0,170,16-76도,-,002,126.95482629724361,37.531398670541435
2805,아모레퍼시픽,0,170,102-1도,-,002,126.96975816395322,37.52906165389794
2806,한강초교(경보),0,170,65-8도,-,002,126.96491065562236,37.524989417981296
2807,이촌대우아파트(경보),0,170,66-2도,-,002,126.97118673474154,37.52277133154813
2808,용산고교(연등),0,170,244-79대,-,001,126.97833722312545,37.54651445101561
2809,20게이트(경보),0,170,1-1594도,-,002,126.97897197229732,37.54473457600895
2810,용산중학교,0,170,316대,-,002,126.98044983821747,37.54627348813582
2811,45번종점(경보),0,170,418-11도,-,002,126.98118069158367,37.54673964258635
2812,용산동5가R(경보),0,170,406-97도,-,001,126.98445621664949,37.54707125362728
2813,독일문화원,0,170,산1-2임,-,001,126.98302705815814,37.551123308259776
2814,남산유도관(경보),0,170,48-3도,-,002,126.98676515840523,37.54465166756241
2815,대성교회(경보),0,170,276-15도,-,002,126.98864265291074,37.53898701483746
2816,성도약국(경보),0,170,225-61대,-,002,126.98952453874827,37.53932711481291
2817,삼원휘트니스(경보),0,170,260-373 묘,-,002,126.99166667458611,37.53978876566467
2818,남산2호터널(경보),0,170,262-38대,-,001,126.98954860555838,37.54413969526017
2819,이집트대사관삼거리,0,170,5-1도,-,001,127.01170474992979,37.5364109483906
2820,우성쇼파(경보),0,170,657-34대,-,002,127.00155917497928,37.53374942890319
2821,한남우체국(경보),0,170,653-3대,-,002,127.00369032776418,37.5334665741209
2822,한남치안센터(연등),2823,170,703-5대,-,002,127.005715929198,37.531840692779426
2823,한남치안센터,0,170,76-6대,-,002,127.00610645928737,37.5310175981161
2825,보광중소기업은행앞(경보),0,170,260-9도,-,002,126.99919395288826,37.52800321230901
2826,보광제3경로당,0,170,243-25 도,-,002,126.99800586885496,37.529232513989434
2827,보광초교,0,170,738-29 도,-,002,126.99638236043032,37.53186276760459
2828,보광동사무소(경보),0,170,217-2도,-,002,126.99966065012526,37.5261102540603
2829,터키대사관(경보),0,170,1-12잡,-,002,126.99648963344914,37.52644033180223
2830,동작대교북단(경보),0,170,69-11도,-,001,126.98344362212819,37.51857432063012
2831,이촌삼성래미안(경보),0,170,300-305도,-,002,126.97723527767164,37.51664767640484
2832,한강대우아파트2(경보),0,170,66-4도,-,002,126.96863020000296,37.52244987336838
2834,도원래미안삼성아파트,0,170,139-276대,-,001,126.95700213353419,37.539875077187865
2835,신공덕삼성아파트(경보),0,440,155대,-,002,126.95464522068463,37.54390392045205
2836,서울여중앞(경보),0,440,128-89도,-,002,126.94721333915422,37.54728269493364
2838,대농빌딩(경보),0,440,33-1대,-,001,126.94424650103524,37.5394532461879
2839,마포주차장정문(경보),0,440,51-4구,-,002,126.94386210285593,37.539135137075306
2840,마포대교북단램프2,0,440,50-3도,-,001,126.94411338524039,37.53801766732032
2841,신수동현대아파트(경보),0,440,445-5대,-,001,126.93710394281636,37.543660195230316
2842,한강삼성아파트(경보),0,440,10-2구,-,002,126.94099291967316,37.54037049667318
2843,서강LG아파트앞(경보),0,440,97-1전,-,001,126.9300088778993,37.544632675891656
2844,다우빌딩,0,440,197-23대,-,001,126.92187536361213,37.55692131308095
2845,서교동사거리(연등),0,440,427도,-,002,126.91905227783782,37.552021350264575
2846,홍대클럽거리(연등)1,0,440,412도,-,002,126.92304275807273,37.549137480557164
2847,홍대클럽거리(연등)2,0,440,406도,-,002,126.92334828769178,37.551542964422275
2848,망원교회(연등),0,440,420-7구,-,002,126.90167637498138,37.55666156727254
2849,한강공원입구,0,440,438-8대,-,002,126.89895516645032,37.556121186602
2850,아현초교,0,440,126-16대,-,002,126.95638573580138,37.554839899204175
2851,아현스포렉스(연등),0,440,138-24대,-,002,126.9555901147096,37.55619590993054
2852,양화진공원(연등),1884,440,429-31대,-,002,126.909111032215,37.54950223387692
2853,포은길(경보),0,440,436-31도,-,002,126.90713357495353,37.55111443142264
2854,망원제2빗물유수장앞(경보),0,440,450-3전,-,002,126.90294772501944,37.55118336190214
2855,성산동대한빌딩,0,440,634-6 대,-,002,126.9150578510821,37.55583074693652
2856,한얼길세화회관앞(경보),0,440,479-9대,-,002,126.91334685721495,37.55502124710167
2857,중동청구아파트정문(경보),0,440,89-4천,-,002,126.90109666121505,37.5742031643386
2858,도화동우성아파트(경보),0,440,81도,-,002,126.94740610249866,37.537674692881225
2859,서교가든앞(경보),0,440,478-10도,-,002,126.91503228062071,37.55482467573401
2860,성산모터스(연등)2,0,440,481-1대,-,002,126.91366757481148,37.55458190935636
2861,망원동사무소앞(경보),0,440,436-43대,-,002,126.90215904848998,37.560804055847534
2862,망원동7번버스종점(경보),0,440,468-6도,-,002,126.90171053105968,37.56141193152807
2863,공덕동효성빌딩,0,440,396-45 도,-,002,126.95120952493588,37.54534380087021
2864,수색교무연탄저장소앞(경보),0,440,529대,-,002,126.88130104502352,37.585178631325064
2865,동성교회,0,500,15-7대,-,001,126.81354610244622,37.56107808232919
2866,공항전화국,0,500,6-4도,-,001,126.81653502492442,37.56076719230771
2867,등촌동,0,500,665-15도,-,001,126.84459566659304,37.557969606215
2868,KBS스포츠월드,0,500,707-3체,-,001,126.84978981606352,37.55683759131498
2869,등촌중,0,500,636-48대,-,001,126.86103874465933,37.55278798325217
2870,양동중,0,500,264-27대,-,001,126.87110013244336,37.54755083192305
2871,양화교,0,500,286-2제,-,001,126.87762427073957,37.54711227840925
2872,광영여고,4571,470,258도,-,001,126.82408277229489,37.539240409339776
2873,강서면허시험장,0,500,427-12 공,-,001,126.81999317830947,37.54859725501467
2874,공항천주교회,0,500,307-9대,-,001,126.81237546791165,37.555088492960365
2875,방화중,0,500,648-48대,-,001,126.80623989756664,37.56450875491086
2876,개화지하차도위,0,500,851대,-,001,126.8052175601417,37.56769944006205
2877,개화119안전센터,-,500,507-1도,-,001,126.802544746946,37.57488926773378
2878,개화검문소,0,500,632-32도,-,001,126.79973887491832,37.57904398369025
2879,행주대교남단,0,500,437구,-,001,126.79846121107654,37.580869016987975
2880,대한항공,0,500,795답,-,002,126.81541841477758,37.54999021963972
2881,능인검문소,0,500,1370 잡,-,001,126.81222403492721,37.54564619036669
2882,동아아파트,0,500,284-62도,-,001,126.87648956105349,37.54925683424778
2883,동아아파트(연등),2882,500,284-62도,-,001,126.87502571128853,37.5496383452031
2884,염창새마을금고,0,500,301 대,-,001,126.87304100883574,37.55024105599563
2885,삼성한마음아파트,0,500,270-1대,-,001,126.86730434437578,37.55417450077131
2886,강서예가아파트,2885,500,300-1 도,-,001,126.86573126485001,37.555091607466046
2887,증미역,0,500,1484-5도,-,001,126.86310964227368,37.556846438051096
2888,강서소방서,0,500,1484-5도,-,001,126.8609272184851,37.558025955103275
2889,강서구청별관입구,0,500,451-4도,-,001,126.85810313337936,37.55949765899254
2890,가양3 5단지,0,500,17-10도,-,001,126.85162985553474,37.56290381180321
2891,공진중학교,0,500,29-2답,-,001,126.84886006205404,37.56440286137762
2892,공진중학교(연등)1,2891,500,54-1도,-,001,126.84774170551249,37.56497497844717
2893,제일제당정문,0,500,1462-2 공,-,001,126.84391629710716,37.567052500024786
2894,도레이첨단소재,0,500,산3공,-,001,126.83768449410006,37.570398074727734
2895,마곡레포츠센터(보),0,500,76답,-,001,126.83238407167781,37.57260485768395
2896,서남물재생센터,0,500,407-35 도,-,001,126.82636251238361,37.57293955995405
2897,서남환경공원,0,500,123잡,-,001,126.8225726914108,37.573259797711145
2898,방화2단지,0,500,842-7도,-,001,126.82050647225343,37.57332027541946
2899,신방화사거리(연등)1,2900,500,834-5도,-,001,126.81810910563497,37.57336083377403
2900,신방화사거리,0,500,835-7도,-,001,126.81674714925434,37.57334116252876
2901,신방화사거리(연등)2,2900,500,286-2도,-,001,126.81557175543875,37.57339217819395
2902,방화1치안센터,0,500,813-17도,-,001,126.8139537850965,37.573452781959844
2903,개화산역,0,500,808학,-,001,126.807417556787,37.572763005934505
2904,개화산역(연등)1,503,500,531-1도,-,001,126.8059757584389,37.572601395039555
2905,개화산역(연등)2,2903,500,849-2도,-,002,126.80744281625729,37.5721353315863
2906,화곡사거리(연등),178,500,941-1도,-,001,126.84793746111127,37.52960863997756
2907,화곡터널북단,0,500,662-10도,-,001,126.84248792552745,37.53863577627689
2908,화곡SK현대주유소,0,500,1060-30 대,-,001,126.84150824759743,37.54020574249897
2909,서울큰나무병원,0,500,1089-29도,-,001,126.83786458560633,37.54427104434905
2910,강서성결교회,0,500,1089-11도,-,001,126.8364386861396,37.5462684148856
2911,우장산역,0,500,1089-6도,-,001,126.83635605266365,37.54795852025384
2912,우장산역(연등),2911,500,724-63도,-,001,126.83634203092586,37.54947951687224
2913,내발산초교앞,0,500,677-7대,-,001,126.83635749579717,37.55080222711603
2914,발산119안전센터,0,500,727-3도,-,001,126.83705048093422,37.554828142303
2915,명덕고교입구,0,500,724-28도,-,001,126.8363259778243,37.552620523120055
2916,발산119안전센터(연등),2914,500,1454-8도,-,001,126.83750507781235,37.55626256464097
2917,그랜드마트,0,500,709도,-,001,126.83863377775675,37.559661775745454
2918,팬코,0,500,709도,-,001,126.83895863450626,37.56072653608542
2919,등촌1-10단지,0,500,709도,-,001,126.83979468329838,37.563219014487046
2920,대륭드림타운,0,500,151-9 도,-,001,126.8408531724176,37.5665876140621
2921,대아아파트앞,0,500,1457-6도,-,001,126.84184031111559,37.570948900563245
2922,신월초교입구,0,500,1089-50도,-,001,126.8362363886863,37.54049328101951
2923,화곡시장,0,500,95-27대,-,001,126.84329736372165,37.54367226880322
2924,한국폴리텍대학입구,0,500,95-1도,-,001,126.84530033411487,37.546459666361635
2925,우장초교,0,500,995-3대,-,001,126.84701698831346,37.54877960666027
2926,강서구청(연등)3,2927,500,1000-2도,-,001,126.84810160831276,37.55002102305682
2927,강서구청,2929,500,1096-19대,-,001,126.84948630558424,37.55164475709
2929,강서구청(연등)1,2927,500,1096-6도,-,001,126.84992851956619,37.55221982654749
2930,우장공원입구,0,500,1106도,-,001,126.85071150282822,37.55307589247411
2931,강서구청사거리(연등),576,500,128-3도,-,001,126.85301361382227,37.557164167465245
2932,마포고정문,0,500,14-3대,-,001,126.8541884315214,37.559311861376614
2933,등서초교후문,0,500,666-63도,-,002,126.85573527919205,37.5519153443937
2934,백연공원(연등),5448,500,1120-3대,-,002,126.85152616780077,37.549722700813206
2935,람원교회앞,0,500,1113-13대,-,002,126.85265125403409,37.55158919213319
2936,화곡초교,0,500,24-69대,-,002,126.84606840356305,37.54414845103444
2937,신월초교,0,500,1089-52도,-,002,126.83920711382542,37.53884330849131
2938,월정초교,0,500,377-11대,-,002,126.83547127867956,37.53474073328694
2939,월정초교(연등),2938,500,372-135대,-,002,126.83611494520281,37.53371184430817
2940,나누리병원,0,500,1082-11대,-,001,126.83704680417577,37.53715744611496
2941,한성빌딩,2941,500,1089-68도,-,001,126.8399109616731,37.53757162505188
2942,가양9단지,0,500,1493-2도,-,002,126.86518732635199,37.55889889123971
2943,염강초교(연등)2,2945,500,1484-5도,-,002,126.86373645275752,37.55969856739424
2945,염강초교,0,500,1484-5도,-,002,126.86274315540183,37.56022833119917
2946,가양초교,0,500,1484-4도,-,002,126.86012933900095,37.56161873675879
2947,도봉검문소,0,320,637 도,-,001,127.04535688559237,37.69048507614013
2948,도봉산역,268,320,8답,-,001,127.0455657392529,37.689020354386116
2949,도봉한신아파트,0,320,30-1 대,-,001,127.04600118335007,37.68352458656338
2950,럭키아파트,0,320,639 철,-,001,127.04496539032218,37.67749344157271
2951,도봉현대주유소,0,320,639 철,-,001,127.04440977264674,37.6743221004981
2952,방학역,0,320,621 대,-,002,127.04318681760539,37.66704686755512
2953,방학홈플러스,0,320,705-15 주,-,001,127.04275195155334,37.66459691807474
2954,방학교남측,270,320,752-6 도,-,001,127.04222887154988,37.66161279351746
2955,창동변전소,0,320,717-8 도,-,001,127.0411164138098,37.65943846865896
2956,도봉구민회관,0,320,629대,-,001,127.03808012732448,37.65429573610282
2957,정의여중입구(연등),554,320,703-1도,-,001,127.03766426111953,37.651420627053554
2958,창원초교,0,320,325 도,-,001,127.04158555558547,37.65175707156775
2959,창주공1단지,2958,320,823 대,-,001,127.04106164696361,37.65362018789999
2960,도봉보건소(연등),522,320,723-10도,-,001,127.04036443389758,37.656371225855686
2961,창1동주민센터,0,320,355 도,-,001,127.04379332066785,37.648089771380675
2963,삼환빌라(연등),0,320,355 도,-,001,127.04165790739316,37.64688503355118
2964,KT도봉지점,0,320,663-48도,-,002,127.0357344493842,37.64615114866968
2965,창동시장입구,0,320,703-6도,-,001,127.03345725550234,37.6465126605532
2966,우이교,0,320,83-10도,-,001,127.03113839628132,37.6431635745119
2967,수유3동우체국,0,300,550-1천,-,001,127.02884063565422,37.64098582044208
2968,강북종합시장,3066,300,140도,-,001,127.02521043145751,37.641155946020014
2969,우이3교,0,320,703-16도,-,001,127.03664877507725,37.637175405231794
2970,신창초교입구,0,320,703-18도,-,001,127.03943049737092,37.64009320522291
2971,가양초교(연등)1,2946,500,439-1제,-,002,126.85834809059797,37.562622195540534
2972,가양3단지(연등)3,2974,500,439-1제,-,002,126.85544110495536,37.56419517132243
2974,가양3단지,0,500,439-1제,-,002,126.85367321347375,37.56512982247462
2975,가양3단지(연등)1,2974,500,439-1제,-,002,126.85241666673475,37.56601471905772
2976,공진중,0,500,1459-9공,-,002,126.85041992399427,37.566690369859444
2977,공진중(연등)2,2976,500,산1-4 도,-,002,126.8494530545509,37.565267868396894
2978,허준박물관,0,500,1475-1도,-,002,126.85086270505907,37.56730041589788
2979,성재중(연등)2,2982,500,439천,-,002,126.8493054171687,37.568672787911794
2980,성재중(연등)1,2982,500,439천,-,002,126.84811870705678,37.56922570588862
2981,시영2단지,0,500,439-1제,-,002,126.84527757167012,37.570025694997994
2982,성재중,0,500,439-1제,-,002,126.84679138280882,37.569602917761344
2983,시영2단지(연등)1,2981,500,439-1제,-,002,126.84438449859243,37.57027512910118
2984,시영2단지(연등)2,2981,500,1459대,-,002,126.84299619892234,37.570638570094566
2985,등촌성당,0,500,709-19도,-,002,126.8451916693713,37.55899891737596
2986,등현초교,0,500,709-8도,-,002,126.84668633346134,37.56121189511604
2987,대림아파트사거리,0,500,709-8도,-,002,126.84829300549696,37.56355945064475
2988,등촌8단지상가,0,500,1478대,-,002,126.85107463953311,37.56224134407478
2989,등원초교,0,500,709-13도,-,002,126.85006475557068,37.55956849242609
2990,등촌주공602동,0,500,709-13도,-,001,126.84825435563643,37.56054790069921
2991,등촌고등학교,0,500,709-7도,-,002,126.84497713879789,37.561938984002694
2992,등빛도서관,0,500,709-7도,-,002,126.84224029714647,37.562723881280206
2993,등양초교,0,500,92-1 장,-,002,126.84398313503151,37.565085660225755
2994,등명초교앞(경보),0,500,709-21도,-,002,126.84388447961044,37.55994744696335
2995,등촌주공근린공원,0,500,683-2대,-,002,126.84074433733936,37.56303689493255
2996,삼성생명,0,500,681-4대,-,002,126.83995658139463,37.56053398704655
2997,칠성아파트,0,500,811-27도,-,002,126.81169775683776,37.575213252675695
2998,방화5단지,0,500,817대,-,002,126.8122338950635,37.576186693455504
2999,방화503동앞,0,500,817대,-,002,126.81146366007111,37.576218858777125
3000,방원중학교,0,500,813-16도,-,002,126.80919436669119,37.57626777822373
3001,방화삼환아파트,0,500,832대,-,002,126.81336575840706,37.57616584214929
3002,방화삼환아파트(연등),3001,500,813-17도,-,002,126.81402660549246,37.57616382555087
3003,강서공고앞,0,500,834-3도,-,001,126.81680148571319,37.57613544233304
3004,방화3동성당,0,500,835-7도,-,002,126.81816643275927,37.57603900540103
3005,방화3동성당(연등)1,3004,500,835-7도,-,002,126.8191714544757,37.57589458278529
3006,삼정초교앞,0,500,816-1도,-,002,126.81068958617412,37.57925098386928
3007,개화아파트,0,500,819-1도,-,002,126.81374076395481,37.579989253144696
3008,방화역,0,500,816-1도,-,002,126.81323353606494,37.57862266142662
3009,방화동성아파트(경보),0,500,855공,-,002,126.81392061508681,37.5784551352346
3010,공항시장,0,500,606-41대,-,002,126.81055185421891,37.56360728379038
3011,국제예식장,0,500,597-30대,-,002,126.8118466046761,37.565463451878855
3012,방화2동(연등),3014,500,793대,-,002,126.81274546543715,37.56766066080376
3013,방신시장,0,500,563-20도,-,002,126.8115492777908,37.57193905338159
3014,방화2동,0,500,580-2도,-,002,126.81173791185797,37.56776430461666
3015,영보빌딩,0,500,858-1대,-,002,126.81166395867858,37.56924422071178
3016,서우빌딩,0,500,563-20도,-,002,126.81157326673912,37.57076594780144
3017,방화초교,0,500,874 대,-,002,126.80747360923642,37.56779320213095
3018,신정초교,0,500,454-19대,-,001,126.85282449444406,37.53104921866933
3019,경인빌딩(연등),0,500,812-28대,-,001,126.85911011732072,37.5318677131819
3020,수협직판장,0,500,301-11도,-,001,126.81914630748076,37.55442421464787
3021,화곡대림아파트,0,500,662-15도,-,002,126.83806339385076,37.53446840426083
3022,강서우체국,2920,500,709도,-,001,126.84033391301053,37.56501054967882
3023,등양초교후문,0,500,92-1 장,-,002,126.84547444838383,37.56495458996057
3024,김포세탁앞,0,500,1369-11도,-,002,126.81694505263337,37.554963936797364
3026,가양IC,0,500,439-1제,-,001,126.84344261906581,37.5737165790642
3027,화곡2치안센터(연등),6050,500,867-54 대,-,001,126.8548618293791,37.53131182542029
3028,대동전자,0,500,841대,-,001,126.8166886051347,37.57100114827905
3031,대한항공케터링센터,0,500,768-1 학,-,002,126.81425339429323,37.55090079944065
3032,등서초교입구,0,500,1120도,-,002,126.85327661674022,37.55267978401828
3033,방화초교(연등),3017,-,-,-,002,126.73369053895468,37.694603410130235
3034,백석초교후문,0,500,240-21대,-,002,126.8635586719098,37.5537867018503
3037,우장공원입구(연등)2,576,500,1106-1도,-,001,126.8516760694229,37.55472032857026
3039,삼성관음아파트,0,500,284-27도,-,001,126.87000366879778,37.55264244543029
3041,신사오거리(연등)2,43,380,91-10도,-,001,126.91672443342705,37.5993247251606
3042,본서부병원(연등)2,458,380,158-22도,-,001,126.92243316397656,37.60157557498442
3043,증산2교남단,0,410,359-5도,-,001,126.91100715825034,37.58404741155214
3044,홍은2동주민센터(연등),820,410,산11-76임,-,001,126.93500188053035,37.58098867252267
3045,홍은두산아파트,86,410,277-66대,-,001,126.93147793905656,37.57861013191288
3046,가좌역,435,410,155-216도,-,001,126.91522863282054,37.56911738928065
3048,수색교동측,494,380,411-4도,-,001,126.88886633960087,37.58562947875841
3049,수색검문소,0,380,281-11도,-,001,126.88597891934322,37.588106075316446
3050,은평수협앞,432,380,84-14도,-,001,126.92645377485135,37.60241838337542
3051,명지대삼거리(연등),306,410,422-3도,-,001,126.9281323389724,37.58028471149036
3052,명지전문대,740,410,338-166대,-,001,126.92437258805548,37.58413578530333
3053,충암초교,563,410,761 대,-,001,126.92326481938962,37.5851841154084
3054,증산초교(연등),840,380,205-17대,-,002,126.90634611784158,37.583270618501004
3055,송중초교,0,300,860-128 도,-,001,127.0306245376165,37.61645590954455
3056,도봉삼환아파트,0,320,637-53 도,-,001,127.04747413895899,37.680158999088285
3057,창동중,0,320,720-1 대,-,001,127.04859491680035,37.66234693706576
3058,동부센트레빌아파트앞(연등),0,320,726-139 도,-,001,127.03921412662127,37.662844044798305
3059,쌍문지구대,0,320,634도,-,001,127.03805343057374,37.65720711590793
3060,반석교회,0,320,75-21도,-,001,127.0348314115938,37.65126163199253
3061,쌍문역,0,320,83-4도,-,001,127.03459941639323,37.64848125761287
3062,삼미북부주유소,0,320,96-30대,-,001,127.03248939288298,37.644924769642245
3063,화계유치원(연등),4206,300,1-11대,-,001,127.02065921203621,37.63450038667565
3064,수송초교,0,300,471-73대,-,001,127.03191647193636,37.636661915094734
3065,새마을금고번1동,0,300,465-96도,-,001,127.03008032517334,37.63785893251594
3066,대광빌딩,0,300,140도,-,001,127.02365090145237,37.64227609656495
3067,대한병원,4138,300,386-16도,-,001,127.02368677494105,37.636168657871636
3068,두산약국삼거리,0,300,386-16도,-,001,127.0255128692628,37.63482847006003
3069,국민은행수유동,527,300,-,-,001,127.02336632784836,37.63363318860815
3070,궁전회관,0,300,165-41대,-,001,127.02513172423622,37.628954096432764
3071,도봉세무서,0,300,228-44도,-,001,127.02895005234342,37.61942980194153
3072,방송대북부별관,0,300,231도,-,001,127.028023234655,37.62173976357751
3073,솔샘빌딩,0,300,327-3대,-,001,127.02740667964895,37.617217364344135
3074,방천시장입구,0,290,79-107 대,-,001,127.03512852567792,37.611518678511224
3075,월곡뉴타운정류장,0,290,21-138 대,-,001,127.02758334362913,37.606289325757835
3076,동일하이빌,0,290,90-1학,-,001,127.03167196359317,37.604976343066305
3077,과기원후문,0,290,37-7도,-,001,127.04526661393248,37.60474932782865
3078,동덕여대,0,290,37-7도,-,001,127.04296683610089,37.603403200179166
3079,월곡역입구,0,290,110-18도,-,001,127.04058731100916,37.60029433223864
3080,KT월곡,0,290,70-11대,-,001,127.03571268101699,37.60257150504553
3081,성북트리즘빌딩,0,290,222-1 대,-,001,127.03819553772384,37.602608148895314
3082,종암2치안센터,0,290,3-70도,-,001,127.03370154995906,37.600774594591066
3083,성북중앙병원,0,290,3-195도,-,001,127.03539224848514,37.596629969935336
3084,숭례초교,0,290,10-76대,-,001,127.03589471641492,37.59464175100019
3085,사대부고앞,0,290,12-33 도,-,001,127.036302338539,37.59307253991974
3086,제기한신아파트,0,230,122-388 천,-,001,127.03770442672409,37.587539544241885
3087,제기새마을금고,0,230,120-240대,-,001,127.03853027567038,37.58520947441138
3088,광성상가(연등)2,3489,230,849 도,-,001,127.03841989507447,37.57981775586582
3089,제기사거리,0,230,856도,-,001,127.03863348586847,37.582939007491525
3090,용두교앞,0,230,65도,-,001,127.03494228903317,37.578152614335394
3091,제기동,0,230,849 도,-,001,127.03821585174771,37.57607491993495
3092,사천교서측,0,410,147-7대,-,001,126.91642241754687,37.56852996918177
3093,월드컵공원관리사무소,0,440,393-5천,-,001,126.89915506138024,37.56402350901878
3094,성사중입구,0,440,126-4천,-,001,126.91382914624594,37.5666886776874
3095,모래내지하차도,0,440,119제,-,001,126.91593057214446,37.56783710617718
3096,중암중교,0,440,385-18도,-,001,126.90566133483154,37.5724912882412
3097,중동교,0,440,238도,-,001,126.90082744321236,37.57537474773417
3098,트라펠리스,0,470,406-421수,-,001,126.87163384998328,37.525035079058185
3099,목동하이페리온2,0,470,406-422수,-,001,126.86963354721541,37.52532551517256
3101,목동하이페리온1,0,470,916-1도,-,001,126.87402514451398,37.526170448405956
3102,서부면허시험장입구,0,440,산26-1임,-,001,126.8837706930214,37.57575377081438
3103,중동청구아파트삼거리,0,440,84-9 철,-,001,126.90300367917693,37.574074876262685
3104,연희중학교,852,410,5-47대,-,001,126.91895516804426,37.57841077606597
3105,백련시장,145,410,318-6도,-,002,126.92313069176045,37.577425842147335
3106,가좌동광교회,-,410,410-27도,-,001,126.92516431643598,37.57665408434465
3107,백련시장(연등),3105,410,318-6도,-,002,126.92412578880608,37.5772699920432
3108,가재울사거리,0,410,224-12대,-,002,126.9177254465897,37.574924201525896
3109,월드컵파크2단지,0,440,102-1대,-,002,126.89006945286988,37.574897550449634
3110,남가좌교회,837,410,248-21대,-,002,126.91375177194634,37.57126781291124
3111,월드컵파크4단지,0,440,87-3대,-,002,126.88836051395542,37.575981139319616
3112,북가좌삼호아파트(연등),835,410,96-6대,-,002,126.91240288592475,37.57576585319156
3114,한촌설렁탕,501,410,325-35대,-,001,126.91071874433504,37.57917572684966
3115,대림한숲아파트,0,380,415-3 도,-,002,126.90051554726534,37.5862326919311
3116,증산시장,0,380,207-8대,-,002,126.90452851582893,37.58132647670624
3117,연서중,0,380,197-2도,-,002,126.91030036405307,37.58619205032038
3118,홍제초교뒷길(경보),0,410,440-5 공,-,002,126.9421332069517,37.59193167913274
3119,홍은교,0,410,45-62천,-,002,126.946647297203,37.594515541839016
3120,홍은후레쉬대형마트(경보),3119,410,455-3대,-,002,126.94584910904167,37.59448354795936
3122,남가좌동현대아파트,0,410,222-2도,-,002,126.91937788572008,37.57390243835789
3124,성은교회,0,410,319-16도,-,002,126.92217712497877,37.574282853206405
3125,DMC에코자이,0,410,360-10대,-,002,126.92013383280546,37.576751608955355
3126,DMC센트럴아이파크,0,410,5-305대,-,001,126.92247652156384,37.578564147675635
4000,목동운동장,0,470,914-3제,-,001,126.88431219462132,37.52969364824809
4001,목동아이스링크,0,470,919-1도,-,001,126.8786936388468,37.529800548331515
4003,서라벌고교,0,350,314-2도,-,001,127.07644199990266,37.64445313289111
4005,가양5단지상가,0,500,1479-14도,-,002,126.85294430568307,37.56432540893161
4008,한천교,0,350,191-1도,-,001,127.06829622508103,37.62366505249809
4009,온수골사거리,0,350,670대,-,001,127.05873121503583,37.66122737589325
4010,월계3동주민센터,3744,350,660-7천,-,001,127.06938407217665,37.62128558032917
4011,월계역입구,0,350,354대,-,001,127.0596310345051,37.63456670647011
4012,녹천초교,0,350,322-8도,-,001,127.06431269460404,37.628150405199044
4013,녹천초교(연등),4012,350,322-6도,-,002,127.06332826928397,37.627824971993554
4014,월계한진아파트,0,350,19도,-,001,127.06998619989484,37.617798766643176
4015,중평초교,0,350,503-1도,-,002,127.06458439979785,37.63805567433739
4016,중평초교(연등)1,4015,350,503대,-,001,127.06412087579753,37.6391075171149
4017,중평초교(연등)2,4015,350,507-3공,-,001,127.06523128841174,37.6366611235581
4018,중계그린아파트,0,350,503-1도,-,002,127.06354681495654,37.640446036749935
4019,중계그린아파트(연등),4018,350,503-1도,-,002,127.06314252767727,37.64128491341968
4020,하계2치안센터,0,350,270-2도,-,002,127.06745440200696,37.631726061463894
4021,용원초교,3859,350,107-2철,-,001,127.06847846937224,37.62885409977399
4022,공릉1수문,0,350,378-3도,-,002,127.07070797986326,37.624664707943126
4023,노원여성발전센터,0,350,500공,-,002,127.06241073092332,37.642922243916246
4024,하계2치안센터(연등),4020,350,270-2도,-,002,127.06715499996548,37.63235130513572
4025,하계5 6단지,0,350,270-2도,-,001,127.0661124807068,37.63465511362023
4026,상계주공4단지,0,350,262-2도,-,001,127.0678409472808,37.65287207162599
4028,강북구민운동장,0,300,821 대,-,001,127.04155248316972,37.63065919009199
4029,월계2치안센터,-,350,633-50대,-,001,127.05576672997988,37.62813495758861
4030,하계실버센터,0,350,271-3대,-,001,127.06431705360136,37.633496423183665
4031,서울메트로뒤(연등),1031,650,980-53도,-,001,126.9882059359793,37.47803735737256
4032,을지병원,0,350,284-3도,-,001,127.07034229352946,37.637200833901844
4033,중계7단지(연등),4076,350,366-2학,-,002,127.07907897496342,37.6480875600889
4034,동천학교,0,350,288-4도,-,002,127.07409641540677,37.64411304080832
4035,중계롯데아파트,0,350,378도,-,002,127.07203188888462,37.64766603270578
4037,불암초교,0,350,391-1도,-,002,127.08109828608661,37.65053306315475
4038,불암초교(연등),4037,350,391-1도,-,002,127.08095917499459,37.649619160567546
4039,신안동진아파트,0,350,391-1도,-,002,127.07801669062923,37.65064485105852
4040,비우당교,0,200,92-34도,-,002,127.02672503030699,37.57104014503611
4041,원광초교후문,0,350,371도,-,002,127.07594476953584,37.6545978743683
4042,중계8단지,0,350,360-2대,-,002,127.0742604598561,37.64757855382776
4043,수암초교앞,0,350,391-1도,-,002,127.08061658062306,37.648005068817994
4044,청구종합상가,0,350,359-1대,-,002,127.0744243981549,37.6507176056039
4045,청구종합상가(연등),4044,350,377도,-,002,127.07544893320438,37.65068177451294
4047,상계6 7동주민센터,0,350,389-247대,-,001,127.06698331635997,37.65575612309124
4048,신계초교,0,350,782도,-,001,127.05405752766012,37.629959807906395
4049,월계어린이집,0,350,429-10도,-,001,127.06285749726945,37.62067717492858
4051,인덕대학,0,350,620-3도,-,001,127.05498919446205,37.62895181092427
4052,청백1단지,0,350,782도,-,001,127.05217864456806,37.63409419959397
4053,청백4단지,0,350,782도,-,001,127.05231368343048,37.63240792753545
4054,대호프라자,0,350,157-59도,-,001,127.0733277834322,37.65918393819797
4055,노원자동차검사소,0,350,산16-38임,-,001,127.0724075331142,37.63792286567359
4056,양지근린공원(연등),3976,350,391도,-,001,127.07665953049528,37.6491738245007
4057,중계종합사회복지관,0,350,391도,-,001,127.07684729731811,37.65723354365551
4058,중계종합사회복지관(연등),4057,350,391도,-,001,127.07806093083342,37.6565203897703
4059,중계주공4 5단지,0,350,369대,-,001,127.07811096579161,37.65455588076657
4060,중계주공4 5단지(연등),4059,350,369대,-,001,127.0781919589802,37.65541545271003
4061,불암지구대,0,350,391도,-,001,127.07758486102915,37.65222041605096
4062,불암지구대(연등),4061,350,391도,-,001,127.07817166961969,37.653391093835246
4063,중계9단지,0,350,266도,-,001,127.07633434373152,37.6411938403925
4065,창동교,0,350,739도,-,001,127.0551753971869,37.653089224321754
4066,농협태릉지점,0,350,589-22대,-,001,127.07730383460697,37.61825998580272
4067,정릉경남아파트,0,290,1대,-,001,127.01738096848607,37.60303543527914
4068,삼육대,0,350,26-3도,-,001,127.10756794438618,37.63791290231955
4069,전파연구소,4068,-,-,-,002,127.11227230746456,37.641286682882004
4070,체육과학연구원,0,350,26-35도,-,001,127.10580720821139,37.63538351903975
4072,태릉사격장,0,350,산223-22임,-,001,127.09619029464629,37.627905874910624
4074,화랑삼거리,0,350,107-153철,-,001,127.09077543046382,37.62379997761531
4075,석계역동측,0,350,375-23도,-,001,127.06632054167949,37.61482794436171
4076,중계7단지,0,350,366대,-,002,127.07780209349563,37.64806181495252
4077,원광초교(연등),3870,350,370도,-,001,127.073890877907,37.65345182161152
4078,한진그랑빌아파트,0,300,148-232도,-,001,127.03685135044115,37.626602691657
4079,노원경찰서(연등),3911,350,288-2공,-,001,127.07210605498392,37.64253728748894
4080,월계지구대,0,350,412-1철,-,001,127.06171766019257,37.62267885022312
4081,상계3 4동주민센터(연등)2,3962,350,5-15임,-,001,127.08210510817113,37.67130314296951
4082,상계3 4동주민센터(연등)1,3962,350,산154-24임,-,001,127.08357798868197,37.67297695804116
4084,공릉배수지,0,350,산2-4 도,-,002,127.0823973837757,37.638518111595175
4086,불암도서관,0,350,69대,-,001,127.08208031305972,37.64569694385665
4088,우암타운아파트,0,350,48-3대,-,001,127.08319959333569,37.64412794254868
4089,우암타운아파트(연등),4088,350,43잡,-,001,127.08324623180584,37.64361847389014
4090,선곡초교,0,350,472-4대,-,001,127.05733776107174,37.61825643036545
4091,마장하이츠아파트,0,200,804도,-,001,127.0400407278207,37.565670164401105
4092,염창하나로약국,2884,500,292-1대,-,001,126.87186847472199,37.5510567127257
4093,국민은행서교동지점,474,440,192-5도,-,001,126.92284960030062,37.5540762769667
4094,상계5동주민센터,0,350,159-4도,-,001,127.0693001640223,37.66265041020872
4095,월계국민은행,0,350,85철,-,001,127.06020033159783,37.62301300803293
4096,월계변전소(경보),0,350,산108-11도,-,001,127.05962108059816,37.62805500598665
4097,월계초교,0,350,585도,-,002,127.04994356684216,37.62772235313373
4098,신창중(경보),0,350,850-1 도,-,002,127.04770989169405,37.62765338317947
4099,월계극동아파트(경보),0,350,803-2도,-,002,127.0464136050385,37.62949313133817
4100,초안1단지(경보),0,350,905-3도,-,002,127.04413268169705,37.63228017240405
4101,녹천초교(경보),0,350,322-3도,-,002,127.06303200281626,37.62840089422139
4102,녹천마을(경보),0,320,772-1도,-,001,127.05416014156847,37.6426178134872
4103,성북물류창고(경보),0,350,68-31도,-,001,127.06423773893397,37.61681530276784
4104,공릉터널북측(경보),0,350,산34-8도,-,001,127.07847509414756,37.637656611852975
4105,공릉터널남측(경보),0,350,155대,-,001,127.08316539992076,37.633047667243964
4106,태릉골프장,0,350,산223-19임,-,001,127.09807185646513,37.63013019365858
4107,신성미소지움아파트,0,470,886도,-,001,126.84575070187003,37.52285893262389
4108,신설동역앞,0,230,92-34도,-,001,127.02677378626413,37.57394920329214
4109,서울여대남문(경보),0,350,111-2도,-,002,127.08822683088097,37.625229489135485
4111,공릉119안전센터,0,350,240-2대,-,001,127.0807478235895,37.61933562147005
4112,위례상고후문(경보),0,350,172-3천,-,002,127.0755065971579,37.629788916310424
4113,응암수협은행,855,380,660도,-,001,126.92072211989777,37.587277406337364
4114,공릉한보아파트(경보),0,350,421-4도,-,002,127.08024096114532,37.62742816927625
4115,준효약국,0,350,239-4도,-,002,127.07924612758357,37.622291908062515
4116,로숀편의점(경보),0,350,657-2도,-,002,127.07827273567997,37.61926735995042
4118,한솔부동산(연등),6484,350,345-6대,-,002,127.0784693120294,37.62090363599023
4119,나래어린이공원(경보),0,350,318-2구,-,002,127.07083865009491,37.62718944148688
4120,연촌초교(경보),0,350,153-4도,-,002,127.07260544438508,37.63422000513863
4121,청솔아파트705동(경보),0,350,273-5도,-,001,127.07012323048208,37.63178613020623
4122,한신코아빌라(경보),0,350,250-7도,-,002,127.07029488043182,37.64095573842145
4123,학여울청구아파트(경보),0,350,354-2도,-,002,127.06133039990004,37.637118663438685
4124,청소년수련원(경보),0,350,504-2도,-,002,127.06064586110968,37.63968124955127
4125,노원문화예술회관,0,350,391-1도,-,002,127.07973756398843,37.650618088266434
4126,중계초교(경보),0,350,452도,-,002,127.07230505001645,37.65738122140507
4127,서라벌고(경보),0,350,256-28도,-,002,127.07503837832913,37.644534176380276
4129,상계3파출소(경보),0,350,172-3도,-,002,127.07486046666446,37.66397767707473
4130,상계푸르지오107동,0,350,산150-1임,-,002,127.0736958249892,37.66488765881963
4131,대동택시(경보),0,350,138-3 도,-,002,127.07295146937778,37.665428665849944
4132,방송대북부별관(연등),3072,300,231도,-,001,127.02834726944678,37.62078255260591
4133,외환은행수유,0,300,159-5대,-,001,127.02403440061278,37.63173667718554
4134,상계9동주민센터,0,350,689-1도,-,001,127.06343242208098,37.66481550187967
4135,강북구청입구(경보),526,300,175-49대,-,002,127.02576767355487,37.63928849024849
4137,영도교,0,110,-,-,002,127.01885812832366,37.57121003084202
4138,대한병원(연등)1,3067,300,224-19대,-,001,127.02305347191302,37.636247753969954
4139,수유3동주민센터(연등)1,3969,300,140도,-,001,127.02287364718829,37.637741030062685
4140,수유3동주민센터(연등)2,3969,300,140도,-,001,127.0225406194929,37.64062085235819
4141,이광언내과(연등)1,4142,300,-,-,001,127.02356067425194,37.64467942730262
4142,이광언내과(연등)2,4143,300,349-1 도,-,001,127.02494026653211,37.64635248957075
4143,이광언내과,4142,300,358-2 도,-,001,127.02447219799122,37.645778866657224
4144,숭미파출소,0,320,309-52대,-,001,127.02567946178692,37.64724459048354
4145,숭미초교정문(연등),632,320,342-4도,-,001,127.02723605783872,37.64908608643084
4146,숭미초교정문,0,320,315-8도,-,001,127.02810868615909,37.650071971719306
4147,쌍문3동어린이집,0,320,152-2임,-,001,127.03288955941724,37.65113234448049
4148,한신초교,0,320,83-2도,-,001,127.03112737762285,37.65097172171183
4149,쌍문청구아파트,0,320,17-1잡,-,002,127.03498428067975,37.65935386031192
4150,수유우체국,0,300,273-64대,-,001,127.01571086021747,37.64495955444303
4151,삼익세라믹아파트(연등),3749,320,263-56대,-,001,127.03425603110693,37.6581099579597
4152,한양상가(연등)2,4153,320,274 대,-,001,127.03288788248587,37.65801352251835
4153,한양상가,4155,320,731 대,-,001,127.03109017064938,37.65790645973401
4154,한양상가(연등)1,4153,320,272 대,-,001,127.02969123105262,37.65782786547808
4155,선덕고교입구,0,320,720-3 도,-,001,127.02780489442767,37.657699138215506
4156,우이그린빌라,4158,320,524-101도,-,001,127.0188049040623,37.65733888149885
4158,법종사(연등)1,0,320,산78임,-,001,127.01673574473404,37.65731380192792
4159,법종사,4158,320,532-26도,-,001,127.01531516066423,37.65754307241153
4160,선덕고교입구(연등),4155,320,59-14 도,-,001,127.02786082207611,37.65672128808805
4161,삼양입구사거리(연등)1,528,300,228-44도,-,001,127.02872790289827,37.617182964820415
4162,송천동주민센터(연등),4163,300,321-2대,-,001,127.02529892125885,37.61816540729027
4163,송천동주민센터,0,300,320-1학,-,001,127.02380397754914,37.61858073770554
4164,삼양그린빌딩(연등),4165,300,767-34대,-,001,127.02062862211406,37.621031437374626
4165,삼양그린빌딩,0,300,762-69 대,-,001,127.01982486287156,37.62249400563707
4166,덕성여대,0,320,728 대,-,001,127.01280733936164,37.65137980279842
4167,삼양동주민센터,0,300,58-21 대,-,001,127.01812654764814,37.627679820067094
4168,대성약국,0,300,605-185천,-,002,127.01841648046704,37.63208769129238
4169,수유1파출소(연등)1,3628,300,605-146대,-,001,127.01768339730106,37.63214241142036
4170,우이교회,0,300,394-45도,-,001,127.01717418058158,37.63728752731444
4171,목4치안센터,0,470,771-31대,-,002,126.86814239297547,37.5319430378853
4172,수유시장,0,300,140도,-,002,127.02023583617826,37.641148107734004
4173,포이초교(경보),0,680,1271공,-,002,127.05095184934149,37.47516978466008
4174,수유우체국(연등),4150,300,419학,-,001,127.01503637638689,37.64657316184533
4175,혜화여고,0,300,461-18도,-,001,127.01374444166346,37.63168109136426
4176,혜화여고(연등),4175,300,461-18도,-,001,127.01362265817033,37.63238833580723
4177,세윤하이츠,0,300,440-21도,-,001,127.01317605278314,37.635376027328654
4178,우성맨션(연등)1,4180,300,626-27도,-,001,127.01293013040222,37.6368481967438
4179,우남주택,4180,300,360-22대,-,001,127.01372519778448,37.638371237043266
4180,우성맨션,0,300,410-94도,-,001,127.01334772583127,37.63772283892527
4181,우성맨션(연등)2,4180,300,410-275도,-,001,127.01366346781384,37.6386473106374
4182,예찬교회,0,300,524-4도,-,001,127.01113202271723,37.64078966786188
4183,인수중,0,300,557-45대,-,001,127.0109379930249,37.64331509800496
4184,인수중(연등)2,4183,300,544-4도,-,001,127.01080017609189,37.64446633650214
4185,동은교회,0,300,565-1도,-,001,127.01062710009009,37.64571416614046
4186,번동오현초교,0,290,616-16도,-,001,127.0464964925705,37.62231921796756
4187,외환은행정릉,0,290,978도,-,001,127.00874375006528,37.61128953886222
4189,번동한진아파트,0,300,256도,-,002,127.04486674736708,37.625123480289425
4190,번동오현초교(연등),4186,300,256도,-,002,127.04602626046064,37.623307552412186
4191,청학에너지,0,300,산37-9 임,-,001,127.04407785305453,37.62872457921762
4192,번2동우체국,0,300,253도,-,002,127.03785727486839,37.63201522748911
4193,한성운수종점,0,300,398구,-,001,127.03558424218667,37.634647735132894
4194,수유먹자골목,0,300,140도,-,001,127.026668352818,37.64009413556165
4195,우이시장,0,300,254-53도,-,001,127.01990624611786,37.64493124198391
4196,동우슈퍼,0,300,418-7도,-,001,127.01773531598548,37.64650867894532
4198,우이동주민센터,463,300,71-17도,-,001,127.0119251608452,37.64769191576578
4199,덕성여대(연등)1,4166,300,422-2 학,-,001,127.01326416372312,37.65043350286379
4200,덕성여대(연등)2,4166,320,503-11대,-,001,127.0125575818122,37.65241071735389
4202,삼우약국,0,300,508-1대,-,001,127.0130022878895,37.65488943706633
4203,삼우약국(연등)2,4202,320,510-1대,-,001,127.0131780630823,37.655595077853675
4204,청한빌라앞(연등)2,3615,300,43-2도,-,001,127.01378947498341,37.658506483892694
4205,한신대(연등),166,300,452-2도,-,001,127.01528838123872,37.63398929865382
4206,화계유치원,0,300,130-109대,-,001,127.01941108848254,37.63440465171968
4207,번동제일교회,0,300,386-16도,-,001,127.02833703057271,37.63503933847885
4208,북부시장(연등),4209,300,386-16도,-,001,127.03024901098757,37.6351599691833
4209,북부시장,0,300,386-16도,-,001,127.03175168345348,37.63528823853166
4210,우이3교서측,0,300,445-20 도,-,001,127.0361131795986,37.6365505449265
4211,우이3교(연등),2969,320,445-8도,-,001,127.03734340497101,37.63786069236636
4212,신창초교입구(연등),2970,320,703-18도,-,001,127.03841671668434,37.63899750504937
4213,창림초교,0,320,703-20도,-,001,127.04054647223829,37.641316138314195
4215,창림초교입구(연등)1,4216,320,442-22도,-,002,127.04051487849631,37.64238726062265
4216,창림초교입구,0,320,445-4도,-,002,127.04038097759229,37.643613802192796
4217,창림초교입구(연등)2,4216,320,445-2도,-,002,127.04032258086993,37.644858573736286
4218,북서울꿈의숲후문,0,300,642-4도,-,001,127.03767615000076,37.62217357792278
4219,동문아파트102동앞,0,300,148-510도,-,001,127.03764225078585,37.623690184231954
4220,완성아파트,0,300,148-510도,-,001,127.03710698880543,37.62536313035895
4221,한진그랑빌아파트(연등)2,4078,300,234대,-,001,127.03795390273588,37.627564822057195
4222,번동초교(연등)2,4224,300,324-12도,-,001,127.03940229762182,37.628760166379884
4223,번동초교(연등)1,4224,300,504-33 학,-,001,127.04067618901038,37.62985250436995
4224,번동초교,0,300,516-13 제,-,001,127.04003923215794,37.62929422657386
4225,신창교,0,320,533-22대,-,002,127.03951683621068,37.63330326427031
4226,배명중,0,710,156도,-,002,127.09656719711047,37.49725031006249
4227,등촌태진아파트,0,500,533-2 대,-,002,126.86091480596627,37.54931012315067
4228,신창교(연등),4225,320,470-6대,-,002,127.0401305697513,37.63355204058734
4229,우이2교(연등),0,320,819-1 도,-,002,127.0336353387805,37.64072688021115
4230,우이교(연등),2966,320,703-12도,-,002,127.03195230098169,37.64260901144296
4231,쌍한교,0,320,388-52도,-,002,127.02845998950781,37.64481871350406
4232,영인운수,0,500,266도,-,001,126.82148884732337,37.545793784228195
4233,쌍한교(연등)1,4231,320,388-52도,-,002,127.02790227213694,37.645302433539605
4235,쌍문초교,0,320,285-5대,-,002,127.02338118184068,37.64874539533365
4236,숭미초교(연등)3,4148,320,315-351도,-,001,127.02971237782872,37.650866591050985
4237,대성약국(연등),3628,300,605-185천,-,002,127.0191484972602,37.633336619198495
4238,삼우약국(연등)1,4202,300,507-1대,-,001,127.01279529511694,37.653861215795104
4239,SK씨티아파트,0,300,1349-1도,-,001,127.0153361888182,37.62014323588974
4240,라이브파크정문,0,300,1354 대,-,001,127.0103899144754,37.61944520898389
4241,삼양동자치회관,0,300,1354-8 공,-,001,127.012052686589,37.62011849656388
4242,라이브파크후문,0,300,791-3853 공,-,001,127.01262356862738,37.62154657186892
4243,라이브파크후문(연등),4242,300,791-2377대,-,001,127.01292487059952,37.62214135048372
4244,미양중,0,300,791-2963 대,-,001,127.01295373623928,37.623649551731454
4245,월산식당,0,300,791-3847도,-,001,127.01241936076931,37.62510674315937
4246,여흥빌라(연등),0,300,469-213 대,-,001,127.01342957434534,37.63019298227706
4247,여흥빌라,4246,300,468-92대,-,001,127.01312502503664,37.62945500773472
4248,강북경찰서(경보),0,300,386-16도,-,002,127.02704800323508,37.637044971063375
4249,한밝한의원(경보),0,300,386-16도,-,002,127.02821355254338,37.63619281233929
4250,우성가든(경보),0,300,599구,-,002,127.02457330429289,37.63557480225
4251,강북문화예술회관,0,300,553-62대,-,002,127.01379454953802,37.64034278783742
4252,번동중학교(경보),0,300,250도,-,002,127.0372420610617,37.63148010519842
4253,강북유니온빌딩(경보),0,300,255도,-,002,127.0433820588565,37.62844832038576
4254,번3동노인정(경보),0,300,255도,-,002,127.04272844431823,37.628415810938584
4255,강북중앙교회(경보),0,300,250도,-,002,127.04147268578232,37.627635506501704
4256,번3동우체국,0,300,258도,-,002,127.04628276669949,37.62592172743266
4257,동화파출소(경보),0,300,195-1도,-,002,127.02660057218263,37.62720771919792
4258,똘이식당(경보),0,300,229-22도,-,002,127.02822959734209,37.62312581930142
4259,한영교회,0,300,258-289 도,-,002,127.03178492704107,37.622915204509944
4260,미아교회(연등),5977,300,258-84대,-,002,127.03102538340494,37.623917624442896
4261,강서구민회관(경보),0,500,산4-5 공,-,002,126.84350365424613,37.55409558763237
4262,대명익스프레스(경보),0,300,225-47대,-,002,127.02221681482233,37.62298333174359
4263,문무체육관(경보),0,300,233구,-,002,127.0228899745668,37.622965080604104
4264,성도탕(경보),0,300,233구,-,002,127.02415756444066,37.623280584641286
4265,가나아트홀(연등),867,110,109-4도,-,001,126.9769051304827,37.610511947213276
4266,강북전기(경보),0,300,233구,-,002,127.02516664484938,37.62354119860998
4267,태창세탁소(경보),0,300,233구,-,002,127.02620056104496,37.623569966574586
4268,으뜸어린이공원,0,300,121-43대,-,002,127.02643697594381,37.62325893570617
4269,성북시장,0,300,127-7대,-,002,127.0271090696982,37.621498427149746
4270,성북시장(연등),4269,300,127-17도,-,002,127.02748412909814,37.62058878100577
4271,송천빗물펌프장,0,300,132-16대,-,002,127.02806560313724,37.619120351507625
4272,동양빌딩앞,0,300,860-66천,-,001,127.02278094164727,37.61896103458006
4274,강북중학교(경보),0,300,147구,-,002,127.02615137224073,37.644335491242586
4275,서울기사식당,0,300,380-28 대,-,002,127.02700678042103,37.644797479949375
4276,한국사회봉사회,0,300,산100임,-,002,127.01486597373449,37.661852953760466
4278,강북노인종합복지관,0,300,605-185천,-,002,127.01951734964986,37.63548385352246
4279,강북문화예술회관(연등),4251,300,310-6대,-,002,127.01428263336449,37.64044850686398
4280,우이초교(경보),0,300,394-45도,-,002,127.01588194716433,37.638179360634794
4281,국립재활원(경보),0,300,521-8천,-,002,127.0106636415581,37.63959268276115
4282,419탑,463,300,산6-2임,-,002,127.00936008365422,37.64705550065652
4283,강북청소년수련관,0,300,산9-1임,-,002,127.0067018359296,37.64567070813347
4284,인수중(연등)1,0,300,524-4도,-,001,127.01093103331968,37.64235119727141
4285,통일연구원(경보),0,300,산73-9도,-,002,127.0027347501888,37.642710863420646
4286,신화초교,0,320,487-15대,-,002,127.04175026017437,37.63155566602534
4287,신창초교(경보),0,320,457-6도,-,002,127.04138765559374,37.6361582079141
4288,도봉부동산(경보),0,320,457-6도,-,002,127.04106374052199,37.636784629246655
4289,대신유리(경보),0,320,산206-6임,-,002,127.04271468334305,37.63452223004617
4290,녹십자약국(경보),0,320,501-21도,-,002,127.04128154723882,37.63398583581349
4291,번창교(경보),0,320,516-3천,-,002,127.03827684449045,37.63555815242675
4292,승리자동차병원(경보),0,320,445-14도,-,002,127.03812056396242,37.63617361906881
4293,숭미초교(연등)1,0,320,59-6 대,-,001,127.02817843394051,37.65211106806101
4294,창경초교(경보),0,320,723-3 도,-,002,127.0354829790134,37.65542538111352
4295,방학홈플러스(연등),2953,320,705-4 대,-,001,127.04297915425205,37.66593122589212
4297,수락초교,0,350,산12-1임,-,001,127.05542996784129,37.683681797510225
4298,신월문화센터,0,470,838도,-,002,126.8359198376925,37.51967906606721
4299,홍파복지원,0,350,1264대,-,001,127.05544359428573,37.68068814753975
4300,노일초교,0,350,1118-9 도,-,001,127.05540391907493,37.6739709633918
4301,도봉면허시험장,0,350,694-1도,-,001,127.05956185012062,37.65795386587478
4303,누원초교,0,320,74-1도,-,001,127.05053850089247,37.686134866939256
4304,성대야구장,0,320,637-67 도,-,001,127.04893285638825,37.67728861956605
4305,도봉성우아파트,0,320,637-71 도,-,001,127.04779782418103,37.67559379006131
4306,도봉시장,0,320,626 대,-,001,127.04705389991466,37.67454485270249
4307,도봉중교(연등),3739,320,637-82 도,-,001,127.04659671932251,37.67259156567337
4308,도봉중교입구,3739,320,95-96대,-,001,127.04632472511938,37.6702461175379
4309,도봉구청(연등),4310,320,637-99 도,-,001,127.04625789848089,37.669340680183275
4310,도봉구청,0,320,726-45 도,-,001,127.04614173602997,37.66818634360409
4311,방학대상타운,0,320,726-74 도,-,001,127.04623342206345,37.66597525188962
4312,창동운동장,0,320,721 천,-,001,127.05005095394614,37.660002324552764
4314,창동열린극장,0,320,19 도,-,001,127.0528956054935,37.6560680714724
4315,동아청솔아파트,0,320,808-3 도,-,002,127.04971113052893,37.65699587703426
4316,망원2주민센터입구,0,440,263-9999도,-,001,126.90545507774758,37.56119380621174
4317,환승주차장,0,320,1-12 도,-,002,127.05001694722745,37.65533586327152
4318,기업은행망원,0,440,214-21 도,-,001,126.9071906814458,37.559321843092825
4319,창4동주민센터,0,320,25 도,-,001,127.05112833898208,37.65239900219396
4320,창동동아아파트,0,320,34 도,-,002,127.05179720005209,37.650647703641695
4321,월천초교,0,320,36 도,-,002,127.05260799434114,37.64809477566115
4322,도봉문화정보도서관,0,320,산156-2임,-,001,127.04456417878731,37.64432743637428
4323,창주공4단지,0,320,45 대,-,001,127.04852667640756,37.64531237356412
4324,노원에코센터,1196,350,765대,-,001,127.06000782069614,37.64508875683992
4325,신화빌라,0,320,355 도,-,001,127.04392050423607,37.64618694053845
4328,창북중,0,320,700-124대,-,002,127.03785750534712,37.64977339602515
4329,당현초교,-,350,744도,-,002,127.05932231580616,37.6483345776319
4330,성서대학,0,350,748도,-,002,127.06404385976015,37.6494028079816
4331,상계119안전센터,0,350,449-2학,-,002,127.07182955858256,37.65464559209957
4332,상계119안전센터(연등),4331,350,449-2학,-,002,127.0718855390378,37.65519764122623
4333,청솔연립,0,350,173-26천,-,002,127.0718233937387,37.657329694921934
4334,상계주유소,0,350,173-1대,-,001,127.07144113029459,37.65878977488147
4335,상계벽산아파트,0,350,140-71대,-,001,127.07429122618126,37.66178711941799
4336,주공326단지(연등)1,5460,350,744도,-,002,127.05860032082829,37.65085335826991
4337,상계주공4단지(연등),4026,350,719도,-,001,127.06747020273087,37.654213027144394
4338,노원롯데백화점(연등),3426,350,719-1도,-,001,127.06191195281119,37.65460272438987
4339,상계주공6단지정문,3675,350,1251대,-,001,127.06445531118915,37.65516898266754
4340,화랑예식장,0,350,359대,-,001,127.06185606652488,37.65601923111917
4341,화랑예식장(연등),4340,350,359대,-,001,127.06277337073365,37.65620972752601
4342,상계초교입구,0,350,372-4도,-,001,127.06660496116614,37.65710502140369
4343,상계중앙시장(연등),4342,350,389-301대,-,001,127.06793776241656,37.657760801206315
4344,상계중앙시장,4342,350,389-776도,-,001,127.06942433059153,37.6582900609761
4345,재생약국,0,320,640-45 대,-,002,127.03722152593285,37.66572869867434
4346,거성학마을,0,320,726-59 도,-,002,127.0393872169046,37.6671326558409
4347,거성학마을(연등)2,4346,320,726-37 도,-,002,127.04088904442428,37.667285018533306
4348,신방학중(연등)2,6496,320,산56임,-,001,127.02833238959269,37.66391214799855
4349,신방학중(연등)1,6496,320,726-26 도,-,001,127.03055460780465,37.66540611411666
4350,방학중학교,4348,320,396-17 전,-,001,127.03220232535442,37.6665059344232
4351,신풍천슈퍼,0,320,726-29 도,-,001,127.03338813063642,37.667334282364386
4352,방학2동주민센터,4351,320,산15-1임,-,001,127.03448632351224,37.66810213562203
4353,삼호골드타운,0,320,726-13 도,-,001,127.03685953466665,37.66962662096497
4354,삼원수출포장,0,320,637-49 도,-,001,127.03974319151078,37.67086481293075
4355,신도봉시장,0,320,637-46 도,-,001,127.04095075568605,37.671242896400585
4356,상계교(연등),3972,350,699도,-,001,127.05388353344904,37.66157149374672
4357,상계주공10단지,4009,350,666대,-,001,127.0564595064253,37.6614251242154
4358,상계8단지,0,350,689도,-,001,127.0617250665904,37.66086555193433
4359,7단지영업소,4358,350,685대,-,001,127.06386954166196,37.65997126583323
4360,상계초교,0,350,398-3도,-,001,127.06490495206491,37.65894622439446
4361,방학3동주민센터,0,320,272 대,-,001,127.02779131673195,37.658918238797064
4362,동일초교,0,350,699도,-,001,127.0551339485137,37.664400725340386
4363,상계12단지,0,350,689-1도,-,001,127.0592744461458,37.66478437175743
4364,청원고교,0,350,636공,-,001,127.06110129860105,37.66504152211036
3470,장안현대아파트,3471,230,57대,-,001,127.06835999828432,37.580915575003885
3471,휘경여중,0,230,1-35도,-,001,127.0684230847455,37.58292852321138
3472,휘경여중고,0,230,366 대,-,001,127.06812935680746,37.584045134815746
3474,동성연립,0,230,산6-84 임,-,001,127.06750198757798,37.58590725703958
3475,동일스위트아파트앞,0,230,43-257 임,-,001,127.06769811120938,37.58753898358464
3476,동부교육지원청(연등),-,230,295-92도,-,001,127.0572520488466,37.57838637113742
3477,동부교육지원청,-,230,184-22도,-,001,127.05640205642116,37.57960184873674
3478,해성여중고,0,230,304학,-,001,127.055469745412,37.58086473716656
3479,해성여중고(연등),3478,230,304학,-,001,127.05509255026148,37.58142720599798
3480,떡전교사거리(연등)2,304,230,1-2 도,-,001,127.05242428497752,37.585062442186654
3481,체성회,0,230,34도,-,001,127.05018349730811,37.58601393367697
3482,청량리한신아파트,0,230,34도,-,001,127.04779223609752,37.58658317266112
3483,홍릉동부아파트앞,3482,230,819도,-,001,127.04558077222289,37.58682090855023
3484,홍파초교후문(연등),3485,230,205-818대,-,001,127.04160277374906,37.58669059137467
3485,홍파초교후문,0,230,205-78도,-,001,127.04008682616058,37.586650764032896
3486,양문교회앞,50,230,856도,-,001,127.03699705841126,37.58654428373342
3487,더푸른빌2앞,0,230,135-91도,-,001,127.03452548854037,37.586479847972114
3488,광성상가(연등)1,3489,230,740-3대,-,001,127.03854258537534,37.58162654370226
3489,광성상가,0,230,763-1 대,-,001,127.03849446035848,37.58086375740314
3490,청량리현대코아앞,3491,230,229대,-,001,127.04463010325966,37.58201810898605
3491,동대문경찰서,0,230,819도,-,002,127.04426508341933,37.58313465873677
3492,청량리전화국,0,230,199-197도,-,002,127.04373292274994,37.584816759752925
3493,용진한의원,0,230,852-2 도,-,002,127.03729020841627,37.582880114757
3494,삼일교,0,230,1205도,-,002,127.03593161657791,37.58283109486414
3495,제기동천주교회,0,230,250-1도,-,002,127.03379363743362,37.58277178977989
3496,종암초교,191,230,104-73도,-,001,127.02980824038174,37.58126504352548
7504,성애병원(연등),-,560,4898-1도,-,001,126.92355414071672,37.51305613757089
3499,청솔우성아파트(연등)1,0,230,25-2도,-,001,127.05769861136935,37.576019433602966
3500,세종대왕기념관(연등)2,0,230,207대,-,001,127.04357123745785,37.59170623365368
3501,영화진흥공사,0,230,207대,-,002,127.04246809221151,37.59014308084486
7510,파크모터스,-,170,113-39천,-,001,126.95447845336241,37.5295291229852
3503,이문초교(연등),0,230,237-3도,-,002,127.06516027802908,37.60300718122338
3504,군자출구(경보),0,200,241-1천,-,002,127.07003520623579,37.55980053251914
3505,휘경초교앞,0,230,183-440대,-,001,127.05677252114559,37.588535423724615
3506,제기1새마을금고,0,230,851도,-,002,127.04171370661751,37.58304299532247
3507,소화유치원,0,230,55-11천,-,001,127.03497225076896,37.58281270102353
3508,공성아파트정문,0,230,1205도,-,001,127.03551048613078,37.58115277694103
3509,동원교회(경보),0,230,1205도,-,002,127.03648821663978,37.58485043091963
3510,제기1교서측,3487,230,135-89도,-,001,127.03581880901498,37.58654072520363
3511,은하약국(경보),0,230,819도,-,001,127.04419763966025,37.577756423445706
3512,동대문구민센터,0,230,473-6도,-,002,127.07397645548966,37.566200781197885
3513,성내삼성아파트,0,740,271도,-,002,127.12696890311791,37.53147550168383
7514,양화대교남단램프,-,560,28천,-,001,126.89976300168462,37.53885684371712
3515,장평중(경보),0,230,477-14도,-,002,127.0708194139203,37.56556159235325
3516,나나약국(경보),0,230,477-11도,-,002,127.07244126393043,37.56779129498693
3517,장평초교(경보),0,230,476-6도,-,002,127.07393109833545,37.57286246732549
3518,SK아파트105동앞(경보),0,230,10대,-,002,127.06020234897214,37.5755182618027
3519,SK아파트201동앞(경보),0,230,10대,-,002,127.06306023083764,37.57690631675475
3520,전동초교앞(경보),0,230,45-41 학,-,002,127.0610423805078,37.578241756052286
3521,동대문육아지원센터앞,0,230,472-70대,-,002,127.04842930472262,37.571932973123175
3522,태양의집(경보),0,230,672천,-,002,127.04539323046922,37.574326161582654
3523,부품상가삼거리(연등),0,230,245-13제,-,001,127.05938105834304,37.56428173403756
7517,더샾포레스트201동,-,680,산10-9임,-,002,127.09456688108034,37.48244646673753
3525,삼육서울병원앞(경보),0,230,168-35대,-,002,127.06244968365888,37.59043944900196
3526,휘경SK뷰,0,230,105-27대,-,001,127.06658263329643,37.59417850028383
3527,이경시장,0,230,154-28도,-,002,127.06459594192553,37.594613995597086
3528,외대전철역(경보),0,230,368-5도,-,002,127.06234380826746,37.595505858465934
3529,동답초교(경보),0,230,989-1대,-,002,127.06523107227116,37.572148889357436
3530,청솔우성아파트112동(경보),0,230,80-9도,-,002,127.06148897457224,37.57452091206514
3531,신답초교옆(경보),0,230,544-2도,-,002,127.04271799737664,37.57298644488685
3532,전농초교,0,230,362-6 대,-,001,127.0533590166773,37.57455546719282
3533,중랑지하차도(경보),0,230,119-3대,-,001,127.06849332796229,37.594047827880516
3534,동부센트레빌앞,0,230,42-4 구,-,002,127.06779426867384,37.59092962414015
3535,고대정문,0,290,29-26학,-,001,127.03444694807048,37.58807587384612
3536,안암동(연등)1,6437,290,126-16학,-,001,127.02673580467474,37.580758736693916
3537,안암동(연등)2,6437,230,136-1대,-,001,127.0248019691721,37.57944666480747
3538,동대문세무서(연등)2,-,290,104-1도,-,001,127.02210106775433,37.5803101656105
3540,보문역(연등),305,290,1-1도,-,001,127.01995197208595,37.5842999670402
3541,경동고(연등),590,290,10-1도,-,001,127.01820354252757,37.58756476914633
3543,성북경찰서(연등),493,290,4-5대,-,001,127.01666299491376,37.58897836019543
3544,용호로,0,170,10-3대,-,002,126.9696943853424,37.53488885120375
3545,한국우편사업진흥원,0,560,52-2대,-,001,126.90526885283707,37.523975640842494
3546,한성대(연등)1,3547,290,27-19도,-,001,127.01114285707236,37.590753716289974
3547,한성대,0,290,279대,-,001,127.00963477245202,37.58998218054479
7529,아이파크1차와이즈가든,-,710,393임,-,002,127.1422050953775,37.475324477071666
3549,나폴레옹제과점앞,-,290,50-1천,-,001,127.00531305100925,37.58920234025949
3550,성북1치안센터,0,290,75-1천,-,001,127.00408866398683,37.59043270300841
3552,홍익중고입구,0,290,133-89도,-,001,127.00103983342133,37.5933054724865
3553,선잠단지,0,290,65-3도,-,002,126.99940276108265,37.593188486285634
3554,성북2파출소,3555,290,45-4대,-,002,126.99847601517789,37.593043259369864
3555,성북초교,0,290,37-5대,-,002,126.99777141045048,37.59287356427999
3556,삼선시장,0,290,112-2대,-,002,127.00874927569025,37.587994804967195
3557,블루빌하우스,0,290,300-1도,-,001,127.0131398804779,37.58924663907298
3558,돈암천주교회,0,290,5-1도,-,001,127.01695076673394,37.59044954205743
3559,성신여대,0,290,60-1도,-,002,127.01990624867662,37.59133278928928
3560,동선약국,0,290,1-1도,-,002,127.020281744454,37.594785797426084
3561,보문2교,0,290,20-1도,-,002,127.01895260002624,37.58882476138839
3562,한성대입구사거리,0,290,9-1 도,-,002,127.01115741034837,37.58614974800376
3564,동신초교,0,290,210-1도,-,002,127.01777291552824,37.58329444292652
3565,보문리슈빌204동,3566,290,139대,-,001,127.0206253362797,37.58575657506775
3566,보문3교,0,290,140-1도,-,001,127.0211272266335,37.58598723400644
3567,보문3교(연등),3566,290,86-1도,-,001,127.02207134245906,37.586234675384404
3568,안암초교입구,0,290,160-27도,-,001,127.02368722769566,37.58649716977734
3569,고려대이공대,0,290,126-28학,-,001,127.02530297922532,37.58626689620982
3570,고대병원정문,0,290,126-14 도,-,001,127.02746680913394,37.58627306598139
3571,안암역,0,290,101-12도,-,001,127.02934816942464,37.586289603134276
3572,안암역(연등),3571,290,56-3도,-,001,127.03082602589515,37.586370727744686
3573,성신여대입구역(연등)1,559,290,79대,-,001,127.01794876817061,37.59355401334727
3574,미아고개,0,290,13-151대,-,001,127.02174210488505,37.59836739750067
3575,길음삼부아파트,0,290,1087대,-,001,127.02380927955072,37.603375090297845
3576,성신초교,0,290,82-250임,-,001,127.02331939251307,37.595262428899616
3577,매봉산길입구,0,290,15-1 대,-,001,127.0226000931019,37.59715616629796
3578,고명중고앞,3577,290,16-2 대,-,001,127.02055903860098,37.59844437763052
3579,돈암1동주민센터,0,290,524-62대,-,001,127.02586004674856,37.60342419907142
3580,돈암1동주민센터(연등)1,3579,290,1070-25대,-,001,127.02478258179278,37.60223549369432
3581,정릉뉴타운9단지,0,290,966-1천,-,001,127.01931361469022,37.60241128394362
3583,서경대입구,84,290,138-1임,-,001,127.01477273072891,37.60356768885876
3584,국민은행정릉,0,290,404-2도,-,001,127.0099877001443,37.6084228999682
3585,정릉4동주민센터,0,290,1031-3 대,-,001,127.00740156102307,37.612831741062074
3586,정릉대우아파트,0,290,771-2도,-,002,127.00367220886046,37.616739549563874
3587,정릉3동주민센터,0,290,712-65대,-,002,127.00510553199804,37.609186735955376
3588,국민대램프앞,0,290,869-2도,-,001,126.99651682216286,37.60972531393679
3589,일영유리,0,290,산1-200임,-,001,126.99959538003935,37.60867148675634
3590,도원교통,0,290,산1-200임,-,001,127.00146107769507,37.60804854450641
3591,정릉천주교회,0,290,산87-302임,-,001,127.00404333317697,37.60781847231137
3593,정릉성원아파트입구,0,290,966-1천,-,001,127.00918072497963,37.60568730003278
3594,정릉입구(연등),492,290,966-1천,-,001,127.01073872508826,37.60496432513745
3595,아리랑고개입구(연등),84,290,966-62천,-,001,127.01348093051301,37.60267704623254
3596,아리랑고개,0,290,138-1임,-,001,127.01406807772453,37.60086505375198
3597,돈암힐스테이트아파트,0,290,413-174도,-,001,127.01425648061326,37.598865394590625
3598,흥천사입구,0,290,413-79대,-,001,127.01532312207442,37.596481564582355
3600,정릉풍림아파트,0,290,241-6대,-,001,127.00872805799682,37.616736136751776
3602,목동7단지,0,470,1072도,-,001,126.86416954237808,37.527705643755766
3604,용동초교,0,350,512-1도,-,002,127.06828292508172,37.641798566104214
3605,대진고교앞,0,350,266도,-,001,127.0754019440334,37.63874801925247
3606,동선약국(연등),0,290,373-1대,-,002,127.02018964120352,37.59389008005987
3607,용문교동측,0,290,262대,-,002,127.02073160916805,37.58707909095926
3608,대흥슈퍼(경보),0,290,86-1도,-,002,127.02240018749066,37.58903533634576
3609,용문중고(경보),0,290,93-1도,-,002,127.02296285846921,37.58783990859867
3610,안암초교입구(연등),0,290,361 대,-,002,127.02348138255748,37.58695815332687
3611,하계중,0,350,266도,-,001,127.073152824915,37.64024752462097
3612,현충로가변(삭),0,590,8-9도,-,001,126.96458830289329,37.50798962928033
3613,개운중학교,0,290,산1-86임,-,001,127.02520968347787,37.59416134192767
3614,개운산3거리(경보),0,290,산1-77임,-,001,127.0262503333425,37.59459426965386
3615,청한빌라앞,0,300,44-1도,-,001,127.01367811398583,37.65787321601636
3617,목동중교앞,0,470,405-414도,-,001,126.87064918356258,37.520969936202675
3618,풍림상가(경보),0,290,74-333도,-,001,127.02252648642042,37.59632373619317
3619,정릉쌍용아파트202(경보),0,290,-,-,001,127.01851001044874,37.59910806423764
3620,신광운수,0,350,197-2천,-,002,127.07072357061382,37.652714528036626
3621,신정5동,0,470,1074도,-,001,126.85904910291507,37.52541945953073
3622,정릉쌍용아파트,0,290,16-7도,-,001,127.01800845986813,37.599283196771964
3623,정릉우성아파트101(경보),0,290,산72-445임,-,001,127.01634397091071,37.600191237078356
3624,동선모텔,0,290,1-1도,-,001,127.01615296121238,37.59428318349566
3625,신일부동산(경보),0,290,616대,-,002,127.01231359730929,37.595512980747436
3626,목원초교,3829,470,산8-3도,-,001,126.88188087785525,37.543551950818006
3627,우방아파트(경보),0,290,85-1임,-,002,127.00804495263604,37.597562438988504
3628,수유1파출소,0,300,472-264대,-,001,127.01784350045028,37.631134984783266
3629,장원스카이아파트(경보),0,290,산84-1임,-,001,127.00647098878534,37.59924778272224
3631,북악골프연습장(경보),0,290,산16-1임,-,001,126.9974253832199,37.602113305563726
3632,휴계실앞(경보),0,110,산6-78임,-,001,126.98613151127023,37.60766548329383
3633,부대(경보),0,110,산6-78임,-,001,126.98389993887446,37.6047040612685
3634,성북천주교(경보),0,290,63-11도,-,001,126.99771325565243,37.595313491846895
3636,성북초교(연등)1,3555,290,63-11 도,-,002,126.99675484117802,37.59309163331898
3637,덕수교회(경보),0,290,0-73 가,-,002,126.99512300002095,37.59445996677514
3638,성직수도회(경보),0,290,309-5대,-,002,126.99392722565226,37.59471400751144
3639,명수학교(경보),0,290,0-73 가,-,002,126.99126533333481,37.594739033608796
3640,서울아파트(경보),0,290,330-103도,-,001,126.9892548693737,37.59643371412968
3642,길상사(경보),0,290,326-1도,-,002,126.99234146116838,37.59954958355337
3643,상계11 13단지,0,350,650도,-,001,127.05710238342012,37.66732489075013
3644,성북세무서,0,290,4-1도,-,001,127.01042483340657,37.58836177248651
3646,삼선초교정문,0,290,69-2대,-,002,127.01290115316567,37.5856440144031
3647,복선교,0,290,22-1천,-,001,127.02347500279299,37.60182106789427
3648,돈암초교후문(경보),0,290,10-14대,-,002,127.01386024770005,37.592762525983616
3649,돈암초교정문,0,290,609-1 대,-,002,127.01190290201963,37.59350383556516
3650,청암고교,0,350,370도,-,001,127.07295162224617,37.65150109094966
3651,정릉태영아파트(연등)1,6442,290,170-29 대,-,002,127.0149373635319,37.60623354225376
3652,정릉하모니마트,0,290,1280 대,-,002,127.01542652285889,37.60819069936065
3653,정릉3파출소(경보),0,290,966-1천,-,002,126.99941689741082,37.60794753612797
3654,정릉3동주민센터(연등)2,3587,290,704-18대,-,002,127.00459518991707,37.60853102826616
3655,정릉3동주민센터(연등)1,3587,290,966-1천,-,002,127.00516382012758,37.61052156717241
3656,대성운수,0,290,995-1구,-,002,127.00544908615986,37.61208034987584
3657,국민대길(경보),0,290,716-96 도,-,002,127.00384745546506,37.61224555634249
3658,정릉종합사회복지관,0,290,768-36대,-,002,127.00214566048749,37.61161173186203
3659,청덕초교입구,0,290,1000-1구,-,002,126.99996890411026,37.61122389162567
3660,시립도서관(경보),0,290,257-14도,-,001,127.00871391104116,37.61428980271042
3661,중계1공단,0,350,514-5도,-,001,127.07074746127927,37.645308285676585
3662,햇님유치원,0,290,산1-1임,-,002,127.0051861856043,37.61614290406758
3663,대진운수(경보),0,290,966-1천,-,002,127.00270149711544,37.61704889441984
3664,정릉우체국,0,290,410-73대,-,001,127.01128697667075,37.60574122210295
3665,월곡3동삼성래미안,0,290,77-33도,-,002,127.03569375560188,37.60988517226539
3666,삼선교회(경보),0,290,140-55대,-,002,127.00658123542301,37.59015648687003
3667,동구여상후문(경보),0,290,616-834대,-,002,127.00852042505323,37.59427180581539
3669,종암2치안센터(연등),3082,290,53-47구,-,001,127.03442465566916,37.59904942797064
3670,방학성원아파트,0,320,726-80 도,-,001,127.03473020093782,37.66255966312283
3671,종암경찰서,395,290,90-1860대,-,001,127.03291804724653,37.60191604732196
3672,창동역,0,320,20 도,-,002,127.05059805549051,37.653923104874394
3673,동서병원,3075,290,489-59대,-,001,127.02853317638663,37.60714763997662
3674,녹천역입구,0,320,35-1 도,-,001,127.05288227235852,37.64610236331927
3675,KT노원지사,0,350,1305 대,-,001,127.06315076103822,37.65490307365909
3676,장위우체국,0,290,65도,-,001,127.05531937781707,37.612462522237365
3677,공수부대정문,0,470,245-15 임,-,001,126.82457945631516,37.541258125137496
3678,신월사거리(연등),130,470,263도,-,001,126.82746166662376,37.53713805928896
3679,우이성원아파트(연등)1,0,300,산100임,-,001,127.01340403348975,37.66121796032605
3680,혜화역,0,110,-,-,001,127.00177536778783,37.582961987335885
3682,돈암1동주민센터(연등)2,3579,290,938-20대,-,001,127.02667502069097,37.604310183484984
3683,길음역북측,46,290,914대,-,001,127.02421140879012,37.60568146597599
3684,이마트창동점,0,320,135-1철,-,001,127.04667298778133,37.6513301621616
3685,목1지구대,0,470,913-3도,-,001,126.87848992793187,37.53488319675317
3686,길음뉴타운604동,3688,290,1278 대,-,001,127.02352049965963,37.60760828626346
3687,동부아파트입구,3688,290,1278 대,-,001,127.02312359383566,37.6087141712225
3688,명덕유치원,0,290,1261-313대,-,001,127.02269157170775,37.60994814477927
3689,광운대(연등)2,6866,350,382-26대,-,001,127.05794135237687,37.619265871151505
3690,상계414동,0,350,748도,-,002,127.06621714738915,37.64992490197323
3691,미아초교입구,0,290,637-76대,-,001,127.02221154249906,37.61134342614271
3692,수락산입구,0,350,1263도,-,001,127.05545192221986,37.68236932672973
3693,현대성우아파트,0,300,644도,-,001,127.02211099458022,37.615924918612954
3694,현대성우아파트(연등),3693,300,670-29도,-,001,127.02163949059644,37.617522707035924
3695,송중동주민센터,0,300,90-2 도,-,001,127.03341100025146,37.61653415117117
3697,꿈의숲롯데캐슬정문,0,300,122-55 임,-,001,127.03599278484793,37.618429586317276
3698,동성공업사(연등),3699,300,13-23도,-,001,127.03239839183034,37.61013541156053
3699,동성공업사,0,290,96-8도,-,001,127.03348205053585,37.61071163575118
3700,월곡1동축협,0,290,100-56구,-,002,127.03694842631674,37.605928250047285
3701,생명의전화,0,290,96-1천,-,002,127.0373921805448,37.60382168628963
3702,숭곡초교,0,290,49-53대,-,001,127.03300760852964,37.60910202520311
3703,성산가변(삭),0,410,25학,-,001,126.93374269864077,37.56054993684949
3704,당고개역,0,350,59대,-,001,127.07953016790324,37.670472553692605
3705,KT월곡(연등)1,3080,290,115-155천,-,001,127.03789378058158,37.60198498911171
3706,마들역,0,350,694-1도,-,001,127.057826425057,37.6645429909279
3707,월곡역입구(연등)2,3079,290,29-91 대,-,001,127.04011570477402,37.59980260545814
3708,일신초교,3079,290,1-77도,-,002,127.03979944627096,37.59906466616522
3709,사대부중,0,290,8-258도,-,001,127.03837098430084,37.59577954901324
3710,대일고교,0,470,711-1대,-,001,126.86372392842725,37.539315858054145
3711,상월곡역,0,290,26-1도,-,001,127.04916224723004,37.60674199608854
3712,상계14 16단지,0,350,965-2도,-,001,127.05625234436184,37.6705255547637
3713,상월곡역(연등)1,3711,290,26-1도,-,001,127.05056272946948,37.60749933942235
3714,석관2동삼성래미안(연등),3715,290,66-280도,-,001,127.05260685557676,37.60854463570264
3715,석관2동삼성래미안,0,290,66-3대,-,001,127.05404488457627,37.60931218085456
3716,돌곶이역(연등),491,290,11-13대,-,001,127.0585930880376,37.61169812714748
3717,장위사거리(연등),296,290,168-29도,-,001,127.06230679706876,37.61379250434831
3719,석관중뒤삼거리,0,290,77-9도,-,001,127.06726581937201,37.6072860695375
3720,석관중,0,290,58-1도,-,001,127.0660012526551,37.607215961064455
3721,등촌역,0,500,633-17대,-,001,126.8644866990452,37.551248459072774
3722,석관중(연등),3720,230,43-1도,-,001,127.06661493878006,37.605895027806866
3723,석관고입구,0,290,131-30대,-,001,127.06451090895546,37.60898379739991
3724,석관고입구(연등),3725,290,130-21대,-,001,127.06348983475354,37.610075055867526
3725,석관지구대앞,0,290,0-4 가,-,001,127.0626167268716,37.611004170867645
3726,장석시장,0,290,473-5도,-,001,127.05840783167758,37.61514030151059
3727,위례정보산업고,0,350,78학,-,002,127.07359809147579,37.63105852807272
3729,장곡시장(연등),3730,290,181-3대,-,001,127.04814761922904,37.61752130202545
3730,장곡초교,0,290,237-226도,-,001,127.04938773895879,37.616766266470805
3731,하나은행장위,3758,290,144-89대,-,001,127.05170404714073,37.615314032885934
3732,수진약국,0,290,74-141도,-,001,127.05337776107434,37.61427217216668
3733,석관초교입구,491,290,51-16대,-,001,127.05798053280107,37.60997153928637
3734,국민은행석관,0,290,268-2도,-,001,127.05887162775907,37.60905893048054
3735,국민은행석관(연등),3734,290,268-2도,-,001,127.0596855679882,37.608279193681774
3736,제일은행석관,0,290,322-3도,-,001,127.06129725555591,37.60678953324821
3737,우리은행석관,3736,290,285-29대,-,001,127.06196921104753,37.60561308901695
3738,석관초교,0,290,46-2대,-,002,127.05904244263499,37.61023993711845
3739,도봉중교,0,320,637-85 도,-,001,127.0464249165999,37.671234638057584
3740,국민은행장위,0,290,74-307도,-,002,127.04897836388292,37.613599865126034
3741,수락초교삼거리,0,350,1205-17 주,-,001,127.05543090680236,37.684772213527026
3742,도봉청소년도서관,0,320,726-119 도,-,001,127.04653564903981,37.664237215147644
3743,장위시장,3740,290,76-3대,-,002,127.05038745790768,37.61337166492786
3744,한천초교,4010,350,660-7천,-,001,127.06982639096925,37.61989983604157
3745,태릉가스충전소,0,350,704-5도,-,001,127.0728864446163,37.61672120813164
3746,우리은행장위,0,290,219-223대,-,002,127.0428868016272,37.61396211064388
3747,석계역,0,350,21-13대,-,001,127.06500111491009,37.61426685160201
3749,삼익세라믹아파트,0,320,265-1구,-,001,127.03509660938634,37.6581524945087
3750,인덕대학입구,0,350,277-4대,-,001,127.05665025999693,37.62862020867142
3751,월곡초교,0,290,246-165도,-,002,127.04776246705482,37.6101339248837
3752,장곡초교(연등),3730,290,188-15대,-,002,127.04853740551037,37.6160147748867
3753,사대부고정문(경보),0,290,7-129학,-,001,127.03692682800529,37.59313956886625
3754,성심사약국,0,290,3-70도,-,001,127.03918606286112,37.597294083071255
3755,KAIST후문(경보),0,290,12-21철,-,002,127.04548608825925,37.60430357206091
3756,양계농협장위(연등),0,290,317 대,-,001,127.04582361055687,37.618932390082726
3757,장곡시장,0,290,299-13대,-,001,127.04720539392167,37.618090557565715
3758,하나은행장위(연등),3731,290,199-36대,-,001,127.05076536185886,37.61591529224974
3762,장위천주교회(경보),0,290,74-307도,-,002,127.04891177493855,37.61272010551398
3763,삼원빌딩(경보),0,290,272-102구,-,002,127.05494506952309,37.615144127776006
3764,당고개냉면,0,350,116-1 대,-,001,127.07580222809956,37.665494328977864
3765,상월곡동아아파트,0,290,246-138대,-,002,127.04732336741374,37.60776513126396
3766,장성교회(경보),0,290,246-165도,-,002,127.04730687764203,37.60842480285696
3767,서울출입국관리사무소,0,470,319-3도,-,001,126.86999938048703,37.51853073194287
3768,월광파출소(경보),0,290,96-1천,-,001,127.03442443810702,37.60678517070262
3769,성북구심리지원센터,3700,290,222 대,-,001,127.03740333897889,37.60434850283486
3770,래미안아트리치(연등)1,0,290,71-18도,-,002,127.06285906659676,37.606975455669655
3771,영훈초교,0,290,454-10대,-,002,127.02720406659142,37.61255854438276
3772,태릉우성아파트,0,350,95도,-,001,127.08643859433616,37.62422510798237
3773,석계두산아파트(경보),0,290,10-1도,-,002,127.06675615842835,37.613968074880034
3774,목동10 12단지,0,470,311대,-,001,126.85751471719861,37.51422020222255
3775,송중장안빌라,0,300,3-541대,-,002,127.03359770278924,37.6153898200703
3776,양록농협,0,300,3-31대,-,002,127.03426902477723,37.61318564476102
3777,장위1파출소(경보),0,290,74-307도,-,002,127.04596122494745,37.61389850609665
3778,월곡3동삼성래미안(연등)1,3665,290,77-33도,-,002,127.03549260278866,37.610503524945294
3779,중앙하이츠아파트(회전교차로),0,290,10대,-,001,127.0671405129583,37.61046265175443
3780,길음동부아파트(경보),0,290,1278-6 도,-,002,127.02379379188118,37.6088548004226
3781,길음동부아파트108동,0,290,1261-180 도,-,002,127.02492715560172,37.61206986937483
3782,동부아파트107동(경보),0,290,1262-213도,-,002,127.02365700396368,37.61184020734226
3783,북한산시티149동,0,300,836-55 대,-,001,127.01525108123454,37.61944407108972
3784,충신시장,0,110,-,-,001,127.00560520161021,37.575006248472036
3785,기독회관,0,110,136-3도,-,001,127.00204199999239,37.57332351443462
3786,종로백화점약국,0,110,-,-,001,127.003756617062,37.57103757006016
3787,서울디자인지원센터,0,110,28-1도,-,001,127.00779433713484,37.572672954739616
3788,신트리고개,0,470,521 공,-,001,126.85007506952327,37.51164599110029
3789,신트리3단지,0,470,1266도,-,001,126.85167082784344,37.51220445138138
3791,창일초교,0,320,370 도,-,001,127.04834478056728,37.647253818853144
3792,열병합발전소앞,0,470,499천,-,001,126.88563399372721,37.53925723989547
3793,등촌아이파크아파트(연등),3794,500,429-8도,-,001,126.86239589997757,37.545451234173505
3794,등촌아이파크아파트,0,470,650-10도,-,001,126.86220560564477,37.54387901479118
3795,영일고교,0,470,622-23도,-,001,126.86316681951294,37.547798184256884
3796,양천소방서,0,470,919-2도,-,001,126.87269307947861,37.529864645009795
3797,금옥여고,450,470,736-5도,-,001,126.84383698623331,37.509481629245755
3798,신정3단지,0,470,695-9도,-,001,126.84645841382329,37.51040852653658
3800,신서중,0,470,310대,-,001,126.85499837927712,37.51545975290863
3801,목동10단지,0,470,1092도,-,001,126.85379597213078,37.5181990624703
3802,목동13 14단지,0,470,328-5도,-,001,126.86971829734044,37.51403733740353
3803,양천구의회,0,470,314대,-,001,126.8663769283895,37.518169467478955
3804,목동812동,0,470,314-7도,-,001,126.86818685486853,37.51921083164607
3805,서울강림교회,-,470,322-4도,-,001,126.8646819911224,37.517565613877714
3806,서울강림교회(연등)1,3805,470,313대,-,001,126.86292768759236,37.51700078635144
3807,KEB하나은행목동남지점,0,470,311대,-,001,126.85947665746475,37.51574682141612
3808,KEB하나은행목동남지점(연등),3807,470,-,-,001,126.8616085104194,37.51654549100151
3809,목동12 13단지,0,470,312대,-,001,126.86073012755223,37.51450022039854
3810,세신교회(연등),3809,470,327-4도,-,001,126.86239127958189,37.515069465234994
3811,양천경찰서,0,470,327-4도,-,001,126.86537850556842,37.51613339024347
3812,양천구청,3811,470,320-2도,-,001,126.86652528431298,37.51653226548674
3813,서울출입국관리사무소(연등)2,3767,470,320-2도,-,001,126.86921187210957,37.51766622913177
3814,목동중교앞(연등),3617,470,319-3도,-,001,126.87043136117941,37.5197902263299
3815,목동쉐르빌,0,470,869-1 도,-,001,126.87114495549243,37.52311062903016
3816,동문빌딩,0,470,314-7도,-,001,126.86873889861468,37.5212466339382
3817,목동천주교,0,470,314-7도,-,001,126.86931139743682,37.52360117768014
3818,현대프라자,3101,470,916-1도,-,002,126.8599134721681,37.519634148550985
3819,CBS앞,0,470,920-2도,-,002,126.87429007798244,37.52782585475939
3820,목동전화국(연등),3821,470,918-2도,-,002,126.87584163894492,37.53018055397539
3821,목동전화국,0,470,917-3도,-,001,126.87672385839114,37.530056253856635
3822,목5동성당,0,470,907-21도,-,001,126.87745651705485,37.532961335741966
3823,목1지구대(연등),3685,470,912-2도,-,001,126.87971529445907,37.535337112164875
3824,목마공원,0,470,910-2제,-,001,126.88654951261994,37.53771836107518
3825,목마공원(연등)1,3824,470,911-9도,-,001,126.8852950444557,37.53730305666443
3826,목동부영그린타운,0,470,912-2도,-,001,126.88193739731227,37.53612112064604
3827,녹색환경교육센터,5016,470,142-2천,-,001,126.8851597612057,37.54019857887393
3829,신목동역,0,470,10-8천,-,001,126.88308960986777,37.54419673480817
3830,월촌중,0,470,900대,-,001,126.88229774109335,37.53795096866873
3831,목동1 2단지,0,470,901대,-,001,126.88002673636441,37.5371681575466
3832,현대월드타워,0,470,901대,-,001,126.87733503659187,37.536160167547024
3833,현대월드타워(연등),3832,470,902대,-,001,126.87648813090254,37.535554406757356
3834,양천도서관,3837,470,903-6도,-,001,126.87565097226073,37.533883973252124
3836,양천사회단체봉사센터(연등),3837,470,920-2도,-,001,126.87504193621618,37.531198306660045
3837,양천사회단체봉사센터,0,470,904-4도,-,001,126.87521205264851,37.53212258162943
3838,양천소방서(연등)1,3796,470,919-2도,-,001,126.87085161109484,37.52993089849169
3839,비전프라자(연등),3840,470,904대,-,001,126.87047108466703,37.528952689711616
3840,비전프라자,0,470,904-2 공,-,001,126.87035939117371,37.528270919408364
3841,목동천주교(연등),3817,470,927-5학,-,002,126.8671554833454,37.52323698727819
3842,월촌초등학교앞,0,470,901-3도,-,001,126.87507718883731,37.53984234535113
3843,목동3 4단지,0,470,903-4도,-,001,126.86969511957226,37.53312051788641
3845,영도초교,0,470,756-7대,-,001,126.86995659477817,37.535070160985356
3846,신목중학교앞,0,470,902-3도,-,001,126.8714708028732,37.5365611010631
3847,신목중학교앞(연등)2,3846,470,902-3도,-,001,126.87259818329133,37.537535159499775
3848,한신청구아파트앞,0,470,901-3도,-,001,126.87996417437313,37.54222880330753
3849,북한산우이역,0,300,산 99 임,-,001,127.01255553385853,37.663209940969075
3850,인권빌딩,0,470,728-24대,-,001,126.86360488267026,37.53426456546841
3851,강서고교(연등)1,3852,500,579도,-,001,126.86345605565421,37.5356177231924
3852,강서고교,0,470,814도,-,001,126.86350509442944,37.536908151130426
3853,대일고교(연등),3710,470,713-22대,-,001,126.86361775082169,37.53793110926681
3854,목동월드파크빌,0,500,324-2도,-,001,126.86374525806146,37.54087137617812
3855,대림아파트,0,470,655-16대,-,001,126.8628829969515,37.54256003502224
3856,남우빌딩,0,470,1060도,-,002,126.86154454895649,37.5265619803128
3857,목동영광교회(연등),5010,470,896-22공,-,001,126.8615363325811,37.52572911563713
3858,신정5수협,0,470,951-2도,-,002,126.86013879124538,37.526747491663464
3859,하계3단지,0,350,715-2도,-,002,127.0692542610469,37.62761665250733
3860,은정초교,0,470,168-4구,-,002,126.8671482138358,37.510423126504506
3861,월계건강관리센터,0,350,313도,-,001,127.06104879430649,37.631492463626934
3862,청기와호텔,0,470,896도,-,002,126.84442112660923,37.52005250801699
3863,노원문화원,0,350,127-6답,-,002,127.07032630640924,37.628700748680146
3864,공릉초교,0,350,687-2구,-,002,127.07376971670571,37.61830356939085
3865,대경빌딩,5112,350,375-4대,-,001,127.0719414805983,37.62392858315255
3866,공릉도서관,0,350,514-2도,-,001,127.07263280087078,37.62181637461346
3867,건민약국,0,350,405-3구,-,002,127.07157505280684,37.62502613024251
3870,원광초교,0,350,370도,-,001,127.07423203333305,37.65468315483588
3871,강월초교,0,470,906도,-,002,126.83500674726817,37.515716642977885
3872,공릉지하차도위,0,350,707-2도,-,002,127.06759015284624,37.631001777536724
3873,기업은행공릉,0,350,754 대,-,002,127.07942792263299,37.623280549832195
3874,양정고,0,470,911-10제,-,001,126.88818725215825,37.534697484980356
3875,혜인약국,4372,350,456-23도,-,001,127.06597306955348,37.66299491585486
3876,청구아파트,0,350,512-1도,-,002,127.06929570836652,37.639386796763006
3877,상경초교,0,350,660도,-,002,127.05270096941281,37.670869612930176
3878,번3동주민센터,0,300,2-2도,-,001,127.04748888624466,37.626550319157246
3879,공연초교(연등),0,350,374-2도,-,002,127.07541416681184,37.62661249985473
3880,서울과학기술대앞,0,350,172-3천,-,002,127.07637859432988,37.63008177474715
3881,원자력병원입구(연등),0,350,산212-2임,-,001,127.08499530944323,37.627983927278045
3882,공릉동부아파트,3884,350,189 학,-,002,127.07798609447956,37.6276973885392
3883,강월초교입구,0,470,631도,-,001,126.83941356656223,37.51705458187285
3884,공릉치안센터,3882,350,189 학,-,001,127.07911273988661,37.62684362999509
3885,신월마이홈아파트,0,470,895도,-,002,126.84797251398598,37.52254651240716
3886,동방사우나,0,470,478-20대,-,002,126.84642929296466,37.52174783906828
3887,연촌초교,0,350,252-6학,-,002,127.07188570519888,37.63434202196259
3888,농협창동유통센터,0,320,20 도,-,001,127.05320973046659,37.65443146310512
3889,신한은행신월동지점(연등),5011,470,630도,-,002,126.84310800561093,37.518964804169656
3890,공릉삼익아파트404동앞,0,350,78학,-,002,127.07356035623769,37.629274543061975
3891,신정역,0,470,1090도,-,001,126.85361953330462,37.5246884149956
3893,심미아파트,0,470,1057도,-,001,126.85620112667019,37.52504073750475
3895,용동초교(연등),3604,350,512-1도,-,002,127.06882804455718,37.64057127742313
3896,청계초교,0,350,512-1도,-,002,127.06715973038568,37.644253396824475
3897,상수초교,0,350,748도,-,002,127.06556566035049,37.65238881603366
3898,청계초교(연등),3896,350,512-1도,-,002,127.0667016973246,37.64533868005333
3899,청솔8단지,0,350,91-3도,-,002,127.08552721513784,37.623412247817726
3900,동북초교,0,320,53 대,-,001,127.02795171897428,37.65539590524286
3901,청솔8단지(연등),3899,350,81-3 도,-,002,127.08412472506546,37.62281332571416
3902,코오롱연립,0,350,274-3도,-,002,127.0721528584047,37.63643769409714
3903,상계역,0,350,156-119대,-,001,127.07238010288096,37.65999919051972
3904,태릉초교,0,350,91-3도,-,002,127.08586313896463,37.6222800136814
3905,태릉초교(연등),3904,350,87-2도,-,002,127.08502911100211,37.621818169278974
3906,하계지하차도위,0,350,708-2도,-,001,127.07035925281103,37.631179802439185
3907,상계역(연등)1,3903,350,155-17도,-,001,127.07136860438455,37.66091492539089
3910,삿갓봉근린공원,0,350,370도,-,001,127.07507465274897,37.65782972718706
3911,노원경찰서,0,350,288-6도,-,001,127.07183380543243,37.643105207828334
3912,삼양시장,0,300,-,-,001,127.01844898787353,37.624847825214125
3913,월계어린이집(연등),4049,350,72-3도,-,001,127.06334456093515,37.61961338879167
3914,하계주유소,3911,350,288대,-,002,127.07066406894454,37.642568250494676
3915,공릉2치안센터,0,350,95도,-,001,127.08690395829919,37.62258896367179
3916,수락고가,0,350,1150-38천,-,001,127.05162936114527,37.67880969910396
3917,신정배수펌프장,0,470,916-1도,-,001,126.87786811673186,37.52553130108182
3918,신당초교후문,0,140,314-1대,-,002,127.02425951128166,37.56363292847093
3920,선경아파트입구,3605,350,266도,-,001,127.0771979223093,37.63808181351718
3921,초당초교,0,320,508-5 도,-,001,127.02282200286706,37.657463121381596
3922,노해근린공원(연등),430,350,580대,-,001,127.07003401311123,37.64772425200587
3923,서서울호수공원앞,0,470,808도,-,001,126.83251841382096,37.52964725669615
3924,신월1지구대입구,0,470,808도,-,001,126.83110385585074,37.531767716279184
3925,태릉우성아파트(연등),3772,350,106대,-,001,127.08624628897624,37.624909255339944
3926,신월3치안센터,0,470,263도,-,001,126.82692823045774,37.53569329548337
3927,대한교회,3953,470,1094도,-,002,126.85969987621615,37.521893217207015
3928,삼성연립,0,470,43-8학,-,001,126.82463357966556,37.53536173574231
3929,태릉솔밭주유소,3772,350,산210-1임,-,001,127.08600498207632,37.625656668758744
3930,화곡로입구(연등),154,470,258도,-,001,126.82718848604789,37.539373959386204
3931,태릉우방아파트,0,350,119도,-,001,127.08568224070711,37.626779965637596
3932,신화중학교(연등),3934,470,1091 대,-,001,126.82947713580698,37.539445802775376
3933,강서교육지원청입구,0,500,1089-60도,-,001,126.83386022495529,37.539892437214306
3934,신화중학교,0,470,1091 대,-,001,126.83080687870114,37.539522372906
3935,원자력병원입구,3881,350,119도,-,001,127.08431242379088,37.62927092237113
3936,월정초교앞,0,470,1070-27 대,-,001,126.83422130904134,37.536731293282735
3937,효성빌라,0,470,60-36 대,-,001,126.83163749664281,37.53635941765682
3938,중계1공단(연등),3661,350,514-5도,-,001,127.07016224995401,37.64659775209205
3939,화곡고가밑,0,470,1060도,-,001,126.84895988613829,37.52776598728943
3940,혜성여고,0,350,266도,-,001,127.07252085011756,37.64157703274212
3941,GS슈퍼마켓,0,620,979-4도,-,001,126.94886333856282,37.479028053458634
3942,목동중학교앞,0,470,86-8대,-,001,126.87247202653015,37.51980485938614
3943,목동시장(연등),3944,470,405대,-,001,126.8736023999466,37.521281887450215
3944,목동시장,0,470,406-229대,-,001,126.87468030406522,37.52265313484084
3945,당고개주유소(연등),1939,350,75-10도,-,001,127.0804231134755,37.669407421807314
3946,목동초교,0,470,936대,-,002,126.8728949481737,37.52290817107533
3947,신정교서단,0,470,117-11대,-,001,126.87404634433908,37.51832362966989
3948,신정현대아파트,0,470,409-379천,-,001,126.87794075898701,37.520610522538014
3949,목일중학교앞,0,470,330-8제,-,001,126.87544605259785,37.51319149867536
3950,창일중교,0,320,135-1철,-,001,127.04737319284271,37.64944909771301
3951,노원구청,0,350,739도,-,001,127.05760184797768,37.65365327606369
3952,양천어린이집,0,470,330-12도,-,002,126.86959763325699,37.51115035974788
3953,신서초교,0,470,1094도,-,002,126.86281165838469,37.52221967893269
3955,신정네거리역(연등)1,104,470,948-13대,-,002,126.85439518891161,37.521300218942365
3956,서울신정단지우편취급국,0,470,1101도,-,002,126.85668105390509,37.52155588824029
3957,불암동아아파트,0,350,95-293도,-,001,127.07815437741483,37.66650162841519
3958,신서초교정문,0,470,313-4도,-,002,126.86291120548086,37.521087681689394
3959,싱싱마트앞(연등),5630,350,65-41천,-,001,127.07914854103078,37.66779720387203
3960,신서초교정문(연등)3,3958,470,1094도,-,002,126.86373857234841,37.51956115101828
3961,불암동아아파트(연등)2,3957,350,95-293도,-,001,127.07762413503865,37.66578703841402
3962,상계3 4동주민센터,0,350,63-6구,-,001,127.08286784220148,37.672116569325716
3964,상계3치안센터(연등)2,3965,350,109-38 도,-,001,127.0770357427063,37.664964148384385
3965,상계3치안센터,0,350,95-292천,-,001,127.07585138040378,37.66393701591274
3966,당고개입구오거리,0,350,136-1도,-,001,127.0758129997859,37.662756771572084
3967,염광여상,0,350,539-20도,-,001,127.05201745564263,37.6257653248047
3968,중계건영아파트,3966,350,91-3 도,-,001,127.07572592069002,37.66157614007585
3969,수유3동주민센터,0,300,140도,-,001,127.02272056667073,37.639044846770815
3970,중계목련3단지,0,350,454-10천,-,001,127.06788431575144,37.64768674480169
3971,신상계초교,0,350,140-257천,-,001,127.07656083186365,37.66741788653094
3972,상계교,0,350,699도,-,001,127.05244752507063,37.66171074651764
3973,중계주공3단지,0,350,160 대,-,001,127.07478569713214,37.65672441229739
3974,강서초교(연등)1,0,470,446-1대,-,001,126.84141615218455,37.52185589591906
3975,을지중,3650,350,588대,-,001,127.07120495424647,37.65026934206218
3976,양지근린공원,0,350,391도,-,001,127.0765754195043,37.64773567721453
3977,꿈나라유치원,0,350,142-2도,-,001,127.07539540255881,37.659803180059185
3978,꿈나라유치원(연등),3977,350,136-1도,-,001,127.0755223970954,37.66061987432884
3979,농협공릉지점,0,350,513-31대,-,001,127.07415953504598,37.622166952258674
3980,농협공릉지점(연등),3979,350,374-2 도,-,001,127.07370042213655,37.623494689238306
3981,노원주유소앞(연등),3979,350,517-9대,-,001,127.07452552362585,37.62103776202809
3982,노원주유소앞,3979,350,566-19대,-,001,127.07487905812758,37.61995138760668
3983,공릉역(연등)2,490,350,429-1철,-,001,127.07410983611088,37.62608183301829
3984,중계경남아파트,0,350,503-3도,-,001,127.06478083607283,37.64358501883908
3985,중원초교,3984,350,502-2도,-,002,127.06367024047155,37.6432704232097
3986,서울과학기술대입구,0,350,481-6도,-,001,127.07134185664957,37.628911913184815
3987,삼성스토어공릉점,3986,350,378-2도,-,001,127.07208650275732,37.627485030340885
3988,목동야구장,0,470,914체,-,001,126.88034060656896,37.528838953985826
3989,중계근린공원,0,350,503-3도,-,001,127.06592955822673,37.64112255780921
3990,수락산역남측,0,350,1268 차,-,001,127.05528325345594,37.67605564256867
3991,월계사슴2단지(연등),3992,350,320-10도,-,002,127.05951180166953,37.63304611251743
3992,월계사슴2단지,0,350,320-10도,-,002,127.06030113070457,37.63229531368729
3993,월계삼호30동,0,350,194도,-,001,127.06710691111647,37.625524441389985
3994,월계삼호37동,0,350,203-1도,-,001,127.06571796381216,37.62674309685095
3995,금호제일교회,151,200,633대,-,001,127.02721717624759,37.54809903323302
3997,남부법원 검찰청(연등),541,470,1095도,-,001,126.86484135275629,37.52431119012393
3998,목동주차장,0,470,917-3도,-,001,126.87617151950676,37.527575606829515
3999,영등포코스트코,0,560,48-1도,-,002,126.89258053317052,37.527167326147215
2257,명일삼익가든,0,740,산67-3도,-,002,127.14878283614317,37.546668978697554
2258,명일역,0,740,320-2도,-,001,127.14395828321922,37.550795761943
2260,거여초교,0,710,133-27도,-,002,127.13951325552351,37.502914404357035
2261,유진주유소,0,710,128-6도,-,001,127.13883215826289,37.50478430161798
2262,고덕그라시움102동앞(연등),2263,740,217대,-,001,127.15860885340467,37.555715751837226
2263,고덕그라시움102동앞,0,740,217대,-,001,127.16041017585584,37.55591693670328
2264,길동프라자아파트,0,740,산26임,-,001,127.14833117306003,37.536495172239356
2265,보훈병원뒷길(연등),2266,740,575-6 답,-,001,127.15058691130454,37.53364436928307
2266,보훈병원뒷길,0,740,587-1 답,-,001,127.1497620577396,37.5317185776342
2267,상아주유소,2118,710,54-20 임,-,001,127.14749217487312,37.49997008492069
2268,한림여상,0,710,112-18도,-,002,127.13174218894545,37.485622785213415
2269,성화빌딩(연등),2105,710,84-3도,-,002,127.12884006938219,37.483180301840555
2270,암사아파트(토끼굴),0,740,608-21도,-,002,127.12399146566102,37.55163810597141
2271,토끼굴입구,0,740,608-21도,-,001,127.12508442109768,37.554819808428725
2272,암사육관문,0,740,532-2제,-,002,127.12473584006004,37.55385515190159
2273,토끼굴입구(연등),2271,740,601-10전,-,001,127.1263516944513,37.554771373021254
2274,엘웨딩부페,0,740,555대,-,001,127.12898029386432,37.5369709725299
2275,강동역,0,740,167-192도,-,001,127.13209770924998,37.53599598220305
2276,보훈병원입구(연등),2222,740,64-1도,-,001,127.14262238336252,37.534105359564194
2277,신한국주유소,2225,740,116-11 도,-,001,127.14555709703752,37.521400339341064
2278,신암초교,0,740,548도,-,001,127.12674811345184,37.54789239626607
2279,국민은행암사(연등),4556,740,506-7대,-,001,127.1283911470871,37.55246497169117
2280,선사사거리(연등),2211,740,528-1도,-,001,127.13106310626453,37.55476389646213
2281,신암중,0,740,252-8전,-,001,127.13401354291341,37.55475952044446
2282,우리은행암사(연등)1,2281,740,530-2도,-,001,127.13563323048314,37.55474736738913
2283,우리은행암사,0,740,530-2도,-,001,127.1364893473473,37.55474536196171
2284,강일중학교,2283,740,402-7도,-,001,127.13785177236906,37.55474534786962
2285,암사3동주민센터,0,740,392-4도,-,001,127.14002183297242,37.55471868065009
2286,장애인종합복지관,2287,740,490도,-,001,127.14782871948934,37.55471603966366
2287,삼익그린아파트,0,740,314도,-,001,127.14892821932636,37.55471052310033
2288,삼익그린아파트(연등)2,2287,740,314도,-,001,127.15083086942948,37.554693042371575
2289,삼익그린아파트(연등)1,2287,740,2도,-,001,127.1521444583987,37.554767659026105
2290,대한볼링협회,0,740,450-45도,-,001,127.13747401560867,37.5309800199481
2291,길동초교(연등)2,2220,740,367-7도,-,001,127.1403188193261,37.53866574817279
2292,십자성마을,0,740,42 대,-,001,127.14200410332107,37.5431569574994
2293,십자성마을(연등),2292,740,31-8도,-,001,127.14238890731727,37.54413402467993
2294,러스크강동병원,2209,740,324-1대,-,001,127.14344321582614,37.54779782357252
2295,명일전통시장앞,2258,740,309-1대,-,001,127.14378857111622,37.549777663358476
2296,래미안솔베뉴앞(연등)2,2210,740,317-1대,-,001,127.14424950327478,37.553339037297995
2297,명덕초교입구,2210,740,469도,-,001,127.14469260104892,37.55664564360843
2298,강동구청,0,740,546-3도,-,002,127.12332382213712,37.52970337336613
2299,강동소방서,0,740,271도,-,002,127.1246142056119,37.529121700874356
2300,성내한양수자인,0,740,546도,-,001,127.12811359110866,37.52753720805663
2301,농협입구(연등),2302,740,407-5대,-,002,127.13127697230273,37.52899871273209
2302,농협입구,0,740,384-24대,-,002,127.13180233914639,37.53012111653974
2303,천호삼성아파트,0,740,384-11도,-,002,127.13558485286596,37.53793135374498
2304,천동초교삼거리,0,740,76-7도,-,002,127.1371634302104,37.54094217778672
2305,천동초교,0,740,369-6도,-,002,127.13893526675787,37.54110802883755
2306,길동119안전센터(연등)2,2307,740,332대,-,002,127.14286154371226,37.54087564511137
2307,길동119안전센터(연등)1,0,740,323-6도,-,002,127.14413404807657,37.54082329118607
2308,문정1동주민센터,0,710,121-13도,-,002,127.12411139179126,37.49037398686503
2309,신명초교,0,740,38-4도,-,002,127.14871484427965,37.540566801043155
2310,문정1동주민센터(연등)1,2308,710,118공,-,002,127.12340409427004,37.48998277267297
2311,강동공안과,0,740,119-2도,-,002,127.12268860570664,37.53270575387233
2256,명일여고앞,0,740,36도,-,001,127.14932316401772,37.54917144259206
2312,성내초교,0,740,119-6도,-,002,127.12410348339174,37.5323407176528
2313,성내동삼성래미안2단지후문,3513,740,271도,-,002,127.12610619525593,37.531728351470036
2314,성일초교,0,740,598 대,-,002,127.12977825456024,37.530678881614406
2315,길동현대아파트,0,740,51-17도,-,002,127.14391151214983,37.5319828631132
2316,강동도서관,0,740,95-4도,-,002,127.14600304944032,37.53744840276499
2318,천일초교(연등),2332,740,293-19도,-,001,127.13271825770774,37.54456712982788
2319,천호2치안센터,0,740,517 학,-,002,127.12363125732465,37.545797253634426
2320,천일중,0,740,310-25대,-,002,127.12873686781192,37.545059884863015
2321,선사현대입구,0,740,547-2도,-,002,127.1252821694869,37.55114040290871
2322,암사2동주민센터,0,740,547-2도,-,002,127.1265980640079,37.550508409098974
2323,강동초교,0,740,492-4대,-,002,127.13160841651404,37.54837669304234
2324,천호초교입구,0,740,486-26대,-,001,127.13461773335737,37.5471143610193
2325,천호1치안센터,0,740,19-2대,-,002,127.13721137913672,37.546155811759704
2326,천호중,0,740,28-1대,-,002,127.1395500415868,37.54575753890087
2327,주몽학교,0,740,산 26-7 공,-,001,127.16408255513613,37.54580408422239
2328,고덕중학교,0,740,224도,-,002,127.16222462211405,37.560478489571416
2329,고덕119안전센터,0,740,495도,-,002,127.15245000826938,37.55713578127957
2330,래미안솔베뉴후문(111동),2258,740,296-17 공,-,002,127.1459507129815,37.55042351896514
2331,명일한양아파트앞,2233,740,48-15대,-,001,127.15421569801734,37.54918757133064
2332,천일초교,0,740,274-1도,-,001,127.13219364731899,37.54378605375904
2333,천호동공원앞(연등),2214,740,332-2대,-,001,127.12483206430176,37.542559573823326
2334,암사119안전센터,4556,740,534도,-,001,127.12885336940163,37.553822631357036
2335,명일역(연등),2258,740,306-5대,-,002,127.1429979917374,37.550684356479024
2336,워커힐아파트,2337,210,337-13수,-,001,127.10700460277452,37.54799384805756
2337,워커힐아파트(연등),0,210,145-25도,-,001,127.10801201385168,37.54932700089107
2338,워커힐동문,0,210,54-2도,-,001,127.10914682215444,37.55106453417641
2339,아차산역삼거리,0,210,272-16도,-,001,127.08836876381618,37.55362460362763
2340,어린이대공원역,0,210,98학,-,001,127.0741778925623,37.54726905739799
2341,건대입구삼거리,0,210,465-2도,-,001,127.07628853404432,37.54638457484847
2342,잠실대교북단사거리(연등),447,210,743-1도,-,001,127.08634338888055,37.53121436494566
2343,자양삼거리,0,210,227-9 도,-,001,127.07709899992557,37.53805455926895
2344,건대후문,0,210,227-9 도,-,001,127.07437790292641,37.53879235661484
2345,신자초교입구,0,210,718 도,-,001,127.07570764444544,37.533202628754566
2346,신양초교,0,210,550-2도,-,001,127.06840046113683,37.53530620934808
2347,치과의사회관앞,0,200,269-30도,-,001,127.05830155271181,37.548747634135786
2348,뚝도아리수정수센터,0,200,656-924도,-,001,127.04382754436112,37.54012328714161
2349,서울숲입구,0,200,656-915도,-,001,127.0442761816626,37.54181483870808
2350,경일초교,2385,200,22-27 학,-,001,127.04811712505989,37.54062357921249
2351,경동초교(연등),2352,200,694-3도,-,002,127.04929358901798,37.543346976064264
2352,경동초교,2351,200,694-3도,-,002,127.04956000312987,37.544190309954054
2353,뚝섬역앞,0,200,694-3도,-,001,127.0487813056325,37.546749009252316
2354,응봉교,0,200,685-355도,-,001,127.03652491845975,37.54736479374643
2355,코오롱글로벌빌딩앞,0,210,620-1대,-,001,127.07702687239862,37.55817301687348
2357,고덕역(연등)1,2236,740,307대,-,002,127.1533201017018,37.55363971551455
2358,선사고,0,740,524도,-,002,127.13514068877359,37.55660058672636
2359,삼성아파트삼거리,0,210,236도,-,001,127.1022980051273,37.5433137327529
2360,광장현대8단지,2359,210,582-3 임,-,001,127.09850169714441,37.542020960921484
2361,광장자이아파트,0,210,164수,-,001,127.09429849396328,37.5426763613831
2362,구의시장,0,210,229-23도,-,001,127.09064121102436,37.544665781604294
2363,광진소방서,0,210,18공,-,001,127.08281021817444,37.54519530829475
2364,광진그랜드파크,0,210,465-11도,-,001,127.08008903605668,37.54537579814053
2365,화양사거리(연등),2420,200,280-49도,-,001,127.06569582299748,37.548186931861025
2366,다산빌딩,0,200,75-65제,-,001,127.05463704560941,37.55010668127471
2367,성수역,0,200,289-36구,-,001,127.054209836649,37.545118731936206
2368,조양시장,0,210,34-28대,-,001,127.06799242489828,37.540813930759086
2369,자양초교,0,210,393-1,-,001,127.0789587339173,37.53765904302984
2370,구의역3번출구,2428,210,241-12도,-,001,127.08741047050424,37.53748965613449
2371,광진우체국,0,210,245-24도,-,001,127.09024748045832,37.53815307312062
2372,구의삼성쉐르빌,0,210,581 대,-,001,127.09405570822817,37.540087933393565
2373,광남중고교입구,0,210,486-1도,-,001,127.09836760270535,37.53926787604295
2374,강변역하차장,0,210,546-6대,-,001,127.09406108896926,37.535524153728964
2375,터미널하차장,0,210,546-3도,-,002,127.09263074183451,37.534374098245024
2376,비바힐스강변,2377,210,217-31대,-,001,127.0921088671738,37.53551735830858
2377,동서울호텔,0,210,607도,-,002,127.09172896095653,37.53453092888762
2378,성자초교,0,210,731도,-,001,127.08251378888048,37.5314578150493
2379,금당약국,0,210,729도,-,001,127.07961694452678,37.53200687342611
2380,동자초교(연등)1,0,210,553-39도,-,001,127.0724046943859,37.53418233999717
2381,노룬산시장,2433,210,11-4대,-,001,127.0654492773943,37.536086995121586
2382,경수초교,0,200,837-0 대,-,001,127.05761069261015,37.538150023144986
2383,뚝섬쇼핑,0,200,339-142도,-,001,127.05488497625883,37.53886987490132
2384,뚝섬쇼핑(연등)2,2383,200,337-3도,-,001,127.05376098884145,37.53916439271882
2385,한진타운아파트,0,200,656-1277도,-,001,127.04575890836136,37.541351159368475
2386,뚝섬체육공원(연등),0,200,656-1255대,-,001,127.04475709556063,37.54613111158632
2387,장미아파트앞,2349,200,656-924도,-,001,127.04468021689382,37.54345156043101
2388,성수2가,0,200,277-72도,-,001,127.06290886581816,37.540269265551146
2389,성수1차대우아파트,0,210,280-49도,-,001,127.06584863108083,37.54544048034352
2390,송정건영아파트,0,210,97-32대,-,001,127.0712195511283,37.5549363498736
2392,월성운수,0,210,716-3도,-,001,127.07954957915523,37.569858270973576
2393,중곡1동사거리,0,210,264-3도,-,001,127.07975707506161,37.56315936186384
2394,세종초교,0,210,159도,-,002,127.07261263628261,37.55309124041191
2395,장안초교,0,210,102-16도,-,001,127.07088901604848,37.54979870377696
2396,중곡역,0,210,169-80대,-,001,127.08450360096747,37.566275102902765
2397,중곡동주민센터,0,210,277-6도,-,001,127.08085662648595,37.559684900957635
2398,능동119안전센터,0,210,280-7도,-,001,127.0768076193085,37.55205190864637
2399,세종대,0,210,248대,-,001,127.07529351527383,37.54901123675687
2400,능동로분수광장,0,210,94-6대,-,001,127.07218272029222,37.543228488357755
2402,노유육관문,0,210,553-443대,-,001,127.06712027050968,37.532443729681646
2403,용마맨션,0,210,293-22도,-,001,127.08646538549834,37.56635447094835
2404,경원탕,0,210,150-196도,-,002,127.08563110536352,37.560518979633436
2405,예향교회앞,0,210,62-17대,-,001,127.08816093901542,37.55630048508091
2406,영화사입구,0,210,104-20대,-,002,127.09429267095302,37.5544902398611
2407,선화예고,0,210,141구,-,001,127.08806687488016,37.547556378593995
2408,광진경찰서,0,210,18-14공,-,001,127.08425459295061,37.542626374011185
2409,광진구청,0,210,205-5구,-,001,127.08335636667775,37.53833682885675
2410,자양아파트,0,210,680-65 대,-,001,127.08477682475622,37.53346099427068
2411,광남초교,0,210,486-1도,-,002,127.09999182786339,37.54066319551763
2412,현대6단지,0,210,201-13대,-,002,127.09388495440874,37.5386351868159
2413,테라팰리스건대4차,2340,210,2-50도,-,001,127.0730011185327,37.54497410841478
2414,능동로분수광장(연등),2400,210,2-21대,-,001,127.07160197878262,37.54196802571076
2415,시민교회,2339,210,122-3대,-,001,127.08628345105183,37.55450622855381
2416,어린이대공원후문,0,210,96-18대,-,001,127.08949181348524,37.552326464305146
2417,아차산역,0,210,470-2도,-,001,127.08991419281453,37.55142638717293
2418,오렌지팩토리앞,651,210,33-69대,-,001,127.09279959688817,37.549071974504926
2419,센스빌오피스텔,0,200,73-416임,-,001,127.05610473134776,37.54948056041859
2420,성동세무서,0,200,73-37천,-,001,127.06253729334789,37.5481151685287
2421,어린이대공원역(연등)1,2340,210,98학,-,001,127.07257689270082,37.54768671499557
2422,구의수원지,0,210,203-27도,-,001,127.09284374436028,37.54399599818977
2423,해성자동차공업사앞,0,200,278-34장,-,001,127.06042129787934,37.54325384090917
2424,동서울케이블TV앞,0,200,279-2대,-,001,127.0618606868128,37.54282847700504
2425,조양시장(연등),2368,210,36-22대,-,001,127.06654033854424,37.54130955810516
2426,구의삼성쉐르빌(연등),2372,210,201-9구,-,001,127.09314676465512,37.53956863561234
2427,자양초교(연등),2369,210,768-2대,-,001,127.08067751447737,37.53721279060755
2428,동부지원,0,210,245-24도,-,001,127.08906229175128,37.53788254261784
2487,뚝섬쇼핑(연등)1,2383,200,331-97도,-,001,127.05598896954928,37.53857869546514
2429,삼성아파트삼거리(연등)1,2359,210,236도,-,001,127.10128370735374,37.54295111647304
2430,삼성아파트삼거리(연등)2,2359,210,236도,-,001,127.10316251923442,37.543870361030564
2431,성수공고앞(연등),4942,200,19-1학,-,001,127.05042320176905,37.54005322679771
2432,영동대교북단(연등),344,200,231-24도,-,001,127.0596964555259,37.53764759260831
2433,신양중,0,210,43-13도,-,001,127.06341893488577,37.53664256200316
2434,신양초교후문,2380,210,227-344대,-,001,127.07011559176452,37.534808545535455
2435,동자초교,2380,210,553-500도,-,001,127.07168002801843,37.53437743851416
2436,신자초교입구(연등),2345,210,718 도,-,001,127.07695568328533,37.53282120401152
2437,대서울교회,2438,210,727도,-,002,127.07518389493626,37.53162662365255
2438,신자초교후문,0,210,718 도,-,002,127.07485241965303,37.53055379131241
2439,뚝섬역(연등),279,200,674-1천,-,001,127.04425343105382,37.5498350335132
2441,송정건영아파트(연등),2390,200,100-28대,-,001,127.07206791795481,37.556450719851874
2442,성수1차대우아파트(연등),2389,210,280-48도,-,001,127.06520392730863,37.54429129909743
2443,성수2가(연등),2388,200,275-24도,-,001,127.06236678118702,37.53939051991419
2444,국립정신건강센터후문,338,210,168-7대,-,001,127.08340066812558,37.56426664605742
2445,행당삼부아파트105동앞,0,200,156-5철,-,001,127.03875359279205,37.55829500786621
2446,행당삼부아파트,0,200,168-200 철,-,001,127.03697900249848,37.559338577461595
2447,외환은행성동,0,200,150대,-,001,127.03394567617846,37.5622515609082
2448,교보생명왕십리지점,0,200,265대,-,001,127.032510010764,37.56304667606065
2449,상왕십리역(연등)2,662,200,343대,-,001,127.031168493686,37.563611409338556
2450,중곡제일시장,2444,210,166-5대,-,001,127.08269330813715,37.56298378118078
2451,중곡동주민센터(연등)1,2397,210,162-22대,-,001,127.08016483202616,37.558361523654106
2453,국민은행군자역지점,0,210,648-29도,-,001,127.07854233916679,37.555435896081036
2454,일마트앞,0,210,280-3도,-,001,127.0777509358657,37.55397528724963
2455,국립정신건강센터정문,2403,210,296-15대,-,001,127.08667212244146,37.5651605138855
2456,중곡사거리(연등)1,510,210,150-329도,-,001,127.08777337490565,37.55864691742365
2457,중곡사거리(연등)2,510,210,59-1대,-,001,127.08791424179472,37.55773250895943
2458,우제빌딩,2407,210,96도,-,001,127.08912313395469,37.54857830704192
2460,수협구의지점앞,0,210,254-10대,-,001,127.08354382765555,37.54086655006956
2461,Y타워앞,0,210,236-11도,-,001,127.08322065833626,37.53943406355041
2462,자양중입구,2345,210,712도,-,002,127.07616866375862,37.534803851058484
2463,이에스에이리버하우스,0,200,210천,-,001,127.05031399881419,37.55125290428714
2464,성수대교북단,0,200,685-534제,-,001,127.03621407262105,37.543995997257625
2466,예일약국,0,210,223-10도,-,002,127.08956139430393,37.54012216883067
2467,무학아파트입구,0,200,319-2대,-,001,127.02791181580687,37.56476431007229
2468,상왕십리,2467,140,508대,-,001,127.0255934807821,37.56504155691516
2469,신성그랜드타워,2393,210,173-21대,-,001,127.08079652672873,37.565096932230674
2470,대원고(연등)2,0,210,271-2대,-,001,127.08747397655127,37.560755265035816
2471,파인힐모텔(연등),3217,210,298-1도,-,001,127.08614088337006,37.57001169785443
2472,혜원약국,3216,210,694도,-,001,127.0827879270036,37.5686533889324
2473,뚝섬체육공원,2386,200,656-853도,-,001,127.04486888682327,37.545196923530845
2474,동곡삼거리(연등),93,210,677도,-,001,127.07526218323252,37.56209695068779
2475,중곡동주민센터(연등)2,2397,210,165-28대,-,001,127.0816030704561,37.560978592822536
2476,어린이회관앞,0,210,18공,-,001,127.0785874432675,37.54561416448073
2477,럭키부동산,0,210,191-141대,-,002,127.0784900138881,37.56360194909188
2478,광남중고교입구(연등),2373,210,548-1대,-,002,127.09706351681739,37.53813649831499
2479,군자교동측,2355,210,268-2도,-,001,127.0753365913278,37.558807376869304
2481,수도약국,2362,210,113도,-,001,127.0884503806055,37.544928100825814
2482,성동고교(연등)1,439,140,1152대,-,001,127.02197779437138,37.565479638087105
2483,성수근린공원,2367,200,289-32도,-,001,127.05225094011998,37.54570802911795
2484,광진노인종합복지관,2395,210,116-10도,-,001,127.07114423928117,37.55105892565411
2485,신원리브웰,2340,210,164-2도,-,001,127.07335479883487,37.54567793259276
2486,신당중앙시장,0,140,1228대,-,001,127.01968371637328,37.565695771767714
2488,자양4동주민센터,2401,210,65-2도,-,001,127.06795010712372,37.53414482114814
2489,광희초등학교앞,0,140,162-1도,-,001,127.01610245404122,37.567062118910485
2490,기동대,0,140,193-37도,-,001,127.0147797917759,37.56805181715849
2492,흥인초교,0,140,292-7도,-,001,127.01440986094589,37.561338734088324
2493,씨유청구역점,0,140,304-215도,-,002,127.01178562626076,37.56094533067713
2494,자바빌딩,0,140,225-23 도,-,002,127.01038683852826,37.56203802535909
2495,성원빌딩,2496,140,304-684도,-,001,127.01278645950752,37.55861857132115
2496,청구동,0,140,308-55대,-,001,127.01209557569136,37.55739007547988
2498,금호역,0,200,1331대,-,001,127.01581918642665,37.54826336354186
2499,약수역(연등),60,140,373-2도,-,001,127.01136295353236,37.55388078079259
2500,신당119안전센터,0,140,369-2도,-,001,127.00942761385055,37.55311866183656
2501,서울송도병원,2502,140,366-464임,-,001,127.0077712474728,37.55101017497645
2502,남산정은스카이아파트,0,140,353-14대,-,001,127.0074934014525,37.549607647301535
2503,버티고개역,0,140,산24-110도,-,001,127.00651587509725,37.54775847033706
2504,청구e편한세상,2505,140,292-38대,-,001,127.01494197747434,37.559861480228896
2505,신당삼성아파트(연등)2,2506,140,294-25도,-,002,127.01582981228196,37.55948551073919
2506,신당삼성아파트,0,140,289-7도,-,002,127.0171204458181,37.55943008693986
2507,금호여중(연등)2,2509,140,40-682임,-,002,127.01886622196122,37.559217948614354
2508,금호여중(연등)1,2509,140,40-683도,-,002,127.01886996667379,37.55835165077921
2509,금호여중,0,140,40-683도,-,002,127.01907505009027,37.55802470899903
2510,대경상고,0,200,1813 수,-,002,127.01968296957784,37.55688235353914
2511,신금호역,0,200,223-1도,-,002,127.02000944737186,37.55456614188315
2512,금호벽산아파트,0,200,580-1도,-,002,127.02524086904899,37.55241919650911
2513,금남시장(연등)2,128,200,1217 대,-,001,127.02342749881319,37.548158575309635
2514,금호대우아파트,0,200,800대,-,001,127.01860878057441,37.546447034291816
2515,옥수치안센터(연등),2516,200,산5-147도,-,001,127.01543657209803,37.54409222878107
2516,옥수치안센터,0,200,산5-148도,-,001,127.01501903580397,37.54386646414091
2517,옥수극동아파트,0,200,276-4도,-,001,127.01360014173119,37.543406295513705
2518,옥수극동아파트(연등)1,2517,200,-,-,001,127.01234484453084,37.542674130005004
2519,옥정중,0,200,447-2도,-,001,127.01114339174798,37.54112729266036
2520,옥정중(연등),2519,200,445-7구,-,001,127.01123207227525,37.54162125381194
2521,한남더리버,2519,200,450-2도,-,001,127.01119207508017,37.54066232325195
2522,옥수삼성아파트후문,0,200,285-55도,-,002,127.01440805546906,37.5407561955043
2523,한남더리버(연등),2519,200,450-2도,-,001,127.01153332227678,37.539923492607635
2524,금호펌프장,2525,200,255-1도,-,001,127.02444263431568,37.54481265188633
2525,금호주유소,0,200,1194-1 대,-,002,127.02514247553586,37.546620414598806
2526,응봉마을금고,0,200,200-2도,-,001,127.030685791621,37.549946428549156
2527,응봉사거리(연등),278,200,320-60학,-,001,127.03359028094212,37.55381562446996
2528,무학중학교,0,200,299-14대,-,001,127.03121751042003,37.55797044903179
2529,행현초교,2528,200,976-12대,-,001,127.03004413029478,37.557622043040745
2530,행당한진아파트(연등),2531,200,322-428도,-,001,127.02917162772187,37.557195684124416
2531,행당한진아파트,0,200,317-10수,-,001,127.02818203318512,37.55673412310309
2532,행당대림아파트,0,200,347-9도,-,001,127.02660051368717,37.55596866995208
2533,논골사거리,0,200,168-298도,-,001,127.02481662510624,37.55565474515884
2534,하왕십리풍림아파트,0,200,165도,-,002,127.02427158916417,37.557935481215225
2535,한양대병원,0,200,10도,-,001,127.04123240493135,37.560110234581984
2536,한양여고,0,200,304-1도,-,001,127.04155831945437,37.561574161868
2537,마장동금호아파트,2536,200,395-2도,-,001,127.04171850549442,37.5628744534089
2538,성동노인종합복지관,2536,200,804도,-,001,127.04172019992811,37.564201603525895
2539,기업은행마장,0,200,803제,-,001,127.0440472141521,37.56679569317945
2540,마장동주민센터,0,200,810천,-,002,127.04510472186685,37.56628306452175
2542,한양여자대학교,2543,200,120-22도,-,001,127.0505203522645,37.55923289465796
2543,사근삼거리,0,200,130제,-,001,127.04931500798224,37.561441701349445
2544,사근초교앞,0,200,127도,-,001,127.0482359619325,37.56393975254039
2545,마장2교,0,200,804도,-,001,127.04589489540795,37.56808900765263
2546,기업은행마장(연등),2539,200,804도,-,001,127.04497816102864,37.56747061458682
2547,마장현대아파트,0,200,803제,-,001,127.0428054349706,37.57050964403305
2548,마장현대아파트(연등),2547,200,803제,-,001,127.04221857154991,37.570838973430206
2549,서울시설공단남단,365,200,33-1 대,-,001,127.03794659583731,37.571789571333966
2550,국민은행마장,0,200,178제,-,001,127.03762707255508,37.57010455064915
2551,성동보건소(연등)1,2552,200,474-28도,-,001,127.03478228605144,37.56625455060057
2552,성동보건소,0,200,590도,-,001,127.03283201672339,37.56648259775797
2554,청계벽산아파트,0,200,282-4 도,-,001,127.03024746308293,37.56840709007112
2555,숭신초교앞,2556,200,301-1천,-,001,127.02766319162417,37.5672346772509
2556,왕십리뉴타운,2555,200,210-1도,-,001,127.02582020911495,37.56750794813952
2557,성동종합행정마을,0,200,518-19대,-,001,127.03620615597758,37.56376567109567
2558,선사초교,0,740,521도,-,002,127.12954943330828,37.555698609150674
2559,살곶이다리,0,200,67-1도,-,001,127.04504236658865,37.553890359106646
2560,사근램프앞,2544,200,127도,-,001,127.04731057087385,37.565384912906126
2561,영동초교,0,560,121-106 주,-,001,126.90718550530539,37.52533731775517
2562,영등포경찰서앞,0,560,30-1대,-,001,126.90158976138135,37.526482059901845
2563,목동교삼거리,0,470,409-384천,-,001,126.8898037499093,37.53045245939133
2564,당산동아아파트,0,560,84-1도,-,001,126.90578009436123,37.52841402066306
2565,영일공업사,0,560,91 대,-,001,126.90563922225935,37.527138872672396
2567,당산중(연등)2,131,560,11-37도,-,001,126.90458581637893,37.53258162075623
2568,당산119안전센터,0,560,340-5도,-,001,126.89900267490731,37.53534394285697
2569,양평우체국,0,560,315-1공,-,001,126.89636705290592,37.536654859736814
2570,선유도역(연등),2571,560,93-1도,-,001,126.89532713625012,37.537181509380744
2571,선유도역,0,560,123대,-,001,126.8939507315763,37.53788616843924
2572,양평교,0,560,119대,-,001,126.89264312241961,37.538501958684684
2573,박가부대당산점,-,560,276-6대,-,001,126.89675186704788,37.53465206035325
2574,웨스턴플레이스,0,560,60-1도,-,001,126.89231204730378,37.52896447898407
2575,웨스턴플레이스(연등),2574,560,76-1대,-,001,126.89165853996815,37.5280960563444
2576,이엔씨벤처드림타운,0,560,63-1도,-,001,126.8910811858767,37.52654472365978
2577,남부노동청주차장,0,560,115-1도,-,002,126.89204466055058,37.52470942498538
2578,롯데마트양평점,0,560,560-1도,-,002,126.89241076370503,37.52633341512862
2579,남부고용노동지청앞,0,560,115-1도,-,001,126.89065064993031,37.52491989842387
2580,오목신동아,0,560,27-1도,-,001,126.88778293977114,37.522609568821885
2581,양평신동아아파트,0,560,20-1도,-,001,126.8855912139403,37.52294941512128
2582,GS강서타워앞,-,560,87-1도,-,001,126.88975072689757,37.521073529086905
2583,우리벤처사거리,0,560,10-1 도,-,001,126.88945285284649,37.51989487345741
2584,우리벤처사거리(연등)1,2583,560,5-1 도,-,001,126.88918546834434,37.51865056333618
2585,문래공원,0,560,68-1 도,-,001,126.89391231710204,37.514733405715816
2586,홈플러스입구,0,560,72-1도,-,001,126.89463198168514,37.51727116517301
2587,진로아파트,0,560,306-1도,-,001,126.89533854265052,37.52019155387675
2588,영등포구청역,0,560,306-1도,-,001,126.89625414725066,37.52406107617929
2589,영등포구청앞,0,560,37-1도,-,001,126.89666822448561,37.5259880548578
2590,영등포구청(연등),346,560,32-214도,-,001,126.89820093612653,37.52924760939829
2591,당서초교정문,0,560,41대,-,001,126.89948621796748,37.53085497287944
2592,당산중(연등)1,131,560,1대,-,001,126.9057512083129,37.53119300385642
2593,미소로프라자,0,560,0-1 가,-,002,126.9040406640441,37.52888054562387
2594,당산한양아파트,0,560,1-2 대,-,002,126.90228112902392,37.52482096001944
2595,청과물시장,0,560,193-2철,-,002,126.90177599455649,37.52322357896301
2596,영남교회,0,560,315-2철,-,002,126.90130591663608,37.51838407072947
2597,구로세무서,0,560,13대,-,001,126.90070122180315,37.514354854138304
2598,도림사거리(연등)1,287,560,144-186도,-,001,126.89996363890145,37.50870938770451
2599,도림교동측,0,560,58-35대,-,001,126.89413973079323,37.512066737377
2600,경원스파랜드,0,560,28-139대,-,001,126.90961729525728,37.51897691249455
2601,경원스파랜드(연등),2600,560,427-2 도,-,001,126.90794178030855,37.51932732073073
2602,영등포시장역(연등)1,2604,560,73-4대,-,001,126.90501569446582,37.52166923226745
1732,광동한방병원,544,680,172 도,-,001,127.06181535920858,37.51453677741763
1733,구서울의료원(연등)1,2064,680,172 도,-,001,127.06420540001523,37.51490246257371
1734,국기원입구,0,680,800-61 도,-,001,127.03101556660256,37.49900622113142
1735,국기원입구(연등),1734,680,800-64 도,-,001,127.03303295009205,37.49963405441834
1736,고등교육재단,0,680,674-43 대,-,001,127.03996812084445,37.50175002436572
1737,국민은행테헤란로,0,680,695-30 대,-,001,127.04576113114261,37.503535288808045
1738,삼성증권,0,680,130-2 대,-,001,127.05291489164414,37.505704729610486
1739,현대백화점무역센터,0,680,159-9 대,-,001,127.05952899354175,37.507776498086564
1740,강남경찰서,0,680,186-5천,-,001,127.0664897629461,37.509904538704845
1741,역삼초교(연등)1,1742,680,828-8 대,-,001,127.03176668271331,37.49357666281611
1742,역삼초교,0,680,741-32 대,-,001,127.03341184582553,37.4940659966037
1743,역삼세무서(연등)1,1744,680,803-12 도,-,001,127.03515933922152,37.49460458177525
1744,신풍제약,0,680,738-49 대,-,001,127.0369438073388,37.49521199203447
1745,강남창업센터,0,680,806 도,-,001,127.03928702018364,37.49585620277652
1746,강남창업센터(연등)1,1745,680,806 도,-,001,127.04043393625021,37.49643567385568
1747,역삼119안전센터,0,680,722-2 대,-,001,127.04200580576268,37.49720855474007
1748,역삼119안전센터(연등),1747,680,711-2 대,-,001,127.04333411212528,37.49784542171383
1749,개나리아파트정문,520,680,713 학,-,001,127.04708800442329,37.49933148754524
1750,도성초교,0,680,802-31 도,-,001,127.04900697431077,37.49993040362252
1751,도성초교사거리(연등)2,184,680,896-44 도,-,001,127.0526521322531,37.501116100427986
1752,대치4치안센터(연등),1753,680,893 대,-,001,127.05533279524406,37.502023625316795
1753,대치4치안센터,0,680,1011-8 도,-,001,127.05666227800054,37.50243957659491
1754,휘문고정문(연등),1755,680,951-3 대,-,001,127.06116792622423,37.50389794032612
1755,휘문고정문,0,680,947-2 대,-,001,127.06223399237412,37.50425494789194
1756,싸리고개공원(연등)1,1757,680,805 도,-,001,127.03317563888125,37.49003757668913
1757,싸리고개공원,0,680,805 도,-,001,127.03506333928347,37.49063739237082
1758,싸리고개공원(연등)2,1757,680,556 도,-,001,127.03678352220817,37.49112596007222
1759,역삼카센터,0,680,776-19 대,-,001,127.03930258923137,37.491908101144254
1760,도곡1동주민센타,0,680,556-22 도,-,001,127.0408743027364,37.49240836281515
1761,도곡1동주민센타(연등),1760,680,556-7 도,-,001,127.04240527771286,37.49287056552642
1762,강남세브란스(연등)1,290,680,807-23 도,-,001,127.04495714710828,37.49366165438585
1763,역삼중,0,680,756-14 대,-,001,127.05067909910353,37.49555269218121
1764,역삼중(연등),1763,680,556-15 도,-,001,127.04844333611706,37.49474493495106
1765,롯데백화점도곡,0,680,1026-9 도,-,001,127.05465811402397,37.4968562571695
1766,롯데백화점도곡(연등),1765,680,1026-6 도,-,001,127.05629041395964,37.49739817380347
1767,대치삼성아파트앞,1767,680,1011-8 도,-,001,127.05886789234238,37.49824898381702
1768,우성2차201동앞(연등),1769,680,1012-93 도,-,001,127.06256356390692,37.49943128769718
1769,우성2차201동앞,0,680,1012-85 도,-,001,127.06475813350556,37.50010221541673
1770,대치우성아파트(연등)1,617,680,1012-77 도,-,001,127.06861606570935,37.50135557854607
1771,매봉터널,0,680,74-2도,-,001,127.04981590817721,37.48835628225317
1772,도곡역(연등)1,628,680,339 도,-,001,127.05330034431897,37.48988423789416
1773,청실종합(연등)2,1774,680,633 대,-,001,127.05836528596971,37.492292176722636
1774,청실종합,0,680,612 대,-,001,127.05955636602944,37.49282788770818
1775,청실종합(연등)1,1774,680,449 공,-,001,127.06119825003267,37.49359123010461
1776,대치미도아파트,0,680,398 도,-,001,127.06655842227414,37.49549195447957
1777,영동2교북단,0,650,4-19도,-,001,127.04293850483006,37.48196977725325
1778,보석빌딩,-,680,179-1도,-,002,127.04443038876471,37.4835677247791
1779,독골근린공원,0,680,421-1 도,-,002,127.04639525002982,37.48482165009079
1780,전기공제회관,0,680,2-9 대,-,001,127.0204854513483,37.513000623681535
1781,영동시장,0,680,140-18 대,-,001,127.02329277246972,37.50704726704017
1782,씨티극장,0,680,601-27 대,-,001,127.02605143851149,37.50134236507923
1784,국민은행역삼,0,680,824-17 대,-,001,127.02895790906159,37.49519214489006
1787,툇마루집,0,680,647-9 대,-,002,127.03187435537471,37.497276685412785
1821,강남구청역(연등),596,680,279-92 도,-,002,127.04165770833171,37.516147292894686
1822,주택공사,0,680,2 대,-,002,127.04241060148429,37.51415919553353
1823,삼릉치안센터,0,680,11 대,-,002,127.04307229194873,37.51238650750904
1824,선릉역(연등),453,680,172-96 도,-,002,127.04836761654975,37.505844079404525
1825,진선여고,0,680,1011-17 도,-,002,127.0497599417544,37.502946218200606
1826,역삼영동아파트,0,680,1011-30 도,-,002,127.05170557642906,37.49878495842892
1827,역삼영동아파트(연등),1826,680,805-37 도,-,002,127.05225848333096,37.49753784598223
1828,연무관앞,0,110,129대,-,001,126.97260093371683,37.583782204731655
1829,한티역(연등),110,680,531 도,-,002,127.05341808053304,37.495106068263475
1830,청담2치안센타,0,680,77-36 도,-,001,127.04826841969562,37.52250399269741
1831,청담천주교회(연등),1832,680,77 도,-,001,127.0488220428421,37.521516391067856
1832,청담천주교회,0,680,60 대,-,001,127.04959249862505,37.520000939710776
1833,삼성동센트럴아이파크(연등)2,1834,680,75-1 대,-,001,127.05125957892018,37.51691512131168
1834,삼성동센트럴아이파크,0,680,64-13대,-,001,127.05225432466516,37.51505803652081
1835,은성빌딩,0,680,111-86 도,-,001,127.05465018898434,37.51058790212973
1836,원혜빌딩,0,680,172-75 도,-,001,127.05577518897863,37.50841434588178
1837,포스코사거리(연등),597,680,158-5 대,-,001,127.0573769199406,37.50541479116572
1838,대치사거리(연등),107,680,1012-38 도,-,001,127.05793046681026,37.50442420982086
1839,관악드림타운107동,0,620,1712-12 도,-,002,126.95353064434937,37.48987820999456
1840,대치신해청아파트,0,680,1011-56 도,-,001,127.05955077783517,37.501339334962566
1841,대치은마아파트,0,680,987-14 대,-,001,127.06187796407485,37.49705320379449
1842,드림타운북문,0,620,-,-,002,126.95140951935615,37.49144048207061
1788,역삼우체국,0,680,735-15 대,-,002,127.03263629891316,37.495714282449704
1789,역삼금호어울림,0,680,750-24 대,-,002,127.03408395268602,37.49269837871414
1790,압구정현대아파트77동앞,0,680,369-1대,-,002,127.02770000010219,37.530288554785685
1791,로뎀빌딩,0,680,603-2 대,-,001,127.02819344842597,37.521651791551264
1792,국제기술학교,0,680,279-19 도,-,001,127.02949565152605,37.51675120307585
1793,힐탑호텔,0,680,213-13 대,-,001,127.03220649777091,37.510858604978665
1794,베네치아호텔,0,680,233-4 대,-,001,127.03448366084308,37.5061331120823
1795,베네치아호텔(연등),1794,680,651-3 대,-,001,127.03509702814823,37.50473635457489
1796,강남제일병원,0,680,657-21 대,-,001,127.0356418771112,37.503532424416534
1797,강남제일병원(연등),1796,680,665-1 종,-,001,127.03629728063638,37.502124381114506
1798,삼성저축은행,0,680,718-12 대,-,001,127.03829777549946,37.49794752788329
1799,강남창업센터(연등)2,1745,680,806-4 도,-,001,127.03992777882829,37.49443069402291
1800,우리은행역삼,0,680,770-18 대,-,001,127.04036081102295,37.49348260849344
1801,역삼삼익아파트,0,680,874-1도,-,001,127.04155041254128,37.48965994550525
1802,광성빌딩,0,650,산 29-25 임,-,001,127.04212421869187,37.48367785429989
1803,태승빌딩(연등),1804,680,480 공,-,001,127.03357360984715,37.527806994686685
1804,윤당아트홀,0,680,638-13 대,-,001,127.033328492726,37.52592486261904
1805,삼원가든,0,680,634-9 대,-,001,127.03323553840977,37.52315279018441
1806,관세청입구,0,680,279-44 도,-,001,127.03525953317505,37.518229570801374
1807,강남프라자,0,680,279-67 도,-,001,127.03543527052155,37.51309400494562
1808,아이파크논현,516,680,250-21 대,-,001,127.03670303821266,37.5105579011058
1809,파고다호텔,0,680,277-7 대,-,001,127.03987282258923,37.50725331203769
1810,영동전화국,0,680,685-30 도,-,001,127.04160714380868,37.5050438519459
1811,최규식동상,0,110,산15도,-,001,126.9673454716544,37.59224867747103
1812,신봉초교,0,620,480-86 대,-,001,126.94694591863329,37.48594779129138
1813,신봉초교(연등),1812,620,495-43 대,-,001,126.9467297010895,37.48488911825326
1814,역삼2지구대,0,680,804 도,-,001,127.04376566790634,37.50043761952221
1815,우리은행도곡,0,680,805-38 도,-,001,127.04557059706836,37.49665991835445
1816,강남세브란스(연등)2,290,680,807-19 도,-,001,127.04608993327422,37.495525518224234
1817,한양타운,0,680,668-5 도,-,002,127.0395805455107,37.52464920374706
1818,영동고(연등)1,1819,680,88-8 대,-,002,127.03962011726246,37.521671769946316
1819,영동고,0,680,77 도,-,002,127.04001776803959,37.520643791044265
1820,영동고(연등)2,1819,680,77-27 도,-,002,127.04051116560011,37.5192451576641
1843,구암중학교,0,620,-,-,002,126.94896790270236,37.492287666969
1844,관악벽산아파트501동,0,620,-,-,001,126.9467550178892,37.4926802569393
1845,대치은마아파트(연등),1841,680,316 대,-,001,127.06249831543494,37.49593658709061
1846,대치선경아파트,0,680,510 학,-,001,127.0645083372348,37.49198234334353
1847,한국도심공항입구,0,680,159 대,-,001,127.05855026898661,37.50939365998759
1848,우리은행청담,0,680,340-2도,-,001,127.05529131586798,37.523338381032744
1849,우리은행청담(연등),1848,680,139-33 도,-,001,127.0559292909852,37.52216990662416
1850,한전앞,0,680,161-2 대,-,001,127.06177725651625,37.51145241428752
1851,대치쌍용아파트,0,680,75-1유,-,001,127.06888794663395,37.49840041521524
1852,동호대교밑,0,680,374천,-,001,127.02464108472633,37.531210393104615
1853,수서경찰서(연등)1,1854,680,13-1 공,-,002,127.07738534760827,37.49295663483297
1854,수서경찰서,0,680,700-3 도,-,002,127.07625494700596,37.492559981144595
1855,대모산입구역,0,680,193 도,-,001,127.07272546400053,37.49136054610779
1856,개포2동주민센터,0,680,513-3 천,-,001,127.06906028417532,37.48953779028603
1857,영동5교,0,680,511 대,-,001,127.0660073260564,37.48907721224644
1858,수도공고,0,680,504-4 천,-,002,127.06183790373339,37.48716256036898
1859,개포고교,0,680,647 도,-,002,127.05800769166201,37.48482702129452
1860,구룡중,0,680,501 공,-,002,127.05687685139115,37.4865025000969
1861,개포우성3차아파트,0,680,174 학,-,001,127.0570068587772,37.48343930889253
1862,개포현대1차아파트(연등),1861,680,647-1 도,-,002,127.05531916041684,37.48221637468406
1863,구룡초교,0,680,659 도,-,001,127.05374050836359,37.48105596863962
1864,개포경남아파트,0,680,659 도,-,001,127.05260334158399,37.48317762402017
1865,국민은행개포남지점,0,680,1266대,-,001,127.0474812610852,37.47876320467779
1867,성내4교(송파소방서),0,710,159-1도,-,001,127.1416543945096,37.49986106268974
1868,성내2교,0,710,27-3도,-,002,127.14443444151479,37.49944984600438
1869,성내5교,0,710,164-2도,-,001,127.13733587239646,37.50127342381795
1870,성내6교(연등),2153,710,126-9도,-,002,127.13714306113592,37.50388433476286
1871,성내7교,0,710,97-71천,-,002,127.13628854437769,37.50584028487825
1872,홍연아파트(연등)2,6392,410,156-12도,-,001,126.93370120438608,37.576940705378085
1873,연희지하차도(연등),743,410,143-13도,-,001,126.93530911952274,37.57548827264851
1874,서울외국인학교,0,410,80-6도,-,001,126.93424114173831,37.57103126732421
1875,국민은행신촌,126,410,50-4대,-,002,126.93688003940714,37.556006327700196
1876,에쓰오일,1318,540,1000-92도,-,001,126.90242391117559,37.44984018559135
1877,중동초교사거리,0,440,94-7도,-,001,126.91122855564267,37.56590908943495
1878,성산1교(성산1교서측),0,440,589대,-,001,126.90314473026187,37.56382662313687
1879,성산모터스(연등)1,894,440,427도,-,002,126.91691139993584,37.55382842306879
1880,독산현대아파트입구,0,540,291-1대,-,001,126.89467741949764,37.466540418805195
1881,독산사거리(연등),73,540,152-12도,-,001,126.89725493341888,37.47151235484664
1882,가리봉치안센터,0,540,235-3장,-,001,126.89360918403713,37.47872636943491
1883,신림1파출소(경보),1276,620,1598-5대,-,001,126.92608294677034,37.47911746261875
1884,양화진공원,0,440,432-17도,-,002,126.90812655435866,37.550341215477104
1885,성서초교입구(연등)2,902,440,산16임,-,002,126.91189147761972,37.55881100204389
1886,성서초교입구(연등)1,902,440,산 11-64 공,-,002,126.91073370886286,37.558583390491805
1887,신수천주교회,0,440,339-1도,-,001,126.93431381952223,37.54738668688988
1888,마포자이아파트,880,440,150학,-,002,126.94648039492908,37.54403215575147
1889,망원2빗물펌프장(경보),895,440,398-30대,-,002,126.90290523165545,37.551434331786346
1890,삼익아파트앞,64,560,5도,-,001,126.93430377503681,37.520741284622886
1891,명화나이트,0,560,19천,-,001,126.91216074477794,37.521238309630306
1892,한강성심병원,0,560,19천,-,001,126.91079644373139,37.52324438080008
1893,서울시의사회,0,560,364천,-,001,126.90841863595966,37.52753880694196
1894,삼성래미안3차아파트(연등),6175,560,121-34도,-,001,126.90721094417815,37.53063649422404
1895,당산중(경보),0,560,88-3도,-,001,126.90656685323843,37.53213070511034
1896,여의도치안센터(연등)1,105,560,5-2도,-,002,126.9339172833684,37.51875802622664
1897,여의도주유소(연등)3,1898,560,8-2도,-,001,126.92714754905367,37.53012435328646
1898,여의도주유소,0,560,8-2도,-,001,126.92544158341103,37.530777645631595
1899,여의도수영장,0,560,83천,-,001,126.92545933377484,37.53117116384987
1900,여의도주유소(연등)2,1898,560,8-1도,-,001,126.92454527722872,37.531096051455705
1901,LG빌딩,0,560,2-11도,-,001,126.92782225005766,37.52782040962376
1902,여의도광장,0,560,2-11도,-,001,126.92611209323344,37.52680792020048
1903,여의도공원,0,560,2-11도,-,001,126.92181671673593,37.524231178997105
1904,서강대교남단(연등),1922,560,83-1천,-,001,126.9210912101752,37.53154484028498
1905,88골프연습장,0,560,-,-,002,126.93729202464698,37.51912235718046
1906,여의도고교,0,560,85-6천,-,002,126.93445901444439,37.52434350015141
1907,여의도고교(연등),1906,560,85천,-,002,126.93343090894794,37.52370629074538
1908,순복음앞고수부지,1899,560,83-6천,-,001,126.92340651125228,37.53179151213476
1909,둔치주차장,0,560,81-6천,-,001,126.91477374712898,37.5338747670367
1910,국회동문,0,560,1대,-,001,126.91801366102077,37.53299105382648
1911,국회북문,0,560,8-1도,-,001,126.91569473045692,37.53342545659622
1912,국회서문-남문,0,560,1대,-,001,126.91247319539023,37.52950476957137
1913,여의2교,0,560,94-411천,-,001,126.91099037508225,37.52573874565387
1914,수출입은행뒤,0,560,1-2도,-,002,126.92351288063253,37.52947044565727
1915,국민일보앞(연등),1916,560,2-11도,-,002,126.92592035550118,37.52932372613543
1916,국민일보앞,0,560,2-11도,-,002,126.92440931939996,37.5284933733414
1917,여의도우체국,0,560,3도,-,002,126.92635930827778,37.52303469574469
1918,63빌딩(연등)2,581,560,7제,-,001,126.94091984991297,37.5197502290149
1919,여의도성모병원,0,560,50대,-,001,126.93871994671416,37.51801867810642
1920,여의도삼부아파트,0,560,30-2대,-,002,126.93022619439868,37.52541394579127
1921,여의도수정아파트(연등)1,615,560,4도,-,002,126.93276022208785,37.52325729020703
1922,국회도서관,0,560,1대,-,001,126.9190371888574,37.53030792325193
1923,동산교회(연등),1275,620,88-112대,-,002,126.93065338604158,37.47863186577822
1924,광장아파트,0,560,23-6대,-,002,126.92268651976332,37.52072569944587
1925,국민은행여의도(연등)1,1927,560,4도,-,002,126.9296717777506,37.52137310129697
1926,여의도수정아파트(연등)3,615,560,4도,-,002,126.93199966672594,37.52283541222621
1927,국민은행여의도,0,560,4도,-,002,126.92864120845881,37.52073304304656
1928,여의도자이아파트앞,1929,560,4도,-,002,126.92502783342275,37.518470806949686
1929,윤중중교앞,0,560,4-9제,-,001,126.92429585545196,37.51798188178439
1930,KBS별관,0,560,4-2도,-,001,126.93078571738175,37.51853843674044
1931,여의도수정아파트(연등)2,615,560,4-2도,-,002,126.93183432785274,37.52088155409075
1932,한국노총회관,0,560,3-5도,-,002,126.92749648060692,37.52185798739728
1933,국민은행여의도(연등)2,1927,560,4도,-,002,126.92794724916871,37.52029147864328
1934,여의지구대앞(연등)3,1936,560,2-11도,-,002,126.92240789188232,37.52714410457906
1935,여의지구대앞(연등)1,1936,560,2-11도,-,001,126.92057828118837,37.52602069161116
1936,여의지구대앞,0,560,17대,-,001,126.91977887553821,37.52551700579161
1937,여의도공원삼거리,0,560,1-7도,-,002,126.9186480277919,37.52487679564116
1938,여의도공원삼거리(연등),1937,560,2-11도,-,002,126.91804782586273,37.524434770870755
1939,당고개주유소,0,350,109-36도,-,001,127.08010034728377,37.66899784067141
1940,난우초교,0,620,산197-5임,-,002,126.91765323084532,37.47607738319953
1941,난곡우체국앞(연등),1364,620,산197-60도,-,001,126.91651424148382,37.47787735478859
1943,월드메르디앙,0,540,459-9장,-,002,126.87926160750844,37.47939607403714
1944,은행나무오거리,0,540,1000-124도,-,001,126.90863595635304,37.45111031083352
1945,거여치안센터,0,710,0-1가,-,002,127.14557491541136,37.495692224949856
1947,월드컵남문,0,440,532-14잡,-,001,126.89520915323646,37.566847211710616
1948,포이사거리,0,650,261-24 도,-,001,127.04455965285966,37.478299713074634
1949,천왕역,0,530,165-7대,-,001,126.83885477471614,37.486578890356455
1950,천왕역(연등),1949,530,174-5도,-,001,126.83854051662094,37.48693824074979
1951,종로프라자약국,0,620,571-2대,-,002,126.90559516097248,37.48163342414081
1952,계남초교,0,470,325-6도,-,002,126.86060833067054,37.51091496245477
1953,고척119안전센터(연등)1,7354,530,221-1대,-,002,126.85417033964673,37.504449048963366
1954,금천교,0,540,1085도,-,001,126.88394464996965,37.46485869103424
1955,천호사거리,0,710,-,-,001,127.12340076122746,37.53866160107885
1956,신안인스빌,0,560,50제,-,002,126.88736601663767,37.5140709179117
1957,제니코,0,560,12-1도,-,002,126.88779911400113,37.51510684029782
1958,근로자회관,0,560,87-1도,-,001,126.88877474203649,37.517225797113554
1959,경찰청아파트,0,560,76-5 대,-,001,126.89068686067304,37.51637090946173
1960,경찰청아파트(연등),1959,560,76-7도,-,001,126.89192240268316,37.51574845145743
1961,문래삼환아파트,0,560,98 대,-,002,126.89038048694964,37.5139062759927
1962,신정교,0,560,31천,-,001,126.88229831942564,37.51643257072797
1963,롯데삼강,0,560,42-1도,-,002,126.88434410561176,37.517936773655286
1964,영등포고가입구,0,560,592-9도,-,002,126.90896230839141,37.51304482354364
1965,페어필드바이메리어트,0,560,222-1도,-,001,126.90926987451743,37.51733267164817
1966,신정3동현대아파트,0,470,743-15 도,-,001,126.84091755818888,37.50848059857304
1967,계남공원,0,470,325-4잡,-,001,126.85811244728492,37.50994709583844
1968,선암IC(연등)1,1192,650,448-6 도,-,001,127.01857817106169,37.45935884639681
1969,식유촌마을,0,650,산99-3임,-,001,127.0129428443698,37.4573827506854
1970,구룡사앞,0,680,1175-10대,-,001,127.05117316548585,37.47145742845035
1971,법원정문,0,650,1737-4도,-,001,127.01107683064849,37.492912596207006
1972,뉴코아아울렛,1047,650,100도,-,001,127.00814509889116,37.50887113904296
1973,쌍용남부자동차검사소,0,650,1740-6도,-,001,127.01273599392981,37.48781678979539
1974,국악고교앞,0,650,403 도,-,001,127.0486889166017,37.47371527694637
1976,영광빌딩,0,650,261-24 도,-,001,127.04653551116182,37.47583739646703
1977,개포도서관,0,680,147 도,-,002,127.0614593584377,37.4819618018621
1978,구룡마을입구,0,680,146-1 도,-,001,127.06479992131975,37.47922779400223
1979,경기여고,0,680,198 도,-,001,127.06752570013305,37.486098257402396
1980,개포디에이치아너힐즈,0,680,187 대,-,001,127.06848312548587,37.48430320224517
1981,개포프레지던스자이,0,680,-,-,001,127.0702014999133,37.482529207423624
1982,일원초교,0,680,703-2 도,-,001,127.0741659999321,37.48875406276143
1983,일원터널,0,680,146-5 도,-,001,127.07552188887945,37.48608317132773
1984,영희초교,0,680,705-3 도,-,002,127.08076170911598,37.491035188398506
1985,대청초교정문,0,680,4-12 잡,-,002,127.08733226426483,37.492699190542865
1986,일원1동주민센터,0,680,702 도,-,001,127.08831321153966,37.49069492596672
1987,중산고교입구(연등),1988,680,702-4 도,-,002,127.08279938895573,37.48680079557243
1988,중산고교입구,0,680,50 대,-,002,127.08331650239712,37.48552719732415
1989,대모산입구,0,680,733 도,-,001,127.07990563888579,37.48265638791377
1990,일원역,0,680,733 도,-,001,127.08381811930329,37.483249199071864
1991,왕북초교,0,680,745-4 도,-,002,127.08618256374493,37.48579124908963
1992,대왕중교,0,680,748 도,-,001,127.08664704734528,37.483658462867794
1993,대모초교,0,680,716-4 도,-,002,127.08564691118696,37.481575781723976
1994,태화복지관앞,0,680,748 도,-,001,127.0929758916611,37.48444096012107
1995,궁마을삼거리,0,680,740 도,-,001,127.0979089556557,37.48570949349648
1996,수서역공영주차장,0,680,708 대,-,001,127.1002510557333,37.48692449069233
1997,수서역,0,680,728 도,-,001,127.10174202212991,37.48732210741914
1998,수서역(연등)1,1997,680,728 도,-,001,127.10011360842543,37.48854513795717
1999,수서역(연등)2,1997,680,719 도,-,001,127.10263931930933,37.48762980455871
2000,쟁골마을,0,680,199-1잡,-,001,127.1048098023928,37.48224899996738
2001,자곡사거리,0,680,334답,-,001,127.10628622426123,37.47555836767388
2002,방죽마을사거리,0,680,235-3 답,-,001,127.10732419918601,37.47154976318332
2003,은곡사거리,0,680,281-3도,-,001,127.10160482917428,37.465322734478015
2004,세곡삼거리,0,680,101-10 도,-,001,127.11824255850559,37.46652603133139
2005,성모재활원,0,-,-,-,001,127.53149518176986,37.198222819406006
2006,탄천1교,0,680,580-2도,-,001,127.08019384571159,37.49950301976499
2007,대청역,0,680,700-9 도,-,002,127.07953764452445,37.49363472392598
2008,영희초교(연등),1984,680,706-4 도,-,002,127.08227290646059,37.491716034486906
2009,서울놀이마당앞,0,710,43도,-,002,127.09747509727683,37.5099659597259
2010,우면삼거리(연등),293,650,1748-48도,-,001,127.01755548174621,37.48299956242771
2011,남부터미널(연등)2,139,650,1748-48도,-,001,127.01684345555547,37.48415795670609
2012,잠실3삼거리,0,710,38도,-,001,127.09318229637815,37.51025960141695
2013,잠실3단지동문,0,710,32도,-,001,127.092286163588,37.50934099949128
2014,석촌호(연등),2015,710,47 공,-,002,127.09872778907291,37.50646105637622
2015,석촌호,0,710,47 공,-,002,127.09730085456636,37.50655294468182
2016,레이크팰리스상가,0,710,45-1도,-,001,127.09262288896795,37.5072622514471
2017,잠실학원사거리,0,710,292도,-,001,127.0907384832205,37.507545929268154
2018,트레지움서문,0,710,279도,-,002,127.0865587582055,37.50926275707706
2019,잠실지구대,0,710,19대,-,001,127.08251535566194,37.51173287644206
2020,권세교회,0,710,47 공,-,002,127.09712454074494,37.50439738403797
2021,배명사거리,0,710,157도,-,001,127.0969525832772,37.5024654848149
2022,삼전동우체국,2021,710,126-7대,-,001,127.09527777151823,37.50254312572171
2024,잠실병원,0,710,16-6대,-,001,127.09050608035788,37.50363036958763
2025,잠실학원사거리(연등),2017,710,162도,-,001,127.08947597493871,37.506049795560955
2026,삼전사거리,0,710,347도,-,001,127.08797150267165,37.504342354362514
2027,잠실현대아파트(연등),2026,710,347도,-,001,127.08644058602223,37.504813666308245
2028,잠실현대아파트,0,710,345도,-,001,127.08471012066192,37.50529078585515
2029,아시아선수촌아파트(연등),2031,710,267도,-,001,127.08122941941055,37.50627839311963
2030,반포래미안아이파크정문,2030,650,30-26 대,-,001,127.01197283082043,37.50132025028251
2031,아시아선수촌아파트,0,710,344도,-,001,127.07949344164085,37.50675002095604
2033,아시아선수촌정문,0,710,256도,-,001,127.07881419156699,37.509773273685916
2034,잠실토끼굴,0,710,12도,-,001,127.077430322212,37.51540209861177
2035,잠실토끼굴(연등),2034,710,13도,-,001,127.07745264164414,37.51662406799154
2036,뚝방길삼거리,0,710,513-1 천,-,002,127.09890667545774,37.49616794192417
2037,배명중(연등)1,4226,710,302도,-,002,127.09670662504061,37.49784922655412
2038,배명중(연등)2,4226,710,212-7대,-,002,127.09666923409884,37.49846391683098
2040,탄천2교,0,710,86대,-,001,127.07628297266048,37.50429186046635
2041,아주초교,0,710,86대,-,002,127.07502047855192,37.5055129212078
2042,정신여고,0,710,83도,-,002,127.07412350838587,37.509430723562794
2043,삼성교동측,0,710,120도,-,001,127.07068438163675,37.51059696294508
2044,인재개발원(연등)1,1128,650,1436-6공,-,001,127.02181019735735,37.48285383807747
2045,봉은교,0,710,4도,-,002,127.06984488594873,37.51571142356196
2046,가락시장입구,0,710,282도,-,001,127.10898801372251,37.49582961545004
2047,탄천교,0,710,538천,-,001,127.10393848897225,37.49423122395332
2048,GS마트입구,0,710,214-15도,-,001,127.1165940582689,37.4919587989851
2049,롯데마트송파점(경보),0,710,95-4도,-,002,127.11700229943673,37.491170286228844
2050,GS마트입구(연등),2048,710,214-15도,-,001,127.11485303338164,37.49139196564283
2051,가락시장남2문,0,710,214-15도,-,001,127.11158055015163,37.49041583506501
2052,광평교,0,710,600 대,-,001,127.10918638383093,37.489663677835274
2053,훼미리아파트112동,0,710,150-14도,-,002,127.11850781264152,37.487838719828105
2054,훼미리아파트234동,0,710,150-14도,-,002,127.11361752811969,37.48617545507264
2055,개포중,0,680,139 공,-,002,127.06329923149032,37.480409963098154
2056,반포IC,0,650,729대,-,001,127.01694081894917,37.50338556464666
2057,서초1동주민센터,0,650,1643-47대,-,001,127.01886845633175,37.489682542238654
2058,교대정문,0,650,1642-34 대,-,001,127.01658034629313,37.48898922327617
2059,사랑하는교회,0,650,1634-1대,-,001,127.02097063970275,37.49030191810359
2060,사랑하는교회(연등),2059,650,1324-13대,-,001,127.02234394442206,37.49072167759567
2061,서이초교(연등)1,1115,650,1326대,-,001,127.02489456204732,37.491508422626644
2063,동대문주차장,0,140,204-8도,-,001,127.01238049719277,37.56790459493216
2064,구서울의료원,0,680,111-186 도,-,001,127.0660007920535,37.51525007728672
2065,서초삼성스위트아파트(연등),4689,650,1320-10 대,-,002,127.02559406225483,37.494056074585664
2066,선릉공원앞,0,680,131 공,-,002,127.04710067838977,37.50705395620656
2067,코엑스서문,0,680,73 종,-,001,127.05724161115474,37.51176864826807
2068,박석고개(연등),226,380,389-2도,-,001,126.92009596389016,37.62591289415308
2070,역촌역(연등),39,380,17-55천,-,001,126.9225706077265,37.60544937468481
2071,구산중(연등),780,380,25-29도,-,002,126.91075749178839,37.60756352781002
2072,갈현중앙교회(연등)1,774,380,457-3구,-,002,126.91367203055603,37.6159088777247
2073,갈현초교(연등)1,4952,380,533-2도,-,002,126.91504232237159,37.61805463740453
2074,갈현초교(연등)2,4952,380,389-11도,-,002,126.91613468215697,37.620179548379326
2077,불광초교(연등)1,242,380,276-4천,-,002,126.93194667784982,37.612452111014825
2078,불광초교,242,380,242-65구,-,002,126.9318150070423,37.61210488683946
2079,해성마트,35,380,493-12대,-,001,126.91398152505262,37.61292436932219
2081,서이지구대,0,650,858 도,-,001,127.02827313275944,37.4925288477391
2082,대도초교,0,680,1013-5 도,-,002,127.05426990135553,37.493334545597065
2083,대한도시가스,0,680,4-20천,-,001,127.07611762348462,37.498343785075605
2085,율현삼거리,0,680,118-2도,-,001,127.1203833960233,37.467675345154156
2086,청담초교(연등),1699,680,147 잡,-,001,127.04549118440265,37.52657995386624
2087,복정역,0,710,634-10 도,-,001,127.12675604895874,37.47075249837392
2088,탄천2교(연등),2040,710,86대,-,001,127.07736267010672,37.50512702339746
2089,장지교,2091,710,843-3 도,-,001,127.12707326240552,37.47583836591481
2090,구리판교밑,0,710,856 대,-,001,127.13069960806409,37.47522030057629
2092,장지역,0,710,201-11도,-,001,127.12584734079297,37.47938522036289
2093,건영아파트앞,0,710,312-2구,-,001,127.12423018620001,37.48253496285686
2094,문정역,0,710,119-4도,-,001,127.12241639173729,37.48607138791857
2095,올림픽훼밀리타운,0,710,135-2도,-,001,127.12103994989404,37.488756751719734
2096,가락시장동문,0,710,172-9도,-,001,127.11643720781166,37.494998006267934
2097,가락시장동문(연등),2096,710,325-2도,-,001,127.11721028338512,37.494184229407885
2098,가락시장,0,710,334-11도,-,001,127.11400365835108,37.49773906265088
2099,신가초교앞,0,710,95-3도,-,001,127.11877392219768,37.5003120625902
2100,경찰병원,0,710,10-15도,-,001,127.1233102389789,37.49496848501228
2101,문정동현대아파트,0,710,195-4도,-,002,127.12627096668525,37.491511798856095
2102,문정초교,0,710,3-3도,-,001,127.12839484150629,37.490008696073104
2103,문정중교,0,710,18-3도,-,002,127.13094766661936,37.48832243509538
2104,문덕초교,0,710,18-3도,-,001,127.12661978597946,37.486301279567684
2105,건영아파트,0,710,84-3도,-,001,127.12642519178672,37.48280206028808
2106,개롱근린공원,0,710,3-2도,-,001,127.12961670629821,37.49328047639185
2107,문정프라자아파트,0,710,199-4도,-,002,127.13357243044796,37.490559546176186
2108,송파중교,0,710,195-1도,-,001,127.13096764173592,37.49575443495154
2109,개롱역,0,710,165-2도,-,001,127.13407694450036,37.49844666273872
2110,송파경찰서,0,710,34학,-,001,127.1281387653673,37.501996020858684
2111,성동구치소,0,710,10-15도,-,001,127.12614783873698,37.499356829459735
2112,오금현대1차아파트,0,710,2-11도,-,001,127.12602562516203,37.503369079258604
2113,미성아파트앞,0,710,220학,-,001,127.12102447230998,37.50602848755843
2114,방이역,0,710,217-2도,-,001,127.12599966952385,37.50860773489385
2115,올림픽공원남4문,0,710,88-1대,-,001,127.11594858024006,37.516312727026815
2116,남2문,0,710,88-2 대,-,001,127.12263733530408,37.51404608674161
2117,거여역,0,710,20-14도,-,001,127.14438174149959,37.49303466276417
2118,마천사거리,0,710,45-4도,-,002,127.14657519048787,37.49799652502271
2119,성내1교,0,710,45-4도,-,002,127.14813374526393,37.5013767996934
2120,석촌호수북단,0,710,28도,-,001,127.10180680831108,37.51111303479513
2121,송파구청,0,710,12도,-,001,127.10670474728921,37.51546042084291
2122,KT앞삼거리,0,710,34도,-,001,127.10733157495913,37.513819929068546
2123,풍납사거리,0,740,472도,-,001,127.11914174718407,37.528011017962804
2124,영파여중고앞,0,710,490-16도,-,001,127.12139555567374,37.53307355673858
2125,한남광장,0,170,산9-19임,-,001,127.00293671669927,37.54718121466785
2126,아시아선수촌정문(연등),2033,710,255도,-,001,127.07904405319964,37.50888612248578
2127,동양종합금융증권,0,710,100-2도,-,001,127.12130405287625,37.49385747104745
2128,가락대림사거리,0,710,59도,-,002,127.12065081656375,37.49807355155886
2129,방이사거리(연등),286,710,4-3도,-,001,127.1140644945591,37.50926294878552
2130,방이2동주민센터,0,710,88-1대,-,001,127.11489713497694,37.51459520625424
2131,진주아파트16동앞,2121,710,20-4대,-,001,127.10905814675229,37.516285930569246
2132,잠실장미쇼핑,0,710,11대,-,001,127.10270760717306,37.51777822554656
2133,홈플러스잠실점,0,710,11대,-,002,127.10324001431671,37.516805774449836
2134,오금공원,0,710,6공,-,001,127.13173490542913,37.50577836823053
2135,백토공원,0,710,6-2도,-,001,127.13283564160133,37.50740824586745
2136,선수촌아파트,0,710,-,-,001,127.13119147230708,37.51047492317733
2137,방이초교(연등),2138,710,88-20 대,-,002,127.11976039825475,37.51267876363054
2138,방이초교,0,710,19-2도,-,002,127.12005015734995,37.5131184379451
2139,방이수협,0,710,158-1대,-,002,127.11809741326684,37.510000102945114
2140,방이시장,0,710,94-6도,-,001,127.11322018603104,37.51193581249908
2141,송파초교,0,710,65도,-,001,127.11130786665274,37.508875723651435
2142,송파여성문화회관,0,710,67도,-,001,127.10893314173713,37.506347834791924
2143,가락한양2차아파트,0,710,152-1도,-,002,127.11459550842888,37.504359870943084
2144,우리은행송파,0,710,4도,-,002,127.11265368055705,37.502966040371604
2145,경찰병원후문,0,710,10-15도,-,001,127.12491563890158,37.49669632936371
2146,가동초교,2108,710,161-1대,-,002,127.12877351036573,37.497397192521504
2147,가락5차51동앞,0,710,53-10대,-,001,127.13209518034225,37.499537054097694
2148,오금동근린공원,0,710,164-2도,-,001,127.13628778056044,37.50020359052295
2149,오금동근린공원(연등),2148,710,61-9대,-,001,127.13544574617272,37.49950420776821
2150,오금초교,0,710,-,-,002,127.13101240981365,37.509226477654806
2151,동양시스템(연등),1020,710,42-15도,-,002,127.12782819730043,37.50786090979035
2152,인애가병원,0,710,72-10도,-,002,127.13459016381812,37.50476808212774
2153,성내6교,0,710,72-10도,-,002,127.13634117499245,37.50416618485315
2155,송학빌딩,0,710,159-1도,-,002,127.14220218888387,37.50101367388533
2156,명성스텐,0,710,159-1도,-,002,127.14048191110184,37.49755056553979
2157,영풍초교,0,710,136-100대,-,001,127.14207810291082,37.49421853471244
2159,거여어울림102동앞,2117,710,178-117 대,-,001,127.14400065271202,37.49210982126674
2160,성덕교회,0,710,0-1가,-,001,127.1474764585192,37.492918876951634
2161,송파상운,0,710,183-4학,-,001,127.15128684631296,37.49273782385064
2163,윤호약국앞사거리,2164,710,144-12도,-,002,127.15019223287324,37.49549291094726
2164,거여119안전센터,0,710,175-64도,-,002,127.15160634894511,37.49414196529891
2165,신한은행마천,2118,710,45공,-,002,127.14773286477487,37.49719514965079
2166,남천초교,0,710,100-1천,-,002,127.1512499333653,37.5002391348201
2167,마천삼익아파트,0,710,68-3 공,-,002,127.15402958392517,37.49916907446206
2168,마천우방아파트,0,710,200-58천,-,002,127.1520699862572,37.49971678784596
2169,마천금호어울림1차,0,710,200-53 천,-,002,127.15421225510669,37.49760622085955
2170,마천1치안센터,0,710,199-2 전,-,002,127.1544246737015,37.49587416478343
2172,마천청소년센터,0,710,325-28천,-,002,127.15643381375203,37.492247008791516
2173,행복한치과,0,710,211-87도,-,002,127.15549550789957,37.49432316696914
2174,송파사거리(연등),486,710,94-35대,-,001,127.11163896807524,37.50032159423675
2175,선일농원,0,710,-,-,001,127.14209650240818,37.51276578926647
2176,잠실파크리오201동앞,0,710,18도,-,001,127.10804541387819,37.519110937351655
2177,풍납2동주민센터,0,710,453도,-,002,127.11721726109587,37.52878608166123
2178,토성초교,0,710,257-113도,-,002,127.11387321653208,37.53025610960731
2179,강동구청역,0,710,490-16 도,-,001,127.12062983828673,37.53071337618271
2180,서울공업사(연등)1,2181,710,490-16 도,-,001,127.12180219980897,37.5341791560704
2181,서울공업사,0,710,490-16 도,-,001,127.12221257369634,37.53529494694999
2182,서울공업사(연등)2,2181,710,455-21도,-,001,127.1227008643755,37.536654694158976
2183,풍납초교,0,710,159-7도,-,002,127.11739969438428,37.534207398372025
2184,재활용알뜰장,0,710,199-4도,-,002,127.13704626109136,37.49360624609276
2185,문정시영아파트,0,710,199-4도,-,002,127.1354091334474,37.49216729615669
2186,인애가송파병원,-,710,18-3도,-,002,127.12977693187716,37.487269840354756
2187,인애가송파병원(연등),-,710,18-3도,-,002,127.12882069081978,37.48670198161217
2188,건영아파트(연등),2105,710,90-1도,-,001,127.12621437223744,37.4843924073281
2189,문정초교(연등)1,2102,710,3대,-,001,127.12776662668234,37.488676972645145
2190,개롱근린공원(연등),2106,710,3-2도,-,002,127.12807450557926,37.49247253505752
2191,송파중교(연등),2108,710,195-1도,-,001,127.13040033607362,37.49475822109285
2192,래미안파크팰리스,2109,710,165-3도,-,001,127.13256414995546,37.49711792380008
2193,거여동사거리(연등),455,710,156-2도,-,001,127.13787122977084,37.49644734901347
2194,개롱역(연등)1,2109,710,165-2도,-,001,127.13559340005705,37.49766822376347
2195,코오롱,0,710,209-7도,-,002,127.1234711414764,37.50969094637038
2196,코오롱(연등)1,2195,710,209-7도,-,002,127.12464706669144,37.509191423625644
2197,방이삼거리(연등),319,710,63도,-,001,127.10976741935683,37.51131184037026
2198,거여아파트단지,0,710,290-5도,-,002,127.14495142510715,37.489760287854835
2199,거여라이프아파트,0,710,289-9도,-,002,127.14327268324837,37.490198398943406
2200,남천초교(연등),2166,710,52-3천,-,002,127.14933118051844,37.501258754311756
2201,동북고입구,0,740,354-8수,-,001,127.13890276936402,37.519228223531485
2202,둔촌사거리,0,710,450-43도,-,001,127.13382092371099,37.521443559304686
2203,올림픽공원북2문,0,710,547-1대,-,001,127.12797970635991,37.52400145154558
2204,호원아트홀,0,740,420-35대,-,002,127.13009318145555,37.52663074071201
2205,둔촌동역,0,740,450-48도,-,001,127.13662329469781,37.528810818794774
2206,둔촌아파트입구삼거리,-,740,450-41도,-,001,127.13468253886842,37.52367768271114
2207,둔촌종합상가,0,740,540-4도,-,001,127.13544699444519,37.52560218728756
2208,천동초교입구,0,740,349-8도,-,001,127.14116473626936,37.54097554536449
2209,굽은다리역,0,740,34-10도,-,001,127.14314593601371,37.54634629816912
2210,동부기술교육원,0,740,산11-2도,-,001,127.14443414986367,37.554738281044024
2211,선사사거리,0,740,527도,-,001,127.12919982396622,37.554766507431154
2212,암사역,0,740,547도,-,001,127.12755173155576,37.55013539881708
2213,천호동공원,0,740,265도,-,001,127.12587047501756,37.54547946486868
2214,광진교남단사거리,0,740,333-42도,-,001,127.12436513743519,37.54126107738774
2215,강동성심병원,0,740,461도,-,001,127.13430848891349,37.53529565376378
2216,길동현대병원,0,740,389-5 대,-,001,127.13899533469115,37.535145938391786
2217,강동성심병원입구,0,740,462도,-,002,127.1350390722288,37.536801459390205
2218,길동시장,0,740,415-5대,-,001,127.13637144660876,37.53465044731654
2219,길동초교(연등)1,2220,740,391-15도,-,001,127.14001388071648,37.53790948436062
2220,길동초교,0,740,390-29도,-,001,127.1396803054874,37.536951042637064
2221,보훈병원입구,0,740,307도,-,001,127.14067357432909,37.533738467203484
2222,둔촌고교입구,0,740,149도,-,001,127.14532121838447,37.53521664039912
2223,생태공원앞,0,740,176-11도,-,001,127.15232806098011,37.53820067881936
2224,길동생태공원,0,740,12-5도,-,001,127.15324070542377,37.54025384269952
2225,방아삼거리,0,740,105-35 전,-,001,127.14653058354968,37.523736429050345
2226,방아삼거리2,0,740,6-2대,-,001,127.14737951725922,37.52586465192348
2227,신성아파트,0,740,112-2도,-,002,127.14473359159675,37.526542548401196
2228,보훈병원(연등)1,4628,740,88-2도,-,002,127.14294239185409,37.529763376110026
2229,둔촌주공아파트,0,740,87-2도,-,002,127.14196690899624,37.52734259504103
2231,신명초교입구,0,740,54-1도,-,002,127.1470023082483,37.54065954914177
2232,대명초교입구,0,740,168도,-,001,127.1559503417839,37.546209695479256
2233,한영중고교앞,0,740,149대,-,001,127.15617479951217,37.54919801922605
2234,한영중고교입구,2232,740,168도,-,001,127.15605484757266,37.54742511638852
2235,E-마트,0,740,302도,-,001,127.15656704171656,37.55538883693869
2236,고덕역,0,740,314도,-,001,127.15329954170261,37.554944156253605
2237,묘곡초교,0,740,669도,-,002,127.15154733620615,37.55878590342783
2238,광문고교,0,740,302도,-,001,127.15683961388314,37.56056093954174
2239,공무원아파트,0,740,295학,-,001,127.15670674208639,37.55757146354206
2240,상일동역,0,740,299도,-,001,127.16543342784668,37.55660996750322
2242,고덕천사거리,0,740,120도,-,001,127.17132985430743,37.55719085255869
2243,상일시장,0,740,299도,-,001,127.16872671942153,37.55705306189682
2244,상일IC,0,740,359-3도,-,001,127.17357949455176,37.54697806486064
2246,늘푸른교회,0,740,283-5대,-,001,127.17106780561254,37.545968906611414
2247,상일동아아파트,0,740,168도,-,001,127.16704175274793,37.545657875779284
2249,고덕아르테온301동앞,0,740,497전,-,001,127.17220357779044,37.55374472345877
2250,고덕자이아파트앞,0,740,75-2잡,-,001,127.17281741291009,37.55105737806417
2251,고현초등학교삼거리,0,740,121대,-,001,127.16520254425679,37.553449249947576
2252,강동고교입구,0,740,-,-,002,127.16529819545255,37.55051882428853
2253,강동아트센터,0,740,147 도,-,001,127.1563163139359,37.551687509296684
2254,대명초교앞,0,740,59도,-,002,127.1525219657607,37.54659493011578
2255,고덕현대아파트,0,740,58도,-,001,127.15263746378182,37.54916215633448
599,서울교대,0,650,1748-33도,-,001,127.01459727500635,37.48837992949902
600,세곡동사거리,0,680,134-3도,-,001,127.10826699158862,37.4647471826535
609,구산사거리,0,380,194-2구,-,001,126.91162486662037,37.613749541585435
610,서울혁신파크정문,0,380,산42-18천,-,001,126.93306480866124,37.607014889778014
611,시청,0,140,31 대,-,001,126.9769249395891,37.56395767147845
612,퇴계로5가,0,140,173-10도,-,001,127.00257411109493,37.56320050625745
613,숙명여대입구(연등),2639,170,70-3대,-,001,126.97072971390509,37.544202338164716
614,학동,0,680,77-6 도,-,001,127.0391316305572,37.52316816505373
615,여의도수정아파트,0,560,4도,-,002,126.93075491671321,37.52204284018225
616,구반포삼거리,0,650,752도,-,001,126.9866977166776,37.5012787961378
617,대치우성아파트,0,680,78-24유,-,001,127.06744671835763,37.500997302350626
618,구산치안센터,0,380,195-4도,-,002,126.91136699960582,37.61214533392842
619,광산사거리,0,300,140도,-,001,127.02233476100282,37.64318200511214
620,국립재활원,0,300,410-267천,-,001,127.01220961371145,37.639973305198836
621,광운대입구,0,290,466 학,-,001,127.05656269737707,37.61760305922211
622,동묘앞역,0,110,83-2도,-,001,127.01567677491227,37.573025547833836
623,광교,0,110,9도,-,001,126.98275095268296,37.56905191454878
624,퇴계로4가,0,140,79-7도,-,001,126.99853253889299,37.56227016453705
625,숭례문,0,140,24도,-,001,126.97571741118267,37.56042729232144
626,몽촌토성역,0,710,19도,-,001,127.11259660831219,37.51749141524564
627,구로구청구의회,0,530,65도,-,001,126.88882243621077,37.495254735053194
628,도곡역,0,680,339-2 도,-,001,127.05537283900226,37.4909178239225
629,교대입구,0,650,1748-14도,-,001,127.01002746657271,37.48699503792775
630,구로전화국,0,620,1676-8도,-,001,126.9039862582463,37.47989881025406
631,금천구청입구,0,540,1000-26도,-,001,126.89960439784453,37.457195991402855
632,숭미초교,0,320,315-8도,-,001,127.02865490558703,37.65066221878637
633,광운초교앞사거리,0,290,산130-1임,-,001,127.05344475775152,37.619439787699704
634,월곡역,0,290,37-4도,-,001,127.04165057777816,37.60223776403143
635,서울시립대앞,0,230,103-25대,-,001,127.0535872043085,37.58339571852194
636,하이웨이주유소,0,500,666-61도,-,001,126.85473608902613,37.555089817421624
637,성산초교앞,0,440,473-9대,-,001,126.91164691937907,37.554235137778434
638,성수사거리,0,210,289-36구,-,001,127.0639789111282,37.542136842536095
639,구로역,0,530,603-2도,-,001,126.87980745556496,37.503014882091854
640,숭실대입구역,0,590,178-1도,-,001,126.9543320694849,37.495509684944714
641,고대구로병원,0,530,산91-6도,-,001,126.88340645006564,37.493083365663445
642,남구로역,0,530,802도,-,001,126.88611463601012,37.48497218235097
643,구로디지털단지입구,0,530,1125-12 도,-,001,126.90121021388677,37.482586090769054
644,하계역,0,350,273-5도,-,001,127.068213080521,37.635961046918325
645,청계한신휴플러스,0,200,645-8대,-,001,127.0441759085379,37.57192974304364
7480,양화대교북단램프1(연등),-,440,407도,-,001,126.9091511471991,37.54779085375892
647,광희동사거리,0,140,18-221대,-,001,127.00718059291248,37.56422357576623
648,퇴계로2가,0,140,21도,-,001,126.98905093339258,37.561190456221254
649,충무로역,0,140,1-4도,-,001,126.99326074726484,37.561082706252186
650,국립극장앞,0,140,산14-55임,-,001,127.00058566662229,37.55122804535364
651,아차산역사거리,0,210,111도,-,001,127.0908676973758,37.55008558690308
652,구의사거리,0,210,234-21도,-,001,127.0853009971528,37.545081545387035
653,성수대교남단,0,680,488 도,-,001,127.0337775998816,37.529175689959246
654,한강대교북단,0,170,301-5도,-,001,126.96177659443624,37.52241985949814
655,국립현충원,0,590,326-1천,-,001,126.97563823463042,37.503885256546546
656,구로소방파출소,0,530,산89-2도,-,001,126.88294239720456,37.49425097109137
657,시립동부병원앞,0,230,112-75대,-,001,127.03064997836184,37.57392977285973
658,광장사거리,0,210,550-4구,-,001,127.1042941526888,37.545082395299346
659,법원검찰청,0,650,1697-7대,-,001,127.01369636536712,37.493679306687035
660,시흥사거리,0,540,1000-48도,-,001,126.9005154306175,37.454753827327224
661,구수동사거리,0,440,68-18천,-,001,126.93188326382231,37.54548535928998
662,상왕십리역,0,200,590도,-,001,127.03007163231149,37.5641274536136
663,한강중교앞,0,170,312-2도,-,001,126.99183964379448,37.52570618846775
664,디지털단지오거리,0,540,127-34도,-,001,126.88986179985795,37.47937224075688
665,금천우체국,0,540,287-8도,-,001,126.89799574164574,37.46956806593993
666,AT센터,1135,650,320-1대,-,001,127.03984704177526,37.46864352461833
667,기아대교앞,0,540,1001-29도,-,001,126.90314891951209,37.43875778588702
669,시청뒤,0,140,34-4도,-,001,126.97918600268618,37.56697661170444
670,국일관,0,110,18대,-,001,126.98974422332967,37.570307816636074
671,세운상가,0,110,45-4 도,-,001,126.99537569104072,37.57057963088564
672,종묘입구,0,110,164-1도,-,001,126.99155071938873,37.57256466442906
673,운니동,934,110,75-4도,-,001,126.99063341369997,37.57566666085319
674,안국역,0,110,-,-,001,126.98621466395069,37.576854707360575
675,안국동사거리,0,110,-,-,001,126.98299434032113,37.57550532534598
676,경복궁,0,110,-,-,001,126.97938798400651,37.57584830842406
677,광화문,0,110,1-68도,3,001,126.97690236866275,37.57548334606857
678,정부서울청사,0,110,-,-,001,126.97434748488551,37.575746060737046
679,경복궁역,0,110,-,-,001,126.97262745782115,37.57590956529669
680,효자동삼거리,0,110,1대,-,001,126.97368313638516,37.583523431409624
681,신교동,0,110,60-4천,-,001,126.97039582160188,37.58384474417274
682,조계사앞,0,110,110-2도,-,001,126.98302081107093,37.5720119395076
683,강북청년창업센터,0,440,200-3도,-,001,126.90710700931132,37.564030959342155
684,팔판동,0,110,166-1도,-,001,126.98023965263864,37.58106932260581
687,청구성심병원,0,380,484-1 도,-,001,126.91998402426222,37.62109542051877
688,청운실버센터,0,110,89-68도,-,001,126.97283343218301,37.586386726984955
689,56사단,0,380,284-5도,-,002,126.93472942454846,37.6503115101233
691,연신종로약국(연등),422,380,392-14대,-,001,126.92295167806655,37.6197783994434
692,연신내상점가,33,380,439-7구,-,001,126.92017490504453,37.61845442414098
693,영보빌딩은평,0,380,420-9 도,-,001,126.91883651320929,37.61642074230388
694,신사오거리(연등)1,43,380,37-8도,-,001,126.91682358871788,37.599695436218525
695,은혜산부인과,0,380,38-8도,-,001,126.92478070847541,37.607864041967616
696,말죽거리공원사거리,0,650,105-4 도,-,001,127.03862124732251,37.47810714637349
697,역말사거리(연등)1,244,380,223 대,-,002,126.91449264717234,37.60579598883512
698,서부새생명약국(연등)2,40,380,172-77도,-,001,126.91918403452257,37.606972639047136
699,은평노인복지회관(연등)1,700,380,206-21답,-,001,126.92923100166553,37.6298213938404
700,은평노인복지회관,0,380,212-9도,-,002,126.93133559879774,37.632100230668954
701,신도초교정문,700,380,211-2대,-,001,126.92966782347459,37.63263947703877
7482,양화대교북단램프2(연등),-,440,407도,-,001,126.9094814593126,37.54746896578416
7506,우이교회(연등),-,300,204-25대,-,001,127.01711324865126,37.63831718361668
7507,한성고등학교,-,410,118-96철,-,001,126.95550883454558,37.558898108891434
7513,희성교회(연등),-,440,산11-59임,-,001,126.91336349315296,37.55796665684805
707,녹번초교,0,380,151-7대,-,001,126.92540192863159,37.603528987777274
708,연남교,0,440,448-4천,-,002,126.91681937786561,37.567358195014336
7521,강남데시앙포레106동,-,680,747 대,-,001,127.08929802585295,37.481601067078195
710,정부서울청사별관,0,110,161-1도,-,002,126.97446661163617,37.57410940734526
711,서울경찰청(연등),5589,110,-,-,002,126.97214358745472,37.57421431407647
712,신사동고개삼거리,0,380,17-19도,-,002,126.91014692010542,37.59783052969348
713,응암대림시장,0,380,604-3도,-,001,126.91678224982157,37.588285211491325
714,그랜드힐튼호텔,0,410,산11-45임,-,001,126.93595112216715,37.58829855869063
7522,방죽1시니어센터,-,680,242 도,-,002,127.10616039917461,37.4708698355959
716,조계사,682,110,-,-,001,126.98292943862461,37.5739453882213
717,낙원상가,0,110,277-1도,-,001,126.98762921946367,37.573541114329416
718,탑골공원(연등),253,110,284-29도,-,001,126.98785268046144,37.57261485604048
719,교동초교,717,110,140-2대,-,001,126.98683419732278,37.57497454485824
720,팔판동(연등),684,110,1-62천,-,001,126.97995362226044,37.57999265321078
721,연풍문,0,110,1대,-,002,126.97630467868139,37.583818934075275
722,신사동고개사거리,0,380,41-3도,-,001,126.90924081657842,37.59632790580734
723,신성아파트101동,0,380,208-11대,-,002,126.90650012990245,37.59217197108532
724,청계광장,0,110,1-80 도,-,001,126.97702118408431,37.56922007628129
725,와산교,0,380,352-4도,-,001,126.91303889436124,37.58870466970454
726,구기터널,0,110,120-1천,-,001,126.95671437490236,37.60846806658609
727,신진학원,0,380,104-46도,-,001,126.9203385860962,37.59770898354355
728,응암시장,0,380,117-27대,-,001,126.91805620018528,37.59387089505312
7524,아이파크2차정문,-,710,491임,-,001,127.14440335128192,37.47997604390696
730,통인교차로,0,110,113도,-,001,126.9713497667297,37.579453858805635
731,통인시장,0,110,-,-,001,126.97086421645044,37.58146099180486
732,청운초등학교앞,0,110,121-1도,-,001,126.97019188069473,37.58503457806281
733,경기상고,0,110,36-8도,-,001,126.96865396928241,37.588809419845056
734,청운중,0,110,산1-1임,-,001,126.97232851209814,37.58826071825869
735,최규식동상(연등),1811,110,277-7 도,-,001,126.96581674230043,37.59254827510768
736,합청,0,110,12-4도,-,001,126.97382366568151,37.57938056969679
7528,신트리119안전센터,-,470,521-29 임,-,001,126.84772336294645,37.5108422691452
738,응암대림시장(연등)1,713,380,576-28 대,-,001,126.91697457528271,37.58897055492327
739,북가좌오거리,0,410,332-7대,-,001,126.91201628777117,37.580847210546025
740,명지중고교,0,410,325-1대,-,001,126.9255836600134,37.58288180247325
741,연희우체국,0,410,88-16도,-,001,126.93179116938288,37.56910092568103
742,서대문소방서,0,410,700대,-,001,126.93556529267603,37.57305679969302
743,연희지하차도,0,410,산5-47임,-,001,126.93545600016196,37.576390142022696
744,연희성모의원(연등),87,410,414-9대,-,001,126.92667420370628,37.575139573821765
746,LG베스트샵수색점,0,380,355-10대,-,001,126.89371323011216,37.58315707213524
747,두빌빌딩,0,380,산39-2임,-,001,126.90087376763874,37.57894724370795
748,마포구청,0,440,450대,-,001,126.90148722212767,37.56540916727197
750,북가좌요진아파트,0,410,431대,-,001,126.90843748936223,37.572387569093344
751,서울창업허브,0,440,128-82대,-,001,126.94887213064516,37.5448449565912
752,서울여고,0,440,160-68도,-,001,126.9462985887549,37.54597817156637
753,서대문우체국(연등),5266,410,295-3대,-,001,126.9306930633119,37.56318554587189
754,한겨레신문사,0,440,115-32도,-,001,126.9582538292978,37.54753237352631
755,서울역서부,0,140,16-4공,-,001,126.96879135550273,37.55705502108017
756,굴다리입구,0,410,89-4도,-,001,126.94041688894667,37.560384853384974
757,명물거리,0,410,5 학,-,001,126.94037599460364,37.55911566188239
758,하나은행연희,0,410,90-15대,-,001,126.93091215828039,37.566846814465556
759,연남동,0,410,-,-,001,126.92739428610795,37.56213416733859
760,성산119안전센터,0,440,397 대,-,001,126.90313508407039,37.57027662210419
761,성산2동주민센터입구,0,440,27-54 철,-,001,126.90793242683411,37.56814594244689
762,봉원사입구,0,410,산3-18임,-,001,126.94678305628723,37.5665979930543
763,광흥창역,0,440,243-3도,-,001,126.93134371394767,37.547503553730124
764,세검정,0,110,211-1임,-,001,126.95794596163947,37.599982092388956
765,명성학원,0,380,산27 임,-,001,126.93178841979304,37.601205555025906
766,은평터널,0,380,182-8 도,-,002,126.9051989555669,37.59081883086323
767,방배3치안센터,0,650,1033-1도,-,001,127.00001556664016,37.47788880476473
768,영천시장,0,110,-,-,001,126.96283550828598,37.569767625232934
769,일영송추사거리,418,380,-,-,001,126.92130937371549,37.645097124738264
771,연신초교삼거리(연등)1,5,380,70-1도,-,001,126.9290135890196,37.62605687198627
772,갈현교회,0,380,419-30대,-,002,126.91680816441841,37.622102851725586
774,갈현중앙교회,0,380,533-3도,-,002,126.91428060577607,37.61643813470894
775,갈현중앙교회(연등)2,774,380,515-32대,-,002,126.91282006864446,37.61503253472975
776,선정중고입구(연등),425,380,324도,-,001,126.90773988211107,37.616173491979595
778,806전투경찰대,0,380,산130-9도,-,001,126.90565399435987,37.619092210872616
779,은평중,0,380,200-7대,-,002,126.91117182292325,37.61049192349428
780,구산중,0,380,16-63대,-,002,126.91096281933743,37.609127144379684
781,대호아파트,0,380,641 대,-,002,126.93293749459076,37.61587273980911
782,한전성서지점,0,380,5-29대,-,001,126.93409703535663,37.605790738101426
783,대성주유소,782,380,4-374대,-,001,126.93489173364684,37.60394592502732
784,정원여중입구,0,410,265-17도,-,001,126.93486070562318,37.58650533088285
786,은평구의회,432,380,86-16대,-,001,126.92937940083488,37.60142873330919
787,응암1동경향렉스빌,0,380,81-21대,-,001,126.92512549327968,37.60106442651347
788,본서부병원(연등)1,458,380,162-21대,-,001,126.92106543609329,37.600216900067565
789,신사1동주민센터,712,380,4-12도,-,002,126.91196359761808,37.59830275155494
790,명남아파트(연등),6983,380,4-12도,-,001,126.9105977543794,37.595340476996064
791,새절역(연등),167,380,25-38대,-,001,126.91305783347804,37.593384245482945
792,청운아파트,0,380,22-15도,-,001,126.91485785697549,37.59576314076778
793,풍천장어,0,380,585-18대,-,001,126.91590659155308,37.59114516979527
794,응암3동주민센터입구,0,380,427-1도,-,001,126.91762049844309,37.59187941617622
795,밝은문아파트,728,380,114-12 대,-,001,126.91829283891481,37.594844080694905
796,백련산SK뷰아이파크(연등),8132,380,115-27대,-,001,126.9191113691357,37.59594599801381
797,신진학원(연등),727,380,88-24대,-,001,126.92090919994554,37.598488502965196
798,산울림소극장,0,440,502-10대,-,002,126.93016985247428,37.55470954248066
799,신촌현대백화점,0,440,52-39대,-,001,126.93441065806638,37.55599704309921
800,르메이에르5차(연등),0,410,31-64도,-,001,126.94049710588298,37.55631102411324
801,아현동고개,0,440,144 대,-,001,126.948473779622,37.556931136534445
802,서강치안센터,0,440,53-47도,-,001,126.9350603507421,37.55396677360924
803,창전삼거리,0,440,437-5도,-,001,126.93281754441955,37.551689567387484
804,공덕초교,0,440,237-9도,-,001,126.95309302209432,37.5467654186503
805,마포경찰서,0,440,447-9도,-,001,126.95520147218504,37.550522998075564
806,서부지청,0,440,237-9도,-,001,126.95449145729488,37.549017946089265
807,독막길입구,0,440,385-242대,-,002,126.94887799913681,37.54283266840779
808,사랑의전화,0,440,14-4도,-,001,126.95475199158491,37.544562323173515
809,공덕동주민센터,0,440,386-1학,-,001,126.96039464040628,37.54974586212149
810,용산청소년쉼터,811,140,6-1공,-,001,126.96418995377078,37.552989113128305
811,만리시장,0,170,37-9대,-,001,126.96295328062506,37.55194297105964
812,상공회의소,0,140,72-4도,-,001,126.97391584621174,37.55980885514104
813,자하문터널북단,0,110,-,-,001,126.96367928919163,37.59520688435194
814,하림각,0,110,190-1구,-,001,126.9626127824614,37.59781937322741
816,유원하나아파트,0,410,454대,-,001,126.95161357216884,37.59551389754613
817,홍은대교,0,410,9-685천,-,002,126.94646264152765,37.59753583081199
818,홍제교,0,410,266-55도,-,001,126.94467578065957,37.59180886688908
819,문화촌성결교회,0,410,278-39대,-,001,126.94735168598926,37.59287038626363
820,홍은2동주민센터,0,410,산11-96임,-,001,126.93380301115305,37.58011594776463
821,백련교,0,410,170-198천,-,001,126.93743753223326,37.582775575039875
822,신연중,0,410,312-139대,-,001,126.9412541997293,37.58394664638826
823,라이온스톤오피스텔,0,410,산66-15임,-,001,126.92911193044684,37.572205770078575
824,연남동하모니마트,0,440,413-21 도,-,002,126.92566552604954,37.563521451554664
825,동교로사거리,0,440,445-7도,-,001,126.92054486388056,37.55601910631786
826,청기와예식장,0,440,445-7도,-,001,126.91876505845853,37.557542323021245
827,을지로3가역,0,140,-,-,001,126.98974152751256,37.56622708374928
828,증산3교남단,0,410,352-10천,-,002,126.9066047499416,37.57991678369119
829,백련산힐스테이트310동,0,380,648도,-,002,126.92271930218321,37.58895950763871
830,백련산힐스테이트204동,0,380,232-3 대,-,001,126.92283846023824,37.59066484302857
831,응암2동주민센터,1094,380,197-78대,-,002,126.92301463904985,37.59426716776268
832,응암푸르지오(연등)1,5577,380,194-17도,-,002,126.92423782198536,37.59712496067125
833,소년의집입구,0,380,83-42대,-,002,126.92664784317486,37.59966903600558
834,가좌전화국,0,410,359-2도,-,001,126.91421641096476,37.58380820869897
835,북가좌삼호아파트,0,410,80-180대,-,002,126.91131756701436,37.57656963459621
836,DMC아이파크(연등),6533,410,75-25대,-,001,126.91457605679025,37.57522094676775
838,인우아파트,0,380,167-1 대,-,001,126.90795883181733,37.58234774529731
839,신사미성아파트,0,380,98-49 공,-,002,126.90948775968987,37.59025766251715
840,증산초교,0,380,203-2대,-,002,126.90539820336404,37.5823293369479
841,안디옥교회,0,380,35-23도,-,001,126.9134172161185,37.59037278142198
842,디지털미디어시티역,0,380,238도,-,001,126.90170337775857,37.57817037283188
843,수색디지털프라자,0,380,164-7대,-,001,126.89780034502051,37.580726222510485
844,수색서광빌딩,0,380,-,-,001,126.89167279292619,37.58402522399958
845,수색초교입구,0,380,산 21-1 임,-,002,126.89758482304201,37.583992467967285
846,상신중,0,380,356대,-,002,126.90637637616551,37.590563558332384
847,그랜드힐튼호텔(연등),714,410,202-6천,-,001,126.93670990547095,37.58895461426362
848,송림기사식당,0,410,84-2도,-,001,126.92285707766118,37.573282344994844
849,은평문화예술회관,0,380,104-29대,-,002,126.92718297131073,37.60340391843285
850,정우베스트빌,0,410,351-10대,-,002,126.91433707784857,37.58160354492056
851,DMC두산위브아파트,0,410,3-86대,-,001,126.91621986092575,37.58000238915962
852,연가초교(연등),0,410,2-27 대,-,002,126.91719895270552,37.57929950048605
853,중심교회,0,380,126-4 도,-,002,126.92870002988126,37.605197306416606
854,승암교,0,410,4-4 임,-,001,126.95650482473822,37.5967847911732
855,응암초교,0,380,347-1도,-,001,126.91994465479164,37.58793203818991
856,교육연구정보원(연등)2,0,140,산1-2임,-,002,126.98074642303045,37.55478645604388
857,단암빌딩,0,140,17-23대,-,001,126.97601073667798,37.55850732362563
858,세브란스빌딩,0,140,520도,-,001,126.97430127740095,37.55664705841623
859,힐튼호텔,0,170,447도,-,001,126.9766395721723,37.55519197026547
860,불천어린이공원,0,410,9-329대,-,002,126.94761636876649,37.596979040133874
861,홍은IC진입로,0,410,279-96 도,-,001,126.94825562771983,37.59441895630008
862,국민연금북부,0,410,183대,-,001,126.96348645780152,37.5611325912262
863,평창치안센터,0,110,235-1천,-,001,126.9670427664882,37.60569493883153
864,고은초교,0,410,173-16 대,-,001,126.94428396746352,37.58495595445338
865,평창힐스,0,110,85-2도,-,001,126.97201940542926,37.60744245825006
866,귀빈빌딩,0,110,-,-,001,126.97399206955413,37.609257961616336
867,가나아트홀,0,110,66-19도,-,001,126.97582421657788,37.610054666571024
868,신영소방서,0,110,-,-,001,126.9606179711127,37.60583142555399
869,독립문삼호아파트,0,410,101-3도,-,001,126.95899466388991,37.57137687550035
870,독립공원,0,110,-,-,001,126.9556361750022,37.57661820313665
871,부암동주민센터(연등),0,110,-,-,001,126.96447685570583,37.592836367032945
872,현대유플렉스,0,410,89-4도,-,002,126.93691802655627,37.557253378379386
873,경찰청정문,0,410,173-1도,-,001,126.96833961228127,37.56376223131168
874,대흥주유소,0,440,337-2전,-,002,126.93967994452649,37.54535205934101
875,덕은교,0,380,-,-,001,126.88258635687522,37.59098709030375
876,월드컵파크1단지,0,440,37-2도,-,001,126.894741922231,37.57576250609666
878,난지천공원입구,0,440,478-13 잡,-,001,126.88092469251737,37.5774208417748
879,향동리입구,0,380,414-1 차,-,001,126.88453694850165,37.58927663627446
880,염리초교입구,0,440,150학,-,001,126.94778142460662,37.54336564947437
881,태성빌딩,0,440,365-1도,-,001,126.92123243063617,37.55077565927615
882,대흥동우편취급국,0,440,34-25대,-,001,126.94395745467814,37.547008533864904
883,홍대클럽거리,0,440,486 대,-,002,126.9230344458071,37.550722390626994
884,서강초교,0,440,72-1 학,-,001,126.92509305962152,37.54769677941162
885,연남코오롱아파트,0,440,369-21도,-,002,126.92113581390377,37.563211739508965
886,이조빌라,0,440,365-19도,-,002,126.91963968326904,37.56506333680376
887,신촌전화국,0,440,375 철,-,001,126.92302392765522,37.55798180912623
888,연남치안센터,0,440,567-43도,-,002,126.92380611362097,37.56001548932848
889,혜당한방병원(연등),890,440,392-10대,-,001,126.91484006338924,37.54863424624445
890,혜당한방병원,0,440,395-170대,-,001,126.91648285762413,37.548317973639726
891,희성교회,0,440,458-12도,-,002,126.91411144450421,37.557006731334376
892,성미산약수터,0,440,103-16도,-,001,126.9142003306703,37.56256783959156
893,내고향풍천장어,0,440,478-9 구,-,002,126.91792556936362,37.55529480903427
894,성산모터스,0,440,478-9 구,-,002,126.91574053607846,37.554925817399194
895,망원정사거리,0,440,391-37구,-,002,126.90484426124681,37.552113636886205
896,하모니마트,0,440,394-30구,-,002,126.90655724177579,37.552608806327115
897,신수동사거리,0,440,380-2도,-,001,126.9342454602362,37.545066812442265
898,마포노인종합복지관,0,440,437-5도,-,001,126.9319392257217,37.549285147379095
899,하중동사거리,0,440,329-3도,-,001,126.93068048037934,37.54554216989726
900,성원초교,0,440,35-38도,-,002,126.90443316707447,37.56746925425022
901,상암초교,0,440,1608 공,-,001,126.89239006310407,37.577131139016046
902,성서초교입구,0,440,산 11-58 공,-,002,126.9125888979874,37.55891340564392
903,중암교,0,440,9016천,-,001,126.90044522891642,37.572304477303916
904,상장회사회관,0,440,85-2대,-,002,126.94459276280136,37.545098363222806
905,마포태영상가,0,440,51 학,-,002,126.94287222131979,37.545940192884714
906,홍익산부인과,0,440,12-2도,-,001,126.92004952497663,37.547848795432245
907,당인리발전소,0,440,402도,-,001,126.91838234452062,37.54790558426256
908,망원초교,0,440,350-8도,-,002,126.9026891851987,37.560006765041535
909,하나은행망원,0,440,423-7도,-,002,126.90445264450703,37.55725885621885
910,상암휴먼시아아파트,0,440,1445-1 도,-,001,126.89576637159377,37.575197189925014
911,신북초교,0,440,59-2도,-,002,126.90429167231541,37.57134741445317
912,홍익병원,0,470,951-1도,-,001,126.86398106533757,37.52985197658957
914,대흥치안센터,0,440,3-63도,-,001,126.94593664878774,37.55341799975089
915,신공덕삼성아파트,0,440,2-44대,-,001,126.95572421242608,37.541825412519856
916,서교천주교회,0,440,349도,-,002,126.92832643375841,37.55363642369099
917,마포구치매지원센터,0,440,22-153전,-,001,126.94390212166364,37.550103395098226
918,신수동성원아파트,0,440,85-26철,-,001,126.93704850652878,37.54731979624663
919,용강동,0,440,7-14도,-,002,126.94364859150583,37.542746431603085
920,염리초교(경보),0,440,446-5대,-,002,126.94682243875981,37.542414421889326
921,엠팰리스웨딩홀,0,440,45-15도,-,001,126.9418419166643,37.541138606538425
922,용강동주민센터,0,440,660대,-,001,126.94079183430513,37.541844020095006
923,성산대교북단(경보),0,440,390-1 잡,-,001,126.89636699845227,37.560138713535636
924,마포소방서,0,440,68-12천,-,002,126.93298255273153,37.549953937043895
925,서교동,0,440,201-16대,-,001,126.91998863230592,37.55405248245216
926,신덕성결교회,0,440,105-228대,-,001,126.95609806994479,37.54564537989567
927,망원교회,0,440,420-7구,-,002,126.9004357739459,37.55641332791275
928,망원지구대,0,440,397-5대,-,002,126.90208763887026,37.553964996511525
929,신수동서강빌딩,0,440,1-1학,-,001,126.93912517778608,37.54916333547618
930,월드컵경기장사거리,0,440,532-14잡,-,001,126.8936257476605,37.567698255311164
931,월드컵정문,0,440,산 53-1 공,-,002,126.89473312475805,37.56887464175973
932,망원역,0,440,245-19도,-,001,126.91021247438374,37.55595857207207
933,평화의공원,0,440,665 도,-,001,126.89193805273385,37.565801900342095
934,아세아빌딩,0,110,-,-,001,126.9909626782694,37.57452388933629
935,우리은행효자,0,110,-,-,001,126.97186228948263,37.578118322193184
954,호텔피제이앞,0,140,77대,-,001,126.99693031820836,37.56430957624449
955,을지KT앞,0,140,58-5대,-,001,127.00447931107686,37.5666401785239
956,남산적십자(연등)1,0,140,111도,-,001,126.98820705783004,37.55968955073124
957,중부수도사업소,0,140,208대,-,001,127.00242989443416,37.553158597996756
958,동국대학교앞,0,140,산6-5구,-,001,127.00460190602254,37.556471160684616
960,장충고개,0,140,200-99도,-,001,127.00820590013493,37.55803514245326
961,한국예술사관학교,0,140,24-8대,-,002,126.9901601109801,37.56018669037354
962,남산2호터널입구,0,140,산4-87도,-,001,127.00395752839101,37.55536798620354
963,우리은행장충지점,0,140,21-4도,-,001,127.00642845568072,37.56208350697076
964,엠버서더호텔,0,140,191-33대,-,001,127.00299472502975,37.55921028949959
7488,면목119안전센터,-,260,346-3대,-,001,127.08016705229265,37.57286842668177
966,월드컵파크3단지,0,440,1538-12잡,-,001,126.88814928978958,37.57305471025218
967,국방대삼거리,0,440,535대,-,002,126.8801544123213,37.58530849391802
968,월드컵파크7단지,0,440,455-5답,-,001,126.8820772922441,37.58328918381971
969,래미안마포웰스트림아파트,0,440,190대,-,001,126.93651299287914,37.543926632667386
970,봉화환승주차장,0,260,55-1대,-,001,127.09341408821349,37.616397813419646
971,태릉선수촌,0,350,산223-19임,-,001,127.10333128849628,37.63359656736678
972,국민대,0,290,산1-281임,-,001,126.99437671374544,37.61080806652546
973,디지털미디어시티입구,0,440,1538-2잡,-,001,126.88649763676739,37.57418292772822
974,구룡터널,0,680,277 도,-,001,127.05873490266337,37.47601379084096
975,가락시장역,0,710,65도,-,001,127.11872488420155,37.49252423713756
977,서울세관,0,680,279-85 도,-,001,127.03534616663362,37.51541254035398
978,등양초교앞(경보),0,500,709-1도,-,002,126.84426429439559,37.56550027570825
979,가양아파트,0,500,1481-3도,-,001,126.85668879693439,37.563499896996056
980,구남초교,0,210,215-14도,-,001,127.09319270824467,37.53715678708435
4,기자촌,0,380,141-29전,-,002,126.93199105598586,37.63391115312052
5,연신초교삼거리,0,380,70-1도,-,001,126.92880716400103,37.62510035519627
6,연신내역,0,380,487-8천,-,001,126.92138317223683,37.61888309718337
7495,위례24단지정문사거리(연등),-,710,472전,-,002,127.1417193510689,37.47535461994386
32,대조초교,5481,380,531-8천,-,001,126.91761303919796,37.613253839628285
33,연신내로데오,0,380,487-2도,-,001,126.91945866046333,37.61742379569337
34,북한산힐스테이트7차(연등),267,380,319-14대,-,001,126.92302351838521,37.6171179380475
35,역촌시장,0,380,536-7도,-,001,126.91533037499292,37.61241724717365
36,역촌사거리,0,380,172-77도,-,001,126.92069154024047,37.608816879646646
37,역촌동주민센터,0,380,11-58대,-,001,126.9156169933209,37.60413816306706
38,KT&G,0,380,159-36도,-,001,126.92254502492163,37.60297590564442
39,역촌역,0,380,153-31도,-,001,126.92287807219945,37.60629075002328
40,서부새생명약국,0,380,2-116도,-,002,126.9181202322335,37.60620069567309
41,한국환경산업기술원,0,380,633 대,-,001,126.93299748187256,37.609527410998986
42,한국환경산업기술원(연등),41,380,635 대,-,001,126.93534171782663,37.60967321809091
43,신사오거리,0,380,36-33대,-,001,126.91573552220484,37.59913538900111
44,이마트은평점,0,380,31-4대,-,001,126.91886496575292,37.60028324170849
45,어린이교통공원,0,350,764대,-,001,127.06164957304497,37.64490063648938
46,길음역,0,290,1045대,-,001,127.02518156808739,37.60425927982531
47,녹번역,0,380,55도,-,001,126.93571740826837,37.600904208475356
48,회기역앞,0,230,346-99 종,-,001,127.05594618705588,37.59007366585229
49,시조사삼거리,0,230,67-7도,-,001,127.0537435245059,37.58825245748403
50,홍파초교,0,230,856도,-,001,127.03837549154869,37.58659521154727
51,대광고,0,290,119-1도,-,001,127.02312321667156,37.578333511627676
52,신설동역,0,230,53-3 대,-,001,127.0232176172699,37.575617587034095
53,용두공원,0,200,39-602대,-,001,127.04183208910638,37.57283609320815
54,연가교,0,410,530-6도,-,001,126.92148382767854,37.57220203656698
55,신답역,0,230,524-1도,-,001,127.04870108620058,37.569844514362714
56,양천향교역,0,500,1459대,-,001,126.84131321718522,37.56845520146137
57,도선사거리,0,200,474-28도,-,001,127.03649278343225,37.56606399772267
58,굴레방다리,0,410,129-48대,-,001,126.95617575822413,37.5574103508257
59,신촌기차역입구,0,440,3-63도,-,001,126.94289316100696,37.556600592510435
60,약수역,0,140,369-2도,-,001,127.01065006387608,37.55480973958402
61,길동사거리,0,740,450-45도,-,001,127.13855568336423,37.53394614276272
62,화곡터널남단,0,500,662-7도,-,001,126.8456503140053,37.53347692061209
63,현대원효로센터,-,170,38-1 대,-,001,126.95390460701381,37.532207876586085
64,한양아파트앞,0,560,5도,-,001,126.93289440009539,37.51986173467564
65,신트리공원앞,0,470,574-1도,-,001,126.85587033618114,37.51366955124947
66,대방역,0,560,4890도,-,001,126.9254013721753,37.51259284019375
67,쌍용자동차서비스,0,530,563-17대,-,001,126.88244619444453,37.500712440544966
68,학여울역,0,680,65대,-,001,127.06990569528367,37.496502759587806
69,대림삼거리,0,560,951-1도,-,001,126.90917196383799,37.49239323497897
70,난곡사거리,0,620,513 도,-,001,126.91459123542367,37.48183884572703
71,낙성대입구,0,620,1693-38도,-,001,126.95990966106166,37.47850544353994
72,언남중정문,0,650,280-5대,-,002,127.04546882801733,37.471891056901434
73,독산사거리,0,540,152-12도,-,001,126.89817934451625,37.471421754700344
74,신사동고개삼거리(연등),712,380,17-23 도,-,002,126.9101769881142,37.599041816354884
76,기독신학교,0,380,55-51대,-,002,126.9103302443238,37.60190224874707
77,역촌초교후문입구,37,380,21-56대,-,001,126.9158285482977,37.60244558312441
79,역말사거리(연등)2,244,380,8-3학,-,001,126.91526548318305,37.60744126657029
80,응암역서측,789,380,83-67대,-,001,126.91467933507698,37.59888313323138
81,양광교회,0,380,15-178도,-,001,126.92869662166656,37.60849252231447
82,해군회관앞,0,560,4880도,-,001,126.92194321382316,37.504139184811855
83,미아역,0,300,194-1도,-,001,127.0261919249017,37.626245166475584
84,아리랑고개입구,0,290,966-1천,-,001,127.01332187781522,37.603477644491285
85,홍은사거리,0,410,226-8도,-,001,126.94140773611124,37.591526844655235
86,홍연2교,0,410,422-6도,-,001,126.93039979996215,37.57805952039668
87,홍남교,0,410,318-7도,-,001,126.9261244277193,37.57580157272392
88,동대문구청,0,230,47-1도,-,001,127.03807333059393,37.574094417138376
89,동대문중,0,230,524-1도,-,001,127.05222501675019,37.57335748106092
90,답십리사거리,0,230,68-6대,-,001,127.05742123342682,37.572896500535926
91,황학사거리,0,140,16-26대,-,001,127.02350141022492,37.56788735989679
92,한양공고앞,0,140,226-4도,-,001,127.01100945276377,37.564860028434026
93,동곡삼거리,0,210,263-6도,-,001,127.07646180841282,37.564216570058775
94,신촌기차역(연등),4794,410,60-11도,-,001,126.94220050352007,37.55913764885474
95,한양대앞,0,200,20-7도,-,001,127.0407591772119,37.557719330498415
96,홍익대앞,0,440,349도,-,002,126.92425605549005,37.552861942439414
97,화양사거리,0,210,21-53도,-,001,127.06747071122297,37.548327606373576
98,대흥역,0,440,118-14도,-,001,126.94191518878088,37.54789428695978
99,신석초교,0,440,445-13도,-,001,126.93798829013359,37.54343183778983
100,선유중학교,0,560,51-1대,-,001,126.8953795635668,37.53288160319049
101,갤러리아압구정,0,680,496 도,-,001,127.04071229492436,37.52785086168274
102,양남사거리,0,560,19-1도,-,001,126.89002154993084,37.522269420797656
103,도산공원,0,680,668-6 도,-,001,127.03382845546157,37.521549329018356
104,신정네거리역,0,470,889도,-,001,126.85247257767305,37.52114101249043
105,여의도치안센터,0,560,7-1도,-,001,126.93505713599735,37.517604773575485
106,여의교북단,0,560,5도,-,001,126.92859813550847,37.517062075463436
107,대치사거리,0,680,1012-51 도,-,001,127.05864352770953,37.50309385156154
108,신대방삼거리역,0,590,466-61 도,-,001,126.92827910470623,37.49969784904663
109,썬프라자,1619,560,909-3도,-,001,126.9082967500584,37.49680508485483
110,한티역,0,680,1026-9 도,-,001,127.05289430821746,37.49628746006837
111,대림우성2차아파트,0,560,745-4대,-,001,126.89994154168598,37.49484421833961
112,대치역,0,680,317-3 도,-,001,127.0632210278314,37.4944985877374
113,당곡사거리,0,620,1466-4천,-,001,126.92790596678428,37.48938925719581
114,신대방역,0,620,502도,-,001,126.91337421108452,37.486993849115926
115,신림역,0,620,1467-10도,-,001,126.92970188882164,37.48424650741425
116,독산4동삼거리,0,540,193-32도,-,001,126.90295743055923,37.47077178809497
117,녹천교서측,0,320,788-3천,-,001,127.05477485721237,37.6458143611422
118,화랑대사거리,0,350,66-2도,-,001,127.08719544461425,37.62152022478118
119,혜화동로터리,0,110,-,-,001,127.00124020179786,37.58559314555646
120,흥인지문,0,110,-,-,001,127.00902354230423,37.571326437794085
121,서울교통공사,0,200,956-33대,-,001,127.05795776412552,37.562902864194484
122,회현사거리,0,140,83-7대,-,001,126.98207234290116,37.560389307061065
123,군자교,0,210,611-20도,-,001,127.07373828336712,37.559419084099616
124,동교동삼거리,0,440,438대,-,001,126.9268591620388,37.55874359285065
125,도동삼거리,0,140,64-5도,-,001,126.97698456414867,37.555956720454304
126,신촌로터리,0,410,30-16도,-,001,126.93689322476351,37.55512605612834
127,후암삼거리,0,170,1-3도,-,001,126.97646440055402,37.55333752377877
128,금남시장,0,200,576-1도,-,001,127.02164181336056,37.54817926953068
129,화양시장,0,210,346-42도,-,001,127.07049060275668,37.54801899807396
130,신월사거리,0,470,263도,-,001,126.82830630003187,37.535878578881835
131,당산중,0,560,11-37도,-,001,126.90575675026285,37.532008540628965
132,국회의사당,0,560,1대,-,001,126.91664076952382,37.52883225125797
133,마포대교남단,0,560,8-1도,-,001,126.92938766927472,37.52912537618303
134,두무개삼거리,0,170,139 도,-,001,127.006888758454,37.53018951816139
135,신사역,0,650,87-1도,-,001,127.01951242492039,37.516098762434204
136,학동역,0,680,78-5 대,-,001,127.0307458519419,37.51399724306672
137,잠실새내역,0,710,22-0 대,-,001,127.08553845719145,37.511633143376514
138,대림코오롱아파트(연등),1530,560,274철,-,002,126.89402978632158,37.50752320016868
139,남부터미널,0,650,1748-39도,-,001,127.01627909447477,37.48501675734054
140,말미사거리,0,540,292-25도,-,001,126.89770768057421,37.46650299645774
141,신도봉사거리,0,320,637-48 도,-,001,127.04389197219,37.67126811577397
142,노원역,0,350,694-1도,-,001,127.0602585278656,37.6556259215259
143,당현2교,0,350,225-1천,-,001,127.0684718139962,37.65079264389329
144,신영동삼거리,0,110,42-1도,-,001,126.9617998083837,37.60356036112242
145,명지대사거리,0,410,50-3학,-,001,126.9213144282265,37.577665082477715
146,독립문역,0,410,1016도,-,001,126.96022870274236,37.57222240056131
147,흥인사거리,0,140,-,-,001,127.01598272284535,37.568008710513375
148,신당역,0,140,162-1도,-,001,127.0162073556887,37.565367658972036
149,답십리역,0,200,127도,-,001,127.05470905005924,37.56533761737164
150,김포공항입구,0,500,624-2잡,-,001,126.80714505552568,37.56170307838435
151,금호사거리,0,200,639 도,-,001,127.02577396977075,37.548038414989165
152,상수역,0,440,309-10도,-,001,126.9229691999785,37.5477631759325
153,남영삼거리,0,170,1-6 대,-,001,126.97277944430317,37.54204840650052
154,화곡로입구,0,470,258도,-,001,126.82598141388725,37.53933183980185
155,압구정역,0,680,421 도,-,001,127.02850812222647,37.5272415400312
156,영등포경찰서,0,560,10-1대,-,001,126.90285104533086,37.52611096434079
157,노량진삼거리,0,590,60-11도,-,001,126.94023585545398,37.513563206899235
158,논현역,0,680,280 도,-,001,127.02132978067081,37.51110133189713
159,신도림고가차도,0,560,237-16전,-,001,126.89794805015576,37.505224500563415
160,역삼역,0,680,800-56 도,-,001,127.03690755278679,37.50082302377375
162,대림사거리,0,590,699도,-,001,126.90637249447933,37.488875418312325
163,양재역,0,680,958-2 도,-,001,127.0340111723727,37.484548712886706
164,노원교,0,320,637-55 도,-,001,127.04962279440325,37.679345957372554
165,대진여고,0,350,514-6도,-,001,127.0662974861347,37.64619775232131
166,화계사,0,300,119-1도,-,001,127.0174765331686,37.63419550241243
167,새절역,0,380,35-23도,-,001,126.91401155266514,37.592629064195904
168,영휘원앞,0,230,819도,-,001,127.04308124440182,37.5867229059472
169,홍제삼거리,0,410,161-1 도,-,001,126.94695498895916,37.58621826425826
170,양지사거리,0,200,590도,-,001,127.03009295815468,37.566783389375374
172,기업은행신수,0,440,65-4도,-,001,126.93329736120776,37.55262456752847
173,합정역,0,440,402도,-,001,126.91336883613903,37.54924511465667
174,나이아가라호텔,0,500,284-81도,-,001,126.87882262411833,37.54865961924728
175,양평동사거리,0,560,294-1도,-,001,126.8978277465443,37.53594208886554
176,당산역,0,560,227-1도,-,001,126.90192411936673,37.53390404552515
177,한남오거리,0,170,810 대,-,001,127.0076076951701,37.53342349656357
178,화곡사거리,0,500,661-1도,-,001,126.84740979444457,37.53061941216338
179,남부교육청앞,0,560,94-33도,-,001,126.90943745548935,37.52520180120603
180,양강중,0,470,889도,-,001,126.85090597496557,37.52406527632723
181,KBS,0,560,2-9도,-,001,126.91614891660339,37.52330521234621
182,여의도역,0,560,3도,-,001,126.92418613340048,37.521646762304194
183,휘문고교,0,680,1012-48 도,-,001,127.06514764983605,37.50522394866001
184,도성초교사거리,0,680,1011-19 도,-,001,127.05085787453243,37.500555667672444
185,대림3동사거리,0,560,698도,-,001,126.89771349180359,37.49992980710672
186,신길주유소,0,560,425-2도,-,001,126.90854711396867,37.49933968493158
187,대방천사거리,0,560,-,-,001,126.92023677791751,37.49850257943868
188,양재전화국,0,680,207-1도,-,001,127.04134009167605,37.485558999081654
189,화랑대역,0,350,261-1도,-,001,127.08446587794118,37.62044160820262
190,길음교(경보),0,290,26-2도,-,001,127.02209254164258,37.601730947285866
191,안암오거리,0,290,104-72도,-,001,127.02952012506513,37.5826949365513
192,한국은행앞,0,140,1대,-,001,126.98123574079216,37.56194108528909
193,연세대,0,410,134 학,-,001,126.9368720106528,37.56004555464327
194,아현교차로,0,440,409대,-,001,126.95929951193204,37.55708484811903
195,창천동삼거리,0,440,191도,-,001,126.93173406944001,37.55690252112194
196,화곡역,0,500,1089-54도,-,001,126.84039196665559,37.541650537005495
197,여의도선착장,0,560,85-1천,-,001,126.93520337633217,37.52486019766649
198,강남을지병원,0,680,668-6 도,-,001,127.02811679448257,37.51971635966513
199,대한지적공사,0,560,4도,-,001,126.92643213326552,37.519355754106215
200,신길삼거리,0,560,65-2도,-,001,126.91885613053134,37.51420795142589
212,동명베스트아파트,0,380,643-0 대,-,002,126.92467061843394,37.61365532523991
215,불광역,0,380,276-14천,-,001,126.92949453885889,37.61096343616403
226,박석고개,0,380,1-1 도,-,001,126.91985511119412,37.62687372202035
227,불광지구대삼거리(연등),229,380,106-1도,-,001,126.92753561638642,37.62314715368853
229,불광지구대삼거리,0,380,423-7도,-,001,126.92626704434413,37.62140964428195
230,불광중,0,380,산11-1임,-,002,126.93132034409211,37.62232048553453
231,대조초교(연등),32,380,531-7천,-,001,126.91775407226339,37.61425204719368
232,동명여고,0,380,286-22 도,-,001,126.92609189457089,37.61483163606734
233,대호아파트(연등),781,380,11-8대,-,002,126.93224974249685,37.61420979426475
234,예일여고,0,380,8-10구,-,001,126.91599965285067,37.60914348613675
235,대조마을마당,0,380,212-1학,-,001,126.91901968449179,37.610214377672946
236,대조불광시장,0,380,115-4 천,-,001,126.92681233566684,37.608997526258925
238,서울혁신파크,0,380,602-9대,-,001,126.93136641088972,37.60882106980182
239,불광역(연등),215,380,265-1도,-,001,126.92860842325166,37.6119914448211
242,불광초교(연등)2,0,380,243-15대,-,002,126.93116166128931,37.61190026599301
243,북한산래미안,0,380,산42-1임,-,001,126.93926161466025,37.610578156030044
244,역말사거리,0,380,8-18도,-,001,126.91538668046483,37.60586049440462
245,구산역,0,380,1-21구,-,001,126.91724346396737,37.61128295265107
246,동명여고(연등),232,380,257도,-,001,126.92704426870003,37.613801450997634
247,연천초교,0,380,105-5대,-,002,126.92861432300198,37.62121183544563
248,은평경찰서,5,380,70-1도,-,001,126.92935674455431,37.62791646083036
249,서울문화고교,0,320,726-161 도,-,001,127.04662013317652,37.66271323254916
250,망우역,0,260,160-2도,-,001,127.09276635001154,37.598175105831956
251,면목2동,0,260,290-4천,-,001,127.07989540541314,37.58665284205742
252,배봉초교,0,230,95-1대,-,001,127.06842238093066,37.57866388536098
253,탑골공원,0,110,67-2도,-,001,126.98766012573378,37.57160223620285
254,마장역,0,200,804도,-,001,127.0417327296675,37.56546038983955
255,가양역,0,500,14-84도,-,001,126.85515616672745,37.56107149238419
256,발산역,0,500,1454-8도,-,001,126.83823106110258,37.55856559522416
257,무학여고앞,0,200,318-1 도,-,001,127.03399677020947,37.55851667284929
258,용산전자상가,0,170,51-1대,-,002,126.96298372092704,37.53328663083207
259,방송회관,0,470,924-2도,-,001,126.87193970280761,37.52643656225938
260,영동대교남단,0,680,77-4 도,-,001,127.0543402349555,37.52503781269234
261,문래역사거리,0,560,30-1도,-,001,126.89502952248993,37.519011585770336
262,영등포R,0,560,94-151대,-,001,126.91236387498789,37.518434977121395
263,선정릉역사거리,0,680,111-157 도,-,001,127.04385494987139,37.51028461251833
264,오류동삼거리(연등),0,530,313-1구,-,001,126.84011688143569,37.494364030857255
265,우신중고교입구,0,530,산1-5임,-,002,126.82702201102762,37.493172371190724
266,박미삼거리,0,540,1000-92도,-,001,126.90296674433523,37.448420941175236
267,북한산힐스테이트7차,-,380,329-31대,-,001,126.9246820828628,37.61580174141735
268,도봉산역삼거리,0,320,4-1 공,-,001,127.04580285768168,37.68740407342446
269,우이동(경보),0,300,207-5도,-,001,127.01203137431851,37.66419023762244
270,방학사거리,0,320,726-149 도,-,001,127.04243938050953,37.66283589645681
271,은행사거리,0,350,391도,-,001,127.07673478616849,37.65066550488003
272,이문동삼거리,0,230,330-33대,-,001,127.06205469882299,37.60298287779672
273,망우사거리,0,260,534-5도,-,001,127.10041525835882,37.59987239725159
274,외국어대,0,230,262-7대,-,001,127.06028090173515,37.59645591633974
275,서대문구청앞,0,410,266-7도,-,001,126.9361708500457,37.58183686421598
276,장안지하차도,0,230,727-640천,-,001,127.07589674367475,37.58015395998267
277,을지로5가,0,140,5-1도,-,001,127.00226515840632,37.56687006628266
278,응봉사거리,0,200,116-16도,-,001,127.03433466039361,37.55455274454657
279,뚝섬역,0,200,656-1835대,-,001,127.04449768665187,37.54810329520139
280,효창공원앞역,0,170,74-6도,-,001,126.96137698327902,37.5392989787708
281,삼각지역,0,170,97도,-,001,126.97401380285078,37.53567530648576
282,이태원역,0,170,119-23도,-,001,126.99388930824801,37.534477790000295
283,의원회관,0,560,8-1도,-,001,126.91356206664665,37.52692304283803
284,목동역,0,470,940 대,-,001,126.86433004441486,37.5261313371721
285,동작전화국입구,0,590,48-3도,-,001,126.93180655840737,37.513218790349164
286,방이사거리,0,710,3도,-,001,127.11221700000104,37.51030989859561
287,도림사거리,0,560,144-92대,-,001,126.90138540844836,37.50675103312044
288,은마아파트입구,0,680,973-13 대,-,001,127.06089838510741,37.49888199051188
289,오류역입구(연등),0,530,320도,-,001,126.84351384550456,37.49588400207839
290,강남세브란스,0,680,807-21 도,-,001,127.04671343333752,37.4941954182929
291,우성아파트앞사거리,0,680,858-1 도,-,001,127.02998249445017,37.493030951651555
292,시스폴사거리,0,650,871-14도,-,001,126.98961101656995,37.48645180171675
293,우면삼거리,0,650,1748-46도,-,001,127.01809539411349,37.48219132342709
294,도봉역,0,320,637-28 도,-,001,127.04548003894912,37.68060694338704
295,방학역앞,141,320,639 철,-,001,127.04363756763937,37.66972091973725
296,장위사거리,0,290,45-17체,-,001,127.06071093875198,37.612846755373845
297,미아사거리,0,300,14-2도,-,001,127.03040769888406,37.60907700721543
298,상월곡역(연등)2,3711,290,35-9도,-,001,127.04781797239714,37.60604503299293
299,우림시장,0,260,364-24 종,-,001,127.10010941948805,37.59550244317585
300,성북구청입구,0,290,1-1도,-,001,127.01321803897842,37.59182823354145
301,겸재삼거리,0,260,49-46도,-,001,127.09739261945938,37.590539169795015
302,삼육서울병원앞,0,230,168-82대,-,001,127.06236460555111,37.59015581473182
303,응암오거리,0,380,604-3도,-,001,126.9172071082407,37.59010358087935
304,떡전교사거리,0,230,620-67도,-,001,127.05148127879555,37.58568849258385
305,보문역,0,290,91-1도,-,001,127.01938193326913,37.58531647267599
306,명지대삼거리,0,410,422-1도,-,001,126.92682959721107,37.581559789316884
307,용곡삼거리,0,210,298-1도,-,001,127.08606850826183,37.568852739378585
308,을지로3가,0,140,-,-,001,126.99261739974746,37.56638652788218
309,외발산사거리,0,500,289-44도,-,001,126.81657749732125,37.55185618704974
311,마포세무서앞,0,440,325-71도,-,001,126.94076552773986,37.54662273982576
312,이태원입구,0,170,1-1도,-,001,126.9881264611928,37.53408644544105
313,영등포전화국,0,560,59-1대,-,001,126.9054430935431,37.52555477383745
314,오목교역,0,470,451구,-,001,126.87603924159612,37.524411520559134
315,영등포청과시장,0,560,0-6 가,-,001,126.90103520831222,37.5205778819251
316,올림픽회관,0,710,26도,-,001,127.11424926321799,37.52008906214314
317,윤중초교입구,0,560,3-9도,-,001,126.92069219741721,37.5194451506855
318,문래고가밑,0,560,54 대,-,001,126.89724541799319,37.513108676569516
319,방이삼거리,0,710,34도,-,001,127.10813490843917,37.51198892359474
320,올림픽선수촌아파트,0,710,3-6도,-,001,127.13406729171592,37.50931188745086
321,백제고분,0,710,17도,-,001,127.1166969860522,37.50777158197042
322,방배삼호아파트,0,650,808도,-,001,126.98706296980025,37.498266744019574
323,매봉역,0,680,179-1도,-,001,127.04538532493743,37.48632906838168
324,예술의전당,0,650,1748-51도,-,001,127.013108719335,37.480644146443844
325,염곡사거리,0,650,238-1도,-,001,127.0430130360779,37.4656513743035
326,월계2교,0,290,311-42 천,-,001,127.04964607205932,37.62418014146673
327,북서울꿈의숲동문,0,300,산28-10임,-,001,127.0447256135039,37.61958956913176
328,경원한의원,0,350,656-2도,-,001,127.07855382296749,37.618679669064065
329,월릉교,0,350,19도,-,001,127.0700832248996,37.61585634706435
330,인왕아파트,0,410,459대,-,001,126.94875444312724,37.58454649245631
331,북가좌사거리,0,410,359-16도,-,001,126.91325314991059,37.58245695042242
332,장안동삼거리,0,230,49-155대,-,001,127.0722137375444,37.57884641151422
333,이화사거리,0,110,-,-,001,127.00221266106799,37.57619285094521
334,방화사거리,0,500,568-4도,-,001,126.81144524715806,37.57343565875752
335,무교동사거리,0,140,-,-,001,126.9792720403545,37.56898270481461
336,연희삼거리,0,410,85-11대,-,001,126.93229418418458,37.5685646638382
337,사천교,0,410,124-248대,-,001,126.91782776686955,37.56776887847533
338,용마사거리,0,210,272-17도,-,001,127.08230951675758,37.562316720251744
339,왕십리역,0,200,192-40도,-,001,127.03545259692574,37.56108381306631
340,이대역,0,440,3-63도,-,001,126.94587711662534,37.55677070079288
341,용산고교,0,170,1-1591도,-,001,126.9784816225379,37.5459304220718
342,북한남삼거리,0,170,726-333대,-,001,127.0022854478759,37.54197555696244
343,남영역,0,170,85-3대,-,001,126.97078734367824,37.54168269324402
344,영동대교북단,0,210,231-24도,-,001,127.06119301206776,37.53719519655514
345,원효로2가,0,170,5-19대,-,001,126.96163774831628,37.535362020277944
346,영등포구청,0,560,34-1도,-,001,126.89714491379924,37.527801303837315
347,원효대교남단,0,560,8-4도,-,001,126.9378043083497,37.52291043165707
348,영등포시장,0,560,53-2도,-,001,126.90484386377983,37.5199821985729
349,영등포역,0,560,440-10도,-,001,126.90657532034179,37.51636260887934
350,우신초교앞,0,560,0-11 가,-,001,126.91034931942706,37.51064610142768
351,오륜사거리,0,710,452-17도,-,001,127.13969068500374,37.50704030721204
352,강남터미널고가밑,0,650,74-2대,-,001,127.00110897815551,37.50499762798816
353,이화아파트,0,530,1285 대,-,002,126.89290918197851,37.4905815599363
354,뱅뱅사거리,0,680,958-2 도,-,001,127.03162534431193,37.48954987949796
355,내방역,0,650,874-16도,-,001,126.99363415827054,37.487693565664465
356,은천로입구,0,620,976-9천,-,001,126.93503209204097,37.48634363354516
357,은천삼거리,0,620,793도,-,001,126.95617639176054,37.48563884610038
358,번동사거리,0,300,386-17도,-,001,127.03383167253581,37.63547627084571
359,공릉검문소,0,350,98-3도,-,001,127.08843025706875,37.62206702616458
360,먹골역,0,260,164-4 대,-,001,127.07743860518738,37.61225807608301
7477,봉래초교,-,140,200대,-,002,126.9635148433347,37.55565819361831
362,용두동사거리,0,230,237-10도,-,001,127.0304598668229,37.57775590601088
363,원남동사거리,0,110,-,-,001,126.99735360692922,37.5758875587792
364,북가좌삼거리,0,410,398대,-,001,126.9060176472788,37.57428976710958
366,장안동사거리,0,230,469-15도,-,001,127.07168694150185,37.572352858914854
367,을지로4가,0,140,-,-,001,126.99813075958618,37.566649260219506
368,동대문역사문화공원,0,140,18-196도,-,001,127.00778492381825,37.566030377076814
369,을지로1가,0,140,70-1도,-,001,126.98268960046673,37.56602379074509
370,연희IC,0,410,209-2도,-,001,126.92942500045656,37.56488084309108
371,오장동사거리,0,140,148-21도,-,001,127.00244572496723,37.56463138669937
372,명보사거리,0,140,217대,-,001,126.9928634821286,37.56438100045147
373,장한평역,0,230,472-2도,-,001,127.06462138060786,37.561485559051086
374,염천교,0,140,199-3도,-,001,126.97138843887866,37.55960974785983
375,망원우체국,0,440,252-7도,-,001,126.90831085556145,37.55805391037935
377,숙대입구역,0,170,16-7도,-,001,126.97200524440329,37.54511017313994
378,금옥초교,0,200,1202-1 도,-,001,127.01702277183566,37.545145707410356
379,올림픽대교북단,0,210,572-1도,-,001,127.0958429805071,37.541158276030615
380,용산역앞,0,170,218-1도,-,001,126.96527186959626,37.52644309286728
381,올림픽대교남단,0,710,460도,-,001,127.11759540542754,37.525685859635736
382,MBC앞,0,560,3도,-,002,126.92850825265896,37.52434040405297
383,영등포유통상가,0,560,30-1도,-,001,126.89558165106739,37.52142509126615
384,올림픽공원,0,710,17-20도,-,001,127.12800016399527,37.51179794015466
385,도림교,0,560,94-1도,-,001,126.89191070273678,37.51095667651958
386,오금교북단,0,470,330-8제,-,001,126.87245725841464,37.5096794875369
387,대림성원아파트,0,560,263 천,-,001,126.89600076653434,37.50390252371472
388,오금동사거리,0,710,128-6도,-,001,127.13832332509449,37.503490562714276
389,이수교차로,0,590,86-13천,-,001,126.98502002301443,37.49975653984992
390,방배역,0,650,912-14도,-,001,126.99765755555157,37.481465412696195
391,서울대입구역사거리,0,620,979-1도,-,001,126.9527685556377,37.481227079659426
392,사당역,0,650,588-45 대,-,001,126.9816565416924,37.476551235304406
393,우이초교앞,0,300,648대,-,001,127.01692660380657,37.64080142311557
394,강북구보건소,0,300,612-3천,-,001,127.03874003502555,37.63287975275981
395,종암사거리,0,290,104-134 천,-,001,127.03217378608369,37.60341971676627
396,세종대왕기념관,0,230,산1-199임,-,001,127.04248516132246,37.59138106143643
397,방화사거리(연등),334,500,811-25도,-,001,126.81013197986054,37.5732043151957
398,을지로2가,0,140,-,-,001,126.98754889462835,37.56615936046618
399,용산보건소,0,170,25-7도,-,001,126.96634002220104,37.53799752317331
400,목동사거리,0,500,939-2도,-,001,126.86373924721573,37.532407862141824
420,은평스카이뷰자이103동,28,380,산67임,-,001,126.91897878950219,37.63457694508513
422,연신종로약국,-,380,400-4학,-,001,126.92485766289414,37.62065647075925
423,독바위역,0,380,13-6도,-,002,126.93267887498412,37.6189871331303
424,갈현우남아파트,0,380,산131-1임,-,001,126.90664953026534,37.61731162413204
425,선진종점,0,380,522-30대,-,001,126.91012607867492,37.6143077132868
426,선정중고입구,0,380,317-3도,-,001,126.90857576658287,37.61548019709571
427,북한산래미안(연등),243,380,산42-1임,-,001,126.94146324017733,37.610829275401876
428,시립서북병원,0,380,24-49도,-,002,126.91052575281745,37.60548488338872
429,서부중앙교회,0,380,110-11대,-,002,126.91896306676182,37.59975590294097
430,노해근린공원,0,350,421-1천,-,001,127.06956634635452,37.64919223124744
431,노원구민의전당,431,350,509대,-,001,127.06696481107551,37.63874118569395
432,은평구청입구,0,380,84-14도,-,001,126.9271263942781,37.60147956954252
433,창덕궁,0,110,139-4도,-,001,126.99010645791374,37.57746438034225
434,장평교,0,260,718-1답,-,001,127.08007210264661,37.57170425325861
435,가좌삼거리,0,410,266-9도,-,001,126.91290594446953,37.57025509221375
436,청계5가,0,140,-,-,001,127.00205547511733,37.56950448861117
437,청계4가,0,110,-,-,001,126.99793795611288,37.569060768240526
438,청계3가,0,110,-,-,001,126.99237532052645,37.568543530728206
439,성동고교,0,140,194대,-,001,127.02362939416241,37.56515476292267
440,마포구청역,0,440,산4-8임,-,001,126.90392520012009,37.56299827871158
441,상수도사업본부,0,140,347도,-,001,126.96749386950849,37.56150131457519
442,청구역,0,140,295-2도,-,001,127.01376684169371,37.56025819793774
443,충정로역,0,410,398-5도,-,001,126.96194652214614,37.55927102007369
444,서교동사거리,0,440,427도,-,001,126.9182338570093,37.5527170157523
445,승림빌딩(경보),0,200,289-36구,-,002,127.0572684343141,37.54485935374126
446,공덕오거리,0,440,237-9도,-,001,126.95100576117548,37.54394322034947
447,잠실대교북단사거리,0,210,722도,-,001,127.0853888001015,37.5324684482897
448,서하남IC입구,0,740,229-2임,-,001,127.14384621952316,37.51705389307436
449,중앙대병원입구,0,590,331천,-,001,126.9629715749792,37.5096269748646
450,서부트럭터미널,0,470,735-5도,-,001,126.84291827485761,37.50917965421605
451,고속터미널,0,650,103 도,-,001,127.00902552786883,37.50743170699835
452,장승배기,0,590,368-1도,-,001,126.93939450828583,37.505017237682594
453,선릉역,0,680,802-41 도,-,001,127.04897955005033,37.50452475702043
454,거리공원오거리,0,530,70-2천,-,001,126.89316096409739,37.49756645637235
455,거여동사거리,0,710,156-1도,-,001,127.13938080333463,37.49565119829799
456,삼성서울병원앞,0,680,702-7 도,-,001,127.08181786199515,37.48876051314093
457,관악구청,0,620,1693-29도,-,001,126.95231603894436,37.47870774910313
458,본서부병원,0,380,159-28대,-,001,126.92228442776427,37.60045295012521
459,신한은행갈현,0,380,500대,-,001,126.91984462021357,37.62333857928903
460,서부경찰서,0,380,17-22대,-,001,126.92115064734344,37.60287125557916
461,역촌사거리(연등),36,380,16-33도,-,001,126.92184634316136,37.60747223326404
462,서부경찰서(연등)2,460,380,27-17대,-,001,126.92059408616436,37.6017462612721
463,국립419민주묘지,0,300,산63-56임,-,001,127.01045622943838,37.64733188133578
464,수유역,0,300,177-42대,-,001,127.02560569547059,37.63798726830886
465,태릉입구역,0,350,678-1도,-,001,127.0756441110977,37.61764229714863
466,상봉역,0,260,200-37대,-,001,127.08549886203201,37.59632841658512
467,서울체육회,0,260,211-5도,-,001,127.0727223110306,37.593081927987384
468,중랑교,0,230,42-4 구,-,001,127.06721875548315,37.59156609459458
469,중랑전화국,0,260,290-2천,-,001,127.08010850002543,37.59131979475001
470,전농1동,0,230,666도,-,001,127.0475661945313,37.57602346853607
472,서대문역,0,410,6-3도,-,001,126.96667160556454,37.56584129497228
473,경성고교입구,0,440,209-4도,-,001,126.91629550818877,37.56030056460024
474,홍대입구역,0,440,427도,-,001,126.9215134528689,37.55519619798195
475,서울역,0,140,25대,-,001,126.97249179162856,37.55714555075937
476,서울가든호텔,0,440,169-12철,-,001,126.94820753597473,37.541286307360835
477,자양사거리,0,210,204-2구,-,001,127.08356343337452,37.536564451161716
478,서빙고역,0,170,235-5도,-,001,126.99071678072106,37.52041077062208
479,잠실나루역,0,710,15도,-,001,127.10488671936027,37.518625087374275
480,잠실대교남단,0,710,3도,-,001,127.09805586116869,37.515979379231396
481,삼성중앙역,0,680,111-93 도,-,001,127.05330915545326,37.513050323533356
482,잠실3사거리,0,710,33도,-,001,127.09252838341888,37.511895479214736
483,강남경찰서(연등),1740,680,172-69 도,-,001,127.06734098896997,37.51006645414143
484,성락주유소앞,0,560,355-15도,-,001,126.90306453612001,37.50419753756994
485,상도역,0,590,752-2도,-,001,126.94769409173537,37.50317543214034
486,송파사거리,0,710,108대,-,001,127.1101151943646,37.5019728476622
487,이수역,0,650,2298도,-,001,126.98216346654453,37.48539942684074
488,서울고교,0,650,1748-13도,-,001,127.0044570943565,37.48274538233783
489,래미안아트힐,0,650,1748-51도,-,001,127.00700755285642,37.47761382138843
490,공릉역,0,350,385-4도,-,001,127.07300689456498,37.62560885244446
491,돌곶이역,0,290,272-102 구,-,001,127.05701651402394,37.61085004353462
492,정릉입구,0,290,966-1천,-,001,127.01167624437008,37.60453757225329
493,성북경찰서,0,290,333-3도,-,001,127.01539520556527,37.589948050245816
494,수색교,0,380,401-2도,-,001,126.88713996112072,37.58709757524021
495,고대앞사거리,0,290,21-1도,-,001,127.03283655554688,37.5864086252498
496,장안교,0,260,290-7천,-,001,127.07966706685795,37.58141263921255
497,증산3교,0,380,198-7구,-,001,126.90591958045188,37.58040287262646
498,서대문구청(연등)1,6536,410,169-1도,-,001,126.93615668192744,37.57965243004868
499,성바오로병원,0,230,65도,-,001,127.04243065011126,37.57930858936098
500,경동시장,0,230,65도,-,001,127.03833938902352,37.57817946154752
501,북가좌초교사거리,0,410,311-10대,-,001,126.90972621267606,37.57786823774592
502,촬영소사거리,0,230,147-1 도,-,001,127.06633710554198,37.57276218382579
503,개화사거리,0,500,515-4도,-,001,126.80353187274282,37.57263308349853
504,종로5가,0,110,82-1도,-,001,127.00192152231634,37.57099714209608
505,종로3가,0,110,10-5 구,-,001,126.99214053887403,37.5704618115668
506,종로구청입구,0,110,82-2도,-,001,126.97929886650184,37.570221792169434
507,종로2가,0,110,84-11도,-,001,126.98767114167431,37.57020563102319
508,성산2교,0,440,131-5 도,-,001,126.91175842325153,37.56528809269984
509,중부경찰서앞,0,140,16-2도,-,001,126.98996974731457,37.56484363112479
510,중곡사거리,0,210,266-6도,-,001,127.08763072508324,37.55940983128211
511,상원삼거리,0,200,13-217도,-,001,127.05212647492971,37.550862670309684
512,청파동삼거리,0,170,158-1천,-,001,126.97005585130925,37.54821154167759
513,경인고속입구,0,560,76-5도,-,001,126.89303176654873,37.52984874549907
514,과학수사연구소,0,470,838도,-,001,126.83766602219939,37.520974642952005
515,석촌호수,0,710,209도,-,001,127.10397150269829,37.50872253761387
516,논현경복아파트,0,680,802-4 도,-,001,127.03849181117914,37.50870373191025
517,차병원,0,680,279-189 도,-,001,127.0338766751857,37.50731894043906
518,고척2파출소앞,0,530,186-4도,-,001,126.86004973893955,37.50675331827286
519,고척교,0,530,631-22천,-,001,126.87178235005382,37.49889916555971
520,개나리아파트,0,680,807-11 도,-,001,127.04467639169157,37.498518146171016
521,서초역사거리,0,650,1724 대,-,001,127.00764525281997,37.49182452936858
522,도봉보건소,0,320,0-2 가,-,001,127.03947436948043,37.65672339928055
523,도봉경찰서,0,320,36 도,-,001,127.05333964718871,37.65292452160683
524,국립419민주묘지입구사거리,0,300,419학,-,001,127.01423852023714,37.64825617466115
525,중계역,0,350,503-3도,-,001,127.06389320004929,37.64556159664706
526,강북구청,0,300,140도,-,001,127.02735456387866,37.63961148011906
527,수유사거리,0,300,45-25도,-,001,127.02326905541314,37.63468113024254
528,삼양입구사거리,0,300,231도,-,001,127.0298147220608,37.6171450443659
529,창문여고,0,300,231-201도,-,001,127.03757430965899,37.613126861661264
530,서울여자간호대입구,0,410,0-2 가,-,001,126.9492265027781,37.59643490017038
531,경희대,0,230,16-59도,-,001,127.05228747771737,37.59158408081391
532,증산역,0,380,198-10구,-,001,126.91030512482716,37.584524989146715
533,증산교,0,410,415 도,-,001,126.90342525909702,37.57663244047443
534,상암사거리,0,440,1147답,-,001,126.89887938585862,37.57341682672544
535,세종대로사거리,0,110,1-68도,-,001,126.97700791540332,37.57020612237247
536,청계9가,0,230,127-4대,-,001,127.03034398249955,37.57010739045976
537,명동성당,0,140,42도,-,001,126.98774414193483,37.56464852514357
538,서강대정문,0,440,33-24도,-,001,126.93760375360145,37.55155568213819
539,경동초등학교입구,0,200,13-193대,-,001,127.05033851350306,37.54628525394615
540,건대입구역,0,210,6-5구,-,001,127.07059795560465,37.53993648418094
541,남부법원 검찰청,0,470,1094도,-,001,126.86543337205529,37.52248202066646
542,서울교,0,560,3-9도,-,001,126.91746881385848,37.52152810955207
543,청담공원앞,0,680,111-100 도,-,001,127.05021811927526,37.51882249854834
544,코엑스,0,680,93-23 대,-,001,127.06023069287585,37.51423023213378
545,종합운동장,0,710,255도,-,001,127.07832482511236,37.511855668182
546,삼성역,0,680,172-82 도,-,001,127.06323029727503,37.50888778759353
547,교보타워사거리,0,680,1373도,-,001,127.02448749740313,37.504472259874305
548,서울성모병원,0,650,128-3도,-,001,127.00343654611021,37.5021243622967
549,구로소방서,0,530,65-2 도,-,001,126.86502357222226,37.498069926525886
550,개봉동,0,530,160-2도,-,001,126.85657831675906,37.49737253771612
551,관악우체국,0,620,660-55대,-,001,126.93419870021522,37.484812587959595
552,서초3동사거리,0,650,1748-49도,-,001,127.01143940289997,37.484083015647535
554,정의여중입구,0,320,83-4도,-,001,127.03628408060594,37.65134527450938
555,상계백병원,0,350,747도,-,001,127.06213771938128,37.64898395509782
556,삼양동사거리,0,300,738-2전,-,001,127.0210985975372,37.6194839832144
557,동일로지하차도,0,260,195-2대,-,001,127.08027371098086,37.595006961494
558,상봉시장,0,260,282-4도,-,001,127.08647994449892,37.59270630299941
559,성신여대입구역,0,290,116-1도,-,001,127.01646977481981,37.59269789198023
560,고려대역,0,230,7-99대,-,001,127.03638900156803,37.591161103853935
561,고려대역(연등),560,230,28-347구,-,001,127.03645334435586,37.58969228578234
562,한성대입구역,0,290,14-1도,-,001,127.00621297219303,37.5884936419355
563,충암고교,0,380,691도,-,001,126.9227649444192,37.58567854480363
564,수색역,0,380,129학,-,001,126.89540215810561,37.58216258605024
565,전농동사거리,0,230,295-17도,-,001,127.05781274151305,37.57752118652117
566,종로4가,0,110,32-8도,-,001,126.99778586553415,37.570726001407856
567,종로1가,0,110,291-2 도,-,001,126.98300617778933,37.57019372823551
568,청계6가,0,110,-,-,001,127.00966890638934,37.569977372719016
569,청계7가,0,110,296-11대,-,001,127.0158746762613,37.57003306581386
570,정동,0,110,9-2도,-,001,126.96918265333947,37.56831591744303
571,청계2가,0,110,-,-,002,126.98763653614199,37.56830910806514
572,월드컵경기장,0,440,405-6천,-,001,126.89917567506069,37.566223833898846
573,경찰청앞,0,140,180-1도,-,001,126.96964232214172,37.562021117430106
574,장충체육관,0,140,200종,-,001,127.00600496494741,37.55900274448763
575,중림동,0,140,20도,-,001,126.96880293054271,37.55921947858539
576,강서구청사거리,0,500,665-11도,-,001,126.85233835272105,37.55593007008389
577,창전사거리,0,440,141-5천,-,001,126.93257744738321,37.54742173140375
579,전자상가입구,0,170,2철,-,001,126.96824061739075,37.529532983873395
580,청담사거리,0,680,139-9 도,-,001,127.04734113612525,37.52420989006246
581,63빌딩,0,560,86-1천,-,001,126.94027774182226,37.521030393992824
582,경기고교앞,0,680,139-30 도,-,001,127.05706631400862,37.52005780963237
583,잠실역,0,710,39도,-,001,127.10009218614532,37.51323530135645
584,갈산초교삼거리,0,470,330대,-,001,126.871159567647,37.511204107504085
585,석촌역,0,710,68도,-,001,127.10717515569632,37.50522977933036
586,보라매역,0,590,466-51도,-,001,126.92031704722062,37.49991635717358
587,강남역,0,680,858-1 도,-,001,127.02767644447337,37.49798051264811
588,경남아파트앞,0,650,1034-2도,-,001,127.00181798899872,37.47511139360617
589,수락산역,0,350,1132-8도,-,001,127.05532435846622,37.67831073367644
590,경동고,0,290,0-2 가,-,001,127.01785706406038,37.587956289083564
591,청량리역,0,230,235-11대,-,001,127.04502292056341,37.58017115775281
592,중구청,0,140,130-1도,-,001,126.99833984249136,37.5644274007348
593,군자역,0,210,661 천,-,001,127.07949266955922,37.55717931184125
594,서강대교남단,0,560,8-1도,-,001,126.9215821026485,37.53196476488324
595,여의나루역,0,560,85-1천,-,001,126.93254978631548,37.52686197051227
596,강남구청역,0,680,279-70 도,-,001,127.04126477764913,37.51720739578951
597,포스코사거리,0,680,154-3 대,-,001,127.05660529571105,37.506857598922664
598,삼호가든사거리,0,650,128-7 도,-,001,127.01038737505108,37.50476691809444
6331,구로삼각공원(경보),4448,530,-,-,002,126.89219546939272,37.50189035811125
6332,남부구치소입구,0,530,-,-,002,126.8406482375294,37.4762129710718
6333,구로성광교회,6332,530,-,-,002,126.84174362719233,37.47698709003622
6334,천왕지구삼거리,0,530,-,-,002,126.84285800659495,37.47929662321809
6335,천왕이펜하우스313동앞,0,530,278-3 도,-,001,126.84237884175887,37.48161634290247
6336,천왕이펜하우스4단지,0,530,-,-,002,126.83975121237314,37.4802339657567
6337,천왕초등학교,0,530,산34임,-,002,126.83830659522962,37.48200159601009
6338,천왕이펜하우스2단지앞,0,530,-,-,002,126.8376854838156,37.48514671203081
6339,한성백제박물관앞,0,710,88-3 공,-,001,127.1196073662637,37.51507613627478
6340,AK몰주차장,0,530,413-48철,-,002,126.88356370031134,37.50235924739292
6341,화원경로당,0,530,-,-,002,126.8797073219505,37.49808846120733
6342,관악고앞(경보),0,560,-,-,002,126.88378218775762,37.52076127109907
6343,하늘공원입구2(경보),0,530,-,-,002,126.88096824880887,37.48589268568835
6344,하늘공원주차장,0,530,-,-,001,126.88036941882896,37.48825440241546
6345,벚꽃로2(경보),0,530,-,-,002,126.88006903974939,37.49322821827162
6346,김안과병원정류장,0,560,53학,-,001,126.9033986115443,37.520242134765375
6347,공덕역,0,440,240-13 도,-,002,126.95134161519597,37.542202346745015
6348,개화육갑문,0,500,2-2천,-,002,126.81906204657972,37.58432026622517
6349,한진택배(경보),0,500,-,-,001,126.81405407065417,37.54718076325755
6350,하남슈퍼,0,470,944-6도,-,002,126.8573046805558,37.527217772021814
6352,천주교묵동성당,0,260,199-6구,-,002,127.07601805357386,37.610742524730775
6353,무궁화빌라(경보),0,500,-,-,002,126.82254275505872,37.571594862978756
6354,시흥IC(경보),0,530,-,-,001,126.89893576784483,37.4801639119712
6355,대륭포스트타워(경보),0,530,-,-,002,126.89447476885769,37.48668417589449
6356,서울신용평가정보삼거리(연등)1,0,440,398-2 학,-,001,126.92676089140544,37.54572732375399
6357,천일초교후문,0,740,234-6 대,-,002,127.1340178820965,37.54407809160145
6358,SOS부동산,0,740,산31임,-,002,127.13537474499726,37.54282741693949
6359,사과나무공인중개사,0,740,86-30 대,-,002,127.13643704588654,37.54185411049148
6360,SOS 부동산(연등),0,740,221도,-,001,127.13487918681113,37.54328943210818
6361,천일초교후문(경보),0,740,-,-,002,127.13445240138847,37.54370030985892
6362,자원순환센터앞(경보),0,560,-,-,002,126.88966739757053,37.54572209819638
6363,동신대아파트(경보),0,500,-,-,001,126.8420776859806,37.571830190499725
6364,근상프리즘,0,500,-,-,002,126.83690734224874,37.53793706816176
6365,세양카독크,0,560,-,-,002,126.8882485568186,37.51596970054131
6366,길성그랑프리텔(경보),0,500,산214공,-,002,126.84559270968879,37.552623500677896
6367,목5동주민센터,0,470,900-17대,-,001,126.8814856989166,37.5369657968474
6368,구서울의료원(연등)2,2064,680,172-2 도,-,001,127.06657088912611,37.51536770681724
6369,우암초교(연등)1,0,650,643-6도,-,002,127.02525245868243,37.47017680484257
6370,신동아럭스빌앞,0,650,1036-4도,-,001,127.00135878585414,37.47583389377268
6371,남성역(연등)2,0,590,-,-,001,126.96990005785126,37.48519676064812
6372,반포3동주민센터(연등)1,0,650,-,-,002,127.0051211386373,37.511902436749644
6373,행복한감리교회(연등)1,1280,620,1712-12 도,-,001,126.95229372988656,37.48635672242038
6374,상도아이파크아파트(연등),1653,590,26-70 대,-,001,126.9412567578914,37.50123100915145
6375,중앙대중문앞(연등),0,590,173-57대,-,001,126.95846383725858,37.506882202386734
6376,반포교회(연등),0,650,915공,-,001,126.99072978354295,37.50210420670585
6377,동부골든아파트(연등)2,0,530,47-1대,-,001,126.83984195390812,37.49839159258358
6378,대륭포스트타워(연등),1387,530,1086-13대,-,002,126.89730771820554,37.48533442925378
6379,쟁골마을(연등),0,680,-,-,001,127.10443687745004,37.48320018611796
6380,은평스카이뷰자이103동(연등),0,380,산69임,-,002,126.92062191591894,37.634650717303295
6381,홍제빌딩앞,0,410,48 학,-,001,126.94285519614762,37.58987035259732
6382,아이에스비즈타워(경보),2571,560,-,-,001,126.89243587758898,37.53595665499118
6383,길음뉴타운1단지(연등),5490,290,-,-,002,127.02250047836344,37.60486311196726
6384,수암초교앞(연등),0,350,-,-,002,127.08084041710092,37.64885601394889
6385,청솔연립(연등),0,350,-,-,002,127.07187344028671,37.65650951647705
6386,청구아파트(연등),0,350,-,-,002,127.06845940018448,37.63918122929964
6387,월곡역입구(연등)1,0,290,27-119 대,-,001,127.04086776246046,37.600930323234785
6388,삼양중앙감리교회앞,0,300,-,-,002,127.01544822473925,37.61867423143481
6389,KT&G(연등),0,380,-,-,001,126.92271174055078,37.604380542465705
6392,홍연아파트,0,410,-,-,001,126.9322937447937,37.577356343185976
6393,이촌역앞(연등),2651,170,-,-,001,126.97213967627546,37.5230729124148
6394,월드컵파크11단지(연등),6237,440,-,-,002,126.88232958702835,37.58711120205012
6395,서부자동차검사소,0,440,289-24대,-,002,126.88498781396267,37.58646084475109
6396,서부자동차검사소(연등),6395,440,291-2도,-,002,126.88380910687202,37.58724355373696
6397,종월2교,0,290,-,-,002,127.0411712056989,37.59721867469955
6398,창문여고(연등)1,529,290,산35-52 공,-,001,127.03797547622796,37.61356083352383
6407,마천터널,-,710,-,-,001,127.15064775530206,37.50403162410239
6408,양천구청역(연등)1,-,470,327대,-,001,126.86404116778026,37.51206623015869
6412,수유시장(연등),4172,300,140도,-,002,127.02145408450495,37.64192188156833
6413,삼각산동주민센터(연등),5651,300,812 대,-,001,127.02014344384123,37.6153588236745
6416,종로4가(연등)2,566,110,-,-,001,126.99770364777704,37.572344816631976
6414,기독회관(연등),3785,110,21도,-,001,127.00210856497526,37.57465162331131
6420,충신시장(연등),3784,110,-,-,001,127.0066665350082,37.573870594750964
6424,하늘초등학교,-,440,524철,-,001,126.8812235348455,37.586192147566344
6428,면목초교앞,-,260,106-33대,-,001,127.08706257587886,37.59047899189015
6429,동부시장,-,260,299-62대,-,001,127.07726456148245,37.594213874578024
6433,먹골역(연등)3,360,260,171-15대,-,001,127.0776301318317,37.61153205838699
6434,먹골역(연등)1,360,260,162-6대,-,001,127.0779404555291,37.61331550456764
6438,한성대(연등)2,3547,290,609-1 대,-,001,127.00885157518724,37.58966875047135
6439,한성대(연등)3,3547,290,609-1 대,-,001,127.0077851257139,37.58916940135516
6440,한성대입구사거리(연등)2,3562,290,1-1도,-,001,127.0108403113208,37.58675892412788
6441,정릉태영아파트(연등)2,6442,290,-,-,002,127.01580613899692,37.60739557350382
6442,정릉태영아파트,-,290,-,-,001,127.0151714174565,37.60657625752854
6443,돈암119안전센터,-,290,165대,-,001,127.01428958435169,37.59087786172551
6446,쌍다리기사식당,-,290,-,-,002,126.99605313705916,37.59353104015022
6447,이촌동(연등),2671,170,-,-,001,126.96504758070196,37.52143930460161
6448,국립중앙박물관,-,170,14-1대,-,001,126.97712425243454,37.521521411802894
6451,신정빌딩,2646,170,151-3도,-,001,126.95133045784551,37.532835031906565
6452,한국폴리텍대학(연등),2715,170,732-21 대,-,002,126.99671820924634,37.53055506945855
6454,한남아이파크(연등)2,2709,170,261-3대,-,001,127.00771435237725,37.530870316995006
6455,한남아이파크(연등)1,2709,170,75-1대,-,001,127.00682324153014,37.53112170797836
6456,삼익상가,2678,170,301-5도,-,001,126.9763814935783,37.51914341542671
6457,한강진역(연등),2706,170,796-8도,-,001,127.00178897081206,37.54029783213464
6458,잠수교북단(연등),5948,170,235-3대,-,001,126.99434101002964,37.51900544682237
6459,한남제일빌딩(연등),2781,170,-,-,002,127.00560933270299,37.53330052467306
6460,구산치안센터(연등),618,380,-,-,002,126.91133420961627,37.61172209761935
6461,북한산온천(연등)1,5184,380,-,-,001,126.93859329114821,37.65324825643399
6462,북한산온천(연등)2,5184,380,-,-,001,126.93787063276592,37.652453348113674
6463,신한은행갈현(연등),459,380,산138-1임,-,001,126.9199903400314,37.624703350822955
6464,유승약국(연등),4975,380,91-118대,-,002,126.9216322734723,37.61026121768807
6466,진관119안전센터,5974,380,-,-,001,126.91937268253483,37.6287505908905
6467,경기상고(연등),733,110,-,-,001,126.96928668117918,37.58796154086899
6468,구기동정류장,-,110,-,-,001,126.95884102285848,37.607037039791685
6469,안국동사거리(연등),674,110,-,-,001,126.9843201063392,37.57599344860731
6470,KT월곡(연등)2,3080,290,-,-,001,127.03667375870901,37.60215509192092
6471,이마트상봉점(연등)1,3269,260,53-3 철,-,001,127.09296669182604,37.59677776326942
6426,중화중학교,-,260,-,-,001,127.09414905230486,37.58450988461357
6418,농협신설동지점,-,110,400대,-,001,127.0213796852221,37.57482889038839
6419,아세아빌딩(연등),934,110,-,-,002,126.99125548064882,37.57356776004202
6421,신당삼성아파트(연등)1,2506,140,-,-,001,127.01800395383898,37.55995003368156
6437,안암동,-,230,126-16학,-,001,127.02574144184275,37.58008696013184
6450,신용산초교(연등)2,2677,170,-,-,001,126.97391369915115,37.51993994404437
6453,제일기획앞(연등),2702,170,-,-,001,126.99959617618899,37.53596763938397
6472,명사약국앞,-,260,-,-,001,127.07533929113767,37.614809413225835
6473,용곡삼거리(연등)2,307,210,598-1도,-,001,127.08617017777502,37.56808352369663
6474,용곡삼거리(연등)3,307,210,1342-8대,-,001,127.08558775801744,37.568253665699636
6475,광진교(연등)1,5916,740,520-4천,-,001,127.11493450508583,37.54423536138199
6477,STX빌딩(연등),1114,140,267대,-,001,126.97531870598075,37.55345510970692
6478,상공회의소(연등),812,140,60-1대,-,001,126.97280577244176,37.5597248263785
6480,시청(연등),611,140,31 대,-,001,126.97779884611192,37.56384703556365
6481,명동역앞,-,140,1-1종,-,001,126.98619058510396,37.56094642879492
6482,코오롱연립(연등),3902,350,-,-,001,127.07232125234391,37.63695376355929
6483,상원중,-,350,995대,-,001,127.05823278894576,37.67106440177588
6484,한솔부동산,-,350,345-4도,-,002,127.078826403967,37.62123040014075
6485,상계초교(연등),4360,350,-,-,001,127.06540147960253,37.65843517758696
6486,주공326단지(연등)2,5460,350,-,-,002,127.05994892957604,37.65113002303922
6487,공연초교,-,350,189 학,-,001,127.07659572516393,37.62708483308961
6488,녹주아파트,3866,350,552-2도,-,001,127.0730030923128,37.6207252484971
6489,중평중학교,4015,350,503-1도,-,001,127.06287188545218,37.63756312472722
6491,공릉검문소(연등),359,350,-,-,001,127.08886264011359,37.62223749911749
6493,상계주유소(연등)2,4334,350,-,-,001,127.07103150790613,37.65868265281193
6494,수락리버시티3 4단지앞(연등),6033,350,-,-,001,127.05294561562425,37.687384361449794
6495,창동변전소(연등),2955,320,-,-,001,127.04054275436869,37.658461989729446
6496,신방학중,-,320,산35임,-,002,127.02896418277933,37.66431574475402
6497,창동운동장(연등)1,4312,320,729-8 제,-,001,127.04986960128015,37.659245707016694
6498,청한빌라앞(연등)1,3615,300,-,-,001,127.01348011260113,37.656953851465964
6499,창주공4단지(연등),4323,320,371 학,-,001,127.04675975687525,37.64487474380258
6500,성대야구장(연등),4304,320,-,-,001,127.04849109362402,37.676633180468585
6501,방학한화아파트(연등),4391,320,313학,-,001,127.03085347512507,37.66211691782812
6502,숭미초교(연등)2,632,320,산80-1임,-,001,127.02846145722039,37.65142166411571
6503,창일중교(연등),3950,320,75-3대,-,001,127.0461786580914,37.649183106369215
6505,답십리래미안위브106동앞,-,230,311 도,-,001,127.05418203727318,37.572853603122226
6506,성복교회,-,230,-,-,001,127.0768633612879,37.5722460209963
6508,청량초교(연등)1,3358,230,-,-,001,127.05809914431688,37.593250626579426
6511,장안LPG(연등),3468,230,-,-,001,127.06742296321345,37.575429918562975
6513,마포구청입구,-,440,-,-,001,126.90257498654549,37.56594462800865
6515,마포공영주차장입구,-,440,-,-,001,126.9435721249923,37.539915062523775
6516,홍대부속초교,-,440,103-16도,-,001,126.91408830461569,37.5592652939968
6518,월드컵파크1단지(연등),876,440,-,-,001,126.89390789191977,37.57629632034496
6519,공덕오거리(연등)1,446,440,254-8대,-,001,126.95234678068998,37.54339190515347
6521,사랑의전화(연등),808,440,-,-,001,126.95379425587467,37.54444033688948
6522,망원정사거리(연등),895,440,-,-,001,126.90395616343875,37.55272855384692
6523,가양대교북단램프,-,440,1548잡,-,001,126.86424795515774,37.573986838696534
6524,용강동주민센터(연등),922,440,338-1대,-,001,126.93961885565543,37.54270121029399
6525,홍은풍림아파트,-,410,산1-129 임,-,001,126.94022221668725,37.595213026542034
6526,홍제역,-,410,266-57도,-,001,126.94511299132729,37.58805729520589
6527,무악재한화아파트,-,410,460대,-,001,126.9501386386778,37.582747126029204
6528,무악재역,-,410,-,-,001,126.9505357822919,37.581979778776045
6529,무악재역(연등),6528,410,-,-,001,126.95092061273388,37.581334578677854
6411,삼각산아이원120동(연등),5650,300,695-7대,-,002,127.0190028135703,37.616212141491275
6417,동대문역,-,110,-,-,001,127.01222191312642,37.572010174814466
6423,농협신당동지점,6422,140,165도,-,001,127.01599222887032,37.564135335038586
6425,동원시장(연등)1,3200,260,88-27대,-,001,127.09066607932122,37.58904536677719
6427,면목1동주민센터,-,260,98-63대,-,002,127.08785392035244,37.587577715320826
6430,상봉2동,-,260,89-8대,-,001,127.08863035685825,37.593170082794494
6432,국민은행중화동지점,-,260,288-26학,-,001,127.08012636737561,37.598112252143444
6435,신내동성아파트,3176,260,317 대,-,001,127.09788559996873,37.60787838082999
6530,안산초교,-,410,산1-1임,-,001,126.95187289628714,37.58051411532785
6531,모과나무집,-,410,319-7도,-,001,126.92469597435125,37.57474319074789
6532,느티나무집,-,410,423-6도,-,001,126.92873839804437,37.57714200593286
6533,DMC아이파크,-,410,75-53대,-,001,126.91364633615139,37.57532043319013
6534,서대문역(연등),472,110,-,-,001,126.96736593980567,37.56650793259025
6535,서대문구청(연등)2,6536,410,-,-,001,126.93616764824452,37.58033076754431
6537,연가교남측(연등),3434,410,-,-,001,126.92182053566867,37.57148350225789
6538,연세대(연등),-,410,-,-,001,126.93794763236917,37.56004951823335
6539,연희우체국(연등),741,410,-,-,001,126.93140984698954,37.56950338081
6540,독립공원(연등),870,110,-,-,001,126.95624573420561,37.575947667806375
6541,북가좌한울뉴타운아파트,-,410,-,-,001,126.90900112090313,37.5771331369361
6544,청운아파트(연등),792,380,22-15도,-,001,126.91451756406927,37.594548387304904
6546,수색초교입구(연등),845,380,산 21-1 임,-,002,126.89664806072814,37.58328765614384
6547,은평터널(연등),-,380,-,-,002,126.90460467017374,37.590238395825544
6548,산골고개,-,380,산1-33임,-,001,126.93860933680976,37.59759517792503
6549,대림한숲아파트(연등),3115,380,-,-,001,126.9002176530414,37.58602758275788
6550,교육복지통합센터(연등),4859,200,-,-,001,127.0570294443763,37.56124491209473
6551,신당중앙시장(연등),2486,140,370-1도,-,001,127.01825776000229,37.56560519611921
6552,서울의숲입구,-,200,656-75대,-,001,127.04333184837627,37.54504757073756
6553,서울의숲입구(연등)1,6552,200,656-853도,-,001,127.04352421083503,37.545484229221735
6554,금호래미안아파트앞,-,200,-,-,001,127.0238811820199,37.55286215360852
6555,성수대교북단램프,-,200,701천,-,001,127.03570764424751,37.539665070484716
6557,성수대교남단램프(연등),-,680,484천,-,001,127.03484880167626,37.53489048627319
6558,성수대교남단램프,-,680,484천,-,001,127.03437436043404,37.53488143669738
6560,시청입구,-,140,-,-,001,126.97907419520521,37.56605764556542
6561,서서울생활고교(경보),-,530,-,-,001,126.8290623204234,37.50335921172731
6562,백광골프랜드,-,530,-,-,001,126.87078552996208,37.50479060351024
6566,천왕이펜하우스6단지(연등),6644,530,22 전,-,001,126.84051319724219,37.47961225620191
6567,천왕이펜하우스4단지(연등),6336,530,산25-10 임,-,001,126.83888083311037,37.480950350959475
6568,천왕이펜하우스2단지앞(연등),6338,530,-,-,001,126.83801656219127,37.48589874360592
6570,신성미소지움아파트(연등),4107,470,-,-,001,126.84728230468961,37.52321981968046
6572,신정2단지입구,-,470,-,-,001,126.83123645686001,37.51455295648117
6573,잠실전화국삼거리,-,710,-,-,001,127.10724994906056,37.514163774310994
6574,지식산업센터(경보),1384,530,-,-,001,126.89783550301033,37.482631820533214
6575,목동3 4단지(경보),3835,470,-,-,002,126.87518208883799,37.53294760311847
6576,목동1 2단지(연등),3831,470,901-7 도,-,002,126.88035289423865,37.53652150159531
6577,구로선경오피스텔앞,454,530,-,-,001,126.89281290440888,37.498069896978855
6580,여의지구대앞(연등)2,1935,560,-,-,001,126.92165733033028,37.52668353475394
6581,발산초교(연등),5776,500,687-9대,-,002,126.83197606278544,37.54962662250913
6582,홍연아파트(연등)1,6392,410,-,-,001,126.93144588465951,37.57764639574549
6583,명화나이트(연등),1891,560,19천,-,001,126.91154283278993,37.52218392415296
6584,강서구의회앞,-,470,608-2도,-,001,126.86274846851306,37.54650440836479
7500,아이온스퀘어삼거리,-,710,428-1도,-,001,127.1418838731483,37.480916099643366
6404,동신목재합판앞,-,740,290-38대,-,002,127.13030756010517,37.54484628359744
7511,은평뉴타운320동,-,380,216-2대,-,002,126.92700620737541,37.6341630785663
6415,하나은행혜화,-,110,-,-,001,127.00010366983368,37.584240881398586
6444,삼청각,-,290,산25-1임,-,002,126.98433151573569,37.596487169173066
6445,천주교정릉4동성당,-,290,266-97대,-,001,127.00957587709448,37.60991498515251
6449,국민은행효창(연등),2685,170,-,-,001,126.9620973262504,37.542179753363584
6465,연신초교삼거리(연등)3,5,380,-,-,002,126.9294922226921,37.62431325838927
6476,광진교(연등)2,5916,740,527-1천,-,001,127.11275379093622,37.54491093464296
6479,숭례문(연등),625,140,24도,-,001,126.97580246643086,37.55982572538648
6490,석계역(연등),3747,350,85-7 철,-,001,127.06483925164578,37.61487392221737
6492,노원우체국,-,350,-,-,001,127.08092648072758,37.64666685230129
6504,종암대교(연등)1,3352,230,7-10학,-,001,127.03846517005034,37.59129611159502
6509,청량초교(연등)2,3358,230,-,-,001,127.05839155229977,37.59366450682948
7512,송정빗물펌프장,-,200,73-37천,-,001,127.06011870332732,37.5483613077557
6512,소화물창고(연등),-,230,127-81 대,-,001,127.05074740155283,37.57993378426384
6514,홍대역2번출구(연등),6011,440,148-11대,-,001,126.92416274587309,37.55712807821248
6517,하늘초등학교(연등),6424,440,525철,-,002,126.88036613564671,37.58592157096783
6520,서부지청(연등),806,440,-,-,001,126.95483390043853,37.549670475439925
6565,구로3동한신아파트(연등),1460,530,-,-,001,126.89016974149169,37.48789125075618
6569,남부주유소,-,470,440-11대,-,001,126.83836186984803,37.5195265135438
6571,서울신은초교(연등),6257,470,-,-,001,126.83204736588168,37.512917265868
6578,조광유통,3020,500,1148답,-,001,126.82029029775846,37.555263200957526
6579,서부여성발전센터,3924,470,-,-,001,126.82975608733763,37.53379378902745
6585,흑석센트레빌(연등),6263,590,335-4 도,-,001,126.96658837320214,37.50627238193023
6586,강서한강자이타워,5914,500,47-2장,-,001,126.84646443572804,37.56566139151434
6588,구립넓은들어린이집,-,470,-,-,002,126.82949241554998,37.512205808958704
6589,서서울자동차매매상사(경보),-,500,-,-,002,126.84701662134623,37.56698031332809
6590,우리들약국,5060,470,506-19대,-,002,126.87045157665565,37.5438538542116
6591,반석교회(경보),-,470,-,-,002,126.85375743677236,37.51642897668407
6592,신안파크아파트(경보1),-,470,-,-,002,126.83020857228044,37.52424646193959
6593,신안파크아파트,-,470,331-12 도,-,002,126.8287567835162,37.52402762226134
6594,백경한의원,5109,470,-,-,002,126.8341622621028,37.52136804729738
6595,양동초등학교(경보),4553,470,-,-,002,126.85100965370573,37.52538877435843
6596,영등포주유소앞,-,560,29-1천,-,001,126.91399819238086,37.5187837255889
6597,신도1차아파트103동앞,-,470,606-2대,-,002,126.84560732143406,37.51802833451412
7515,양화대교남단램프(연등),-,560,60-1도,-,001,126.90026359471314,37.53850781296297
7516,수서교회,-,680,산10-1임,-,001,127.0945633631334,37.483758697617404
6602,삼양로9길입구,-,290,-,-,002,127.02100954387713,37.60815710444212
7519,더샾포레스트203동,-,680,739 종,-,001,127.09411033972535,37.48178146084946
6604,동방빌라,-,290,268-1도,-,002,127.0119001207681,37.588834774317
7523,위례스타힐스삼거리,-,710,산42임,-,001,127.14445459903435,37.48140646312737
7525,더샾101동앞,-,710,2임,-,001,127.14422742284975,37.47736820309655
7536,소망어린이공원,-,320,660-51 대,-,002,127.03706972271212,37.66395765249702
7537,소망어린이공원(연등),-,320,637-19 대,-,002,127.03659264858115,37.66441181773651
7543,신진시장,-,110,179-12대,-,001,127.00484390858102,37.57107833851657
7554,도봉파크빌3단지,-,320,-,-,001,127.04925818653538,37.68814273024252
6611,상원초교(연등),-,350,634도,-,002,127.0595140182659,37.669956106554395
6612,신내3지구입구,-,260,-,-,001,127.10622392531425,37.62051707856829
7556,성동소방서앞,-,200,-,-,001,127.04075127756589,37.55497935902731
7563,개포2동주민센터(연등),-,680,511 대,-,001,127.06771703353121,37.48935533442638
7570,남부교육청앞(연등),-,560,19-3도,-,001,126.91014713431458,37.524223475474614
7574,목5동성당(연등),-,470,907-4대,-,001,126.87757078848084,37.53364087192291
7582,상도건영아파트(연등),-,590,323대,-,002,126.94791137494452,37.50683993144145
6431,능산사거리(연등)1,3179,260,산3-1임,-,001,127.10107978349433,37.60931249900475
6422,신당동떡볶이타운,-,140,162-1도,-,001,127.0154766571535,37.5631246597323
6436,동대문세무서(연등)1,3538,290,-,-,001,127.02127872255068,37.58186963470484
6536,서대문구청,-,410,-,-,001,126.93613940553257,37.579205964985626
6542,북가좌한울뉴타운아파트(연등)1,1086,410,-,-,001,126.90860340799193,37.57675383543913
6543,북가좌한울뉴타운아파트(연등)2,1086,410,-,-,001,126.90814761177946,37.57628972969847
6545,신응교동측,167,380,126-23대,-,001,126.91488925231496,37.59194272707783
6556,성수대교북단램프(연등),6555,200,685-534제,-,001,127.03519723212095,37.53973008455852
7584,율현공원앞(연등),-,680,33-3천,-,001,127.11561595740855,37.474014061217865
6587,온조마루근린공원,2176,710,20-3도,-,001,127.10949601895022,37.519409581705055
6598,강서초교(경보),-,470,-,-,002,126.84088721954926,37.523009987521704
6599,서남병원(연등)1,6256,470,1281 대,-,001,126.83378556947582,37.511395371136175
6619,우리벤처사거리(연등)2,2583,560,-,-,002,126.8883091338377,37.52008459802434
7592,사대부고정문,-,290,9-99대,-,002,127.03751624995184,37.594152548490825
6621,신정푸른마을2단지(연등)1,6252,470,906도,-,001,126.83475971681132,37.51322289806652
6622,힐스테이트앞,-,500,651-12대,-,002,126.84068566986643,37.55446839735796
6623,화곡고가차도입구2(경보),6138,470,-,-,001,126.84925448019119,37.526860917252236
6624,영마트앞,4298,470,848도,-,002,126.83686040208275,37.51896047943493
6625,오륜주유소,-,-,-,-,001,127.14069385668479,37.5094076292025
6627,개봉현대아파트(연등),1574,530,208-4답,-,001,126.8562263949318,37.49235118057489
6628,동일하이빌아파트서측(연등),5389,470,-,-,001,126.83604769951434,37.51129024505643
6629,삼성래미안103동,-,590,-,-,001,126.95123798341614,37.51455364699697
6630,삼성래미안101동,-,590,-,-,001,126.95200243295267,37.513930212365686
6631,삼성동자치회관(연등)2,1301,620,-,-,001,126.93172787252269,37.46334202882497
6632,신정롯데캐슬앞(경보),-,470,-,-,002,126.84659016972842,37.519276472686265
6634,백범광장,-,140,-,-,001,126.9788925230339,37.55391984372178
6635,당산119안전센터(연등),2568,560,-,-,001,126.90020515185262,37.53473931435717
6636,영등포리더스뷰(연등),-,560,-,-,001,126.8993475252864,37.51786678019215
6637,오류동교회(연등),1556,530,341 대,-,001,126.84068481003268,37.49551373779965
6639,오류남초교앞(연등),5686,530,-,-,001,126.83738372720444,37.48954553115466
6640,오류동역남측(연등),5685,530,135-4 도,-,001,126.84411072812979,37.49367035297516
6641,연꽃어린이집(연등),-,530,169-2대,-,001,126.89112367282526,37.486757042499626
6642,신도림이편한세상806동,-,530,-,-,002,126.88400615828034,37.508315358434075
6643,천왕초등학교(연등),6337,530,산36-8 임,-,002,126.83699999701516,37.481920666757595
6644,천왕이펜하우스6단지,-,530,-,-,001,126.84185627053878,37.479292051435024
6645,구로변전소(연등),1581,530,-,-,002,126.88348494146999,37.49702174775014
6646,미래초교(연등),-,530,1267대,-,001,126.88860092845427,37.50328111423413
6647,국민은행도봉,-,320,639 철,-,001,127.044195582764,37.67298028888987
6648,홍은중학교후문(경보),-,410,산11-1임,-,002,126.93506166572368,37.59160516860966
6649,동부센트레빌,-,410,45-9종,-,002,126.96073451150545,37.56666644314501
6650,미동초등학교(경보),-,410,6-3도,-,002,126.96605382255875,37.56255539208988
6651,동부센트레빌204동(경보),-,410,377대,-,002,126.91646920937879,37.575748735889064
6652,천연교회앞,-,410,100대,-,-,126.95887845870996,37.56771112999884
6653,독립문어린이집,-,410,209-15 대,-,002,126.95968290931509,37.570611753452965
6654,세종유치원(경보),6654,410,296-23대,-,002,126.91287279128196,37.57738169986005
6655,연희임광아파트,-,410,126-23대,-,001,126.92741158397453,37.56503313025975
6656,금화터널(연대방면)(경보),-,410,101 공,-,001,126.95482907206404,37.5710950478253
6657,금화터널(사직동방면)(경보),-,410,산2-7임,-,001,126.94833422275444,37.56853525869517
6658,경기대입구(경보),-,410,-,-,001,126.9652497437475,37.564355782400106
6659,북아현로11길90번지,-,410,190-1학,-,002,126.95122532740979,37.56059669419521
5798,현대빌라(경보)(광진),0,210,-,-,002,127.08992953010642,37.541524920197915
5799,양진초교(경보),0,210,178-7임,-,002,127.09727302182493,37.54410887506831
5800,신혜성의원,0,210,205도,-,001,127.08163338205838,37.56658222607679
5801,중랑권역공영차고지입구(연등)(경보),5815,260,-,-,002,127.10530212167279,37.61357764639298
5802,신내차량사업소,0,260,296-19 도,-,002,127.10768838865977,37.61062359199008
7532,래미안강동팰리스(연등),-,740,173-35대,-,001,127.13246412322579,37.53797279667023
5804,용두교옆(경보),0,230,-,-,002,127.03496893224454,37.57754515291242
5805,동대문중(경보),0,230,325-49대,-,001,127.05336928470965,37.57291526986864
5806,휘봉초교,0,230,1338-12천,-,002,127.06991298710882,37.58764292767516
5807,장안아파트1단지앞(경보),0,230,-,-,002,127.07384538968708,37.57048396030453
5808,광진중(경보),0,210,-,-,002,127.0902300843959,37.53247283154547
5809,뚝섬나들목,0,210,65-11도,-,002,127.06704208317615,37.531164495041715
5810,신양중1(경보),0,210,-,-,002,127.0635354586347,37.532678990572066
5811,신양중2(경보),0,210,-,-,002,127.06265205892223,37.532929799384526
5812,청담대교끝(경보),0,210,-,-,001,127.07008575449193,37.538733918401945
5813,효지어린이집(경보),0,210,-,-,002,127.07357119821428,37.53615534048713
5814,신묵초교(연등),3159,260,391 대,-,002,127.07706106088833,37.605190324052366
7534,대륭드림타운(연등),-,500,184-10도,-,002,126.84006407053067,37.566623301975575
5816,신내역,0,260,65-13 도,-,002,127.10369728076712,37.61223137869172
5817,광진문화예술회관(경보),0,210,-,-,002,127.07194529892452,37.5366993538004
5818,동자초교앞(경보),0,210,-,-,002,127.0725811651869,37.536453746988954
5819,묵현초교,0,260,-,-,002,127.07296629552425,37.60936138126146
5820,보라유치원(경보)(연등),0,500,-,-,002,126.84655234837511,37.56332565329285
5821,신흥상가옆(경보),0,260,-,-,002,127.10815586342414,37.601949168215775
5822,몽마제과점(경보),0,210,-,-,002,127.09237079818352,37.551967375325056
5824,금실경로당(경보),0,470,-,-,002,126.83722931964657,37.518680056149904
5825,신세계유치원(경보)1,0,500,-,-,002,126.84846860543776,37.569698654008505
5826,은일로즈힐아파트,0,470,995-18대,-,002,126.83695748736497,37.5163123415344
5827,양천소방서(연등)2,0,470,-,-,001,126.87396223763452,37.52964711945628
5828,꿈에그린A101동(경보),0,500,-,-,002,126.84756120444392,37.55328959800811
7593,청계6가(연등),-,140,687-17도,-,001,127.00972182492148,37.56960982547509
5830,염창현대아파트,0,500,221-2천,-,001,126.87640594852604,37.55249046150017
5831,화곡아이파크아파트,0,500,산86-18임,-,001,126.84059314506011,37.54797108312426
5832,한양대동문회관,0,200,33도,-,001,127.04095713653241,37.55908655306888
5833,염창동1차(경보),0,500,-,-,001,126.87589811588703,37.55324105940376
5834,인방빌딩앞(경보),0,500,-,-,002,126.84179802653868,37.56635608401699
5835,금호대우아파트(연등),0,200,-,-,001,127.01994738209908,37.54722655436971
5836,장안시영아파트후문(경보),0,230,-,-,002,127.07411101841778,37.57560054170391
5839,공항동성당,0,500,694-16 도,-,002,126.81226412666457,37.5561314705755
5840,방화서광아파트,0,500,-,-,002,126.8196190009503,37.578896810454694
5841,태영운수(경보),0,500,-,-,002,126.81969190349935,37.58046961060877
5842,가양5단지상가(연등),0,500,-,-,002,126.85252279167962,37.563792943426044
5843,가양초교(연등)2,0,500,-,-,002,126.8595504603143,37.560923114582444
5844,강서소방서(연등)2,0,500,1484-5도,-,001,126.85977412136548,37.55860400132547
5846,염창길훈아파트,0,500,산24-1 임,-,002,126.86804024425503,37.55531117389573
5847,현대자동차(경보),0,500,-,-,002,126.87483757949165,37.548303951261815
5848,극동상록수아파트(경보),0,500,-,-,002,126.87289308777558,37.549095306501265
5849,염창파출소앞(경보),0,500,-,-,002,126.8678054174505,37.55185199076304
5850,옥수하이츠(경보)(연등),0,200,-,-,002,127.0164270023744,37.54186205909677
5851,목10 11단지사이,0,470,-,-,002,126.85735382873824,37.51582146734381
5852,성가복지병원,0,290,-,-,001,127.03117810978739,37.606381250162215
5853,화곡고가밑(경보),3939,500,-,-,001,126.84826551054506,37.52879098938157
5854,일성스카이빌(경보),0,500,-,-,002,126.84587443023291,37.52852043821729
5855,수협직판장(연등),3020,500,-,-,001,126.81817547526916,37.55366978281395
5856,강서동물병원,0,500,-,-,002,126.83935109880798,37.53235674665562
5857,화곡7동주민센터(연등),0,500,409-248대,-,002,126.84400714901926,37.532676178662285
5858,현대빌리지(경보),0,500,-,-,002,126.8501313763354,37.53507048749226
5859,서진빌라앞(경보),0,500,-,-,002,126.85110364107483,37.53514943037808
7602,강변역하차장(연등),-,210,611대,-,001,127.09442433186922,37.535076328311625
5861,화곡보람아파트(경보),0,500,-,-,002,126.85389221539226,37.55377022919588
5862,네오빌옆(경보),0,500,-,-,002,126.85351291931329,37.55313998683822
5863,유림빌딩앞(경보),0,500,-,-,002,126.85189493147531,37.55371008427518
5864,강서교회앞(연등),6044,500,980-19대,-,002,126.85033145355501,37.548649656906925
5865,강서방송,0,500,980-20도,-,002,126.84930245080707,37.54778451859555
5866,화곡동물병원,0,500,-,-,002,126.8475384638394,37.54577286557857
5867,화곡초교옆,0,500,24-126대,-,002,126.84506679291323,37.543395432205806
5868,방화12단지(경보),0,500,-,-,002,126.80749616228093,37.57009371106724
5869,수명산파크3단지(연등),5645,500,-,-,002,126.82718763826023,37.553640023692864
5870,강서경찰서(경보),0,500,-,-,002,126.85065173231901,37.55184347707699
5871,한양아파트(경보),0,500,-,-,002,126.8500392636751,37.550480399378785
5872,등명중학교앞(경보),0,500,-,-,002,126.84363929747401,37.559155029259095
5873,등현초교(연등)1,0,500,-,-,002,126.8473998303787,37.56222651714204
5874,등현초교(연등)2,0,500,-,-,002,126.84617820424197,37.56043348037027
5875,등촌성당앞(경보),0,500,-,-,002,126.84569023102509,37.55970358470778
5876,예원교회교육관(경보),0,500,-,-,002,126.84919476062649,37.55825597087973
5877,유석초교정문(경보),0,500,1481 대,-,002,126.85423171143765,37.56082222112953
5880,방화소방파출소(경보),0,500,-,-,002,126.8144834510011,37.5799761579295
5881,수명산파크101동,0,500,357답,-,001,126.83020904869804,37.5533216843661
5882,등촌주공7단지(경보),0,500,-,-,002,126.85321103610735,37.56122464837971
7611,숙대입구역7번출구(연등),-,170,14-44대,-,001,126.972372613293,37.5437537729444
5884,삼각산초교,0,300,-,-,002,127.01547170622669,37.61653644302735
5885,우정에쉐르앞,0,290,-,-,001,127.0093941399956,37.59992883188173
7613,한강중교앞(연등),-,170,7-13대,-,001,126.99163677267838,37.5252910638811
7614,서강대정문(연등),-,440,31-58대,-,001,126.93770919197537,37.55132552387545
5888,신도림대우푸르지오앞,0,530,-,-,002,126.88933549165257,37.51114397285837
5889,조양시장(경보),0,210,-,-,001,127.06877736900259,37.54067682039461
5891,경남2차아파트(경보),0,530,-,-,002,126.85610564445098,37.50443554490238
5892,고척동남현교회(경보),0,530,-,-,002,126.85577947764878,37.50100353651231
5893,개봉동작은굴다리(연등),0,530,416-135구,-,001,126.84565904010095,37.50305759474117
5894,장안현대홈타운(연등),0,230,332-5 대,-,002,127.07586086459422,37.569640544797466
5895,묵동연립(경보),0,260,-,-,002,127.0817682770615,37.61833890040129
5896,씨너스빌(경보),0,260,-,-,002,127.09513490002607,37.598094103673596
5897,봉화공원,0,260,70-1구,-,002,127.07703915423741,37.59820360672456
5898,상봉중학교옆(경보),0,260,-,-,002,127.08930833690259,37.6022183384153
5899,서서울생활과학고등학교위,0,530,산1-42임,-,001,126.82909554255943,37.504857012067156
5900,성공회대앞,0,530,108-20 도,-,002,126.82469925435105,37.48846528270441
5901,항동저수지앞(경보),0,530,-,-,002,126.82223014221131,37.484150194868576
5902,개봉현대아이파크109(경보),0,530,-,-,002,126.85989250276995,37.48884269091729
5903,개봉현대아이파크206동(경보),0,530,-,-,002,126.86078179482395,37.491194520336
5904,철산교앞(경보),0,530,-,-,002,126.85916955923575,37.4880094223165
5905,대성자동차공업사(경보),0,530,-,-,002,126.85855203863768,37.48823860405767
5906,구로동자이위고가(경보),0,530,-,-,002,126.88471353230995,37.499082820944764
5907,에이스테크노타워,0,530,145-22도,-,002,126.89344875911615,37.485445076982664
5908,영서중학교앞(경보),0,530,-,-,002,126.89311308157058,37.48879377439036
5909,하늘공원입구1(경보),0,530,-,-,002,126.88044424214345,37.487049774407076
5910,옥수빗물펌프장(연등),0,200,-,-,002,127.01863130994106,37.541598761083904
5911,세인유치원(경보),0,200,-,-,002,127.046231714987,37.56567987001381
5912,하늘숲초교,0,530,산13-1임,-,001,126.84167783069209,37.48341117140547
5913,목2동등촌시장,0,470,-,-,002,126.86686560621554,37.548120042666284
5914,가양주유소앞,0,500,1463학,-,001,126.84553589903824,37.566208167036805
5917,근화제약앞,0,710,168학,-,001,127.11741594571434,37.49952938203782
5918,노원역10번출구,0,350,398-3도,-,001,127.06439148309126,37.65658918735765
5920,마포대교입구,0,440,16-11구,-,001,126.94503089514038,37.53892832876632
5921,서울스퀘어앞,5680,140,1-1대,-,002,126.9730875426394,37.556241688792426
5922,서울역신청사앞,0,140,-,-,001,126.9724571604885,37.55502826283778
5923,대치교서단,0,680,-,-,001,127.07265494459382,37.49733284259458
5924,마니하우스,0,440,376-19대,-,002,126.90801406516486,37.553074972155265
5925,매헌초교,0,650,254-4대,-,002,127.04158899888593,37.471097796551526
5926,반포힐스테이트,0,650,18-5 공,-,001,126.99689086679393,37.49955316752418
5927,반포2단지입구,0,650,-,-,002,126.99565229015437,37.50196752051764
5928,반포쇼핑타운,0,650,70대,-,001,127.00435605658485,37.50604835725515
5929,사육신공원,0,590,-,-,001,126.95068317924837,37.51272608471522
5930,서강한진해모로아파트,0,440,444 대,-,001,126.9291877162066,37.54562624478803
5931,성심여고후문,0,170,23대,-,002,126.95303283336145,37.535301296814744
5932,성우하이츠빌앞,0,300,258-289 도,-,002,127.02947574137892,37.62603078938321
5933,안생약국,0,440,88-12대,-,002,126.9229708484957,37.54640863766685
5934,영등포소방서,0,560,-,-,002,126.90409494252464,37.51817575417518
5935,은평구민체육센터,0,380,-,-,002,126.92416884274782,37.63154138350985
5936,은평센트레빌304동,0,380,-,-,002,126.92619782836167,37.631534233520924
5937,은평센트레빌307동,0,380,-,-,002,126.92793119472715,37.63104117112697
5939,신도림고등학교,0,530,22-1도,-,002,126.88274244336792,37.51430324130249
5940,신성미소지음아파트,0,200,-,-,001,127.04475283796125,37.569610613242894
5941,자양4동주민센터(연등),2488,210,-,-,001,127.06765442712172,37.5335589940019
5942,에이스하이앤드타워3차,0,540,-,-,002,126.88254098322048,37.4782514620263
5943,염창현대아파트,0,500,-,-,001,126.87753763693526,37.55081158806689
5944,영중유치원,131,560,-,-,001,126.90495530092143,37.53124704493136
5945,오목근린공원(연등)2,5641,470,919-7대,-,002,126.8721753923918,37.527487439757216
5946,폭포동입구,0,380,산108-23임,-,002,126.93015187753281,37.62946072055257
5947,반포대교남단(연등)1,1010,650,114도,-,001,126.99945871575412,37.508582043153254
5948,잠수교북단,0,170,316 대,-,001,126.99378867792962,37.521305436099524
5949,잠실1단지서문,0,710,-,-,001,127.07784803858453,37.51401839273936
5950,잠실고정문,0,710,-,-,002,127.10742612420052,37.52200031366136
5951,잠실리센츠,0,710,-,-,002,127.08495208862473,37.51400126029796
5952,잠실파크리오107동,0,710,21천,-,002,127.10481616907329,37.52083830406773
5953,잠전초등학교,0,710,213-26대,-,001,127.082912741178,37.50581475632879
5954,잠현초등학교앞,0,710,387유,-,002,127.10436004475152,37.52213765115005
5955,문현초등학교,0,710,835 대,-,002,127.13072429957298,37.48193396224213
5956,정릉대림e편한세상,0,290,-,-,001,127.01916856069938,37.59888437640996
5957,정릉힐스테이트,0,290,-,-,002,127.00620651787946,37.61404249593352
5958,중앙대후문,0,590,-,-,002,126.95375342510734,37.50501933867239
5959,잠실초등학교,0,710,20-3도,-,001,127.11213073423897,37.51983391016107
5960,서초트라팰리스,0,650,1338-4대,-,002,127.02882778888204,37.48730746592263
5961,칠궁,0,110,-,-,001,126.97275871702028,37.584582036420976
5962,코끼리할인마트앞,0,560,-,-,001,126.90727580571794,37.50586437538021
5963,크리스챤선교센터,0,530,-,-,002,126.88041120112015,37.508041755377945
5964,한성교회,0,470,521 공,-,001,126.84228843386036,37.51067923450412
5965,한양공원,0,140,48-21대,-,001,126.98336662902506,37.55464846789938
5966,해성공업사,0,540,839-33대,-,002,126.90445720040488,37.4504435805142
5967,홈플러스신풍,0,560,-,-,001,126.9093031440328,37.50589583736504
5968,이튼타워2(경보),0,210,-,-,002,127.07007957188917,37.532024862972456
5969,이튼타워3(경보),0,210,-,-,001,127.0690384268988,37.53121856121426
5970,이튼타워3(경보)(연등),0,210,-,-,002,127.06850542553751,37.53137311681398
5971,이튼타워1(경보),0,210,-,-,002,127.06888988552487,37.53310407879495
5972,신양초교(연등),2346,210,-,-,001,127.06747836031691,37.53555993248235
5973,성자초교(연등),2378,210,-,-,001,127.08097873306285,37.531616267563
5974,신도고교,0,380,103-10전,-,001,126.91925460340735,37.63047848427134
5975,신동아상가,0,320,740 대,-,001,127.02968159617564,37.66201684677384
5976,효성교회,0,300,산25-22묘,-,002,127.03295036702453,37.618819922034476
5919,녹사평역,0,170,-,-,001,126.98701531775652,37.534605262931386
5977,미아교회,0,300,258-664대,-,002,127.03035194023064,37.624772185308466
5979,한국스포렉스,0,230,237-15도,-,001,127.03058595024456,37.57252248614735
5980,해오름마트앞,0,210,-,-,001,127.0920186633592,37.53889417967152
5981,삼전동주민센터,0,710,92-13대,-,001,127.09271500060169,37.503015160596824
5982,향군타워,0,710,7-10도,-,001,127.10035542322909,37.5168366892075
5983,올바른서울병원,0,740,43-77도,-,001,127.14173393039167,37.54240128772488
5984,서울창포원앞(경보),0,320,-,-,002,127.04676748019767,37.68930956082426
5985,언북중학교,0,680,630-26 대,-,001,127.03450154376459,37.5200646363064
5986,종로노인복지관앞,0,110,-,-,001,127.00498924119013,37.575651318611534
5987,동인주택앞(경보),0,300,-,-,002,127.00403943948747,37.644000214931296
5988,케리스빌딩앞,0,140,18-20도,-,001,127.00497624235187,37.563756051264434
5989,하나금융그룹,0,140,-,-,001,126.9855911834269,37.56610182739004
5990,상암동서울일본인학교,0,440,1694 도,-,002,126.8849471022904,37.58310916034572
5991,우리은행상암동지점,0,440,775철,-,002,126.88619184014875,37.58277971442095
5992,스탠포드호텔사거리,0,440,-,-,002,126.88740610992544,37.582374975069754
5993,상암디지털드림타워,0,440,410-1 철,-,002,126.88841555064239,37.58189931450109
5994,상암사보이시티DMC,0,440,410-1 철,-,002,126.88937416434322,37.581342502211605
5995,극동아파트상가앞(경보),0,320,-,-,002,127.04864197646694,37.68259322933158
5996,샘터근린공원,0,740,351-1잡,-,002,127.15719306106202,37.56311585667933
5997,고덕근린공원,0,740,431전,-,002,127.1509516416661,37.56198436297828
5998,송곡고교,0,260,244-3도,-,002,127.10613204550374,37.60586682564898
5999,마장하이츠아파트(연등),4091,200,-,-,001,127.03928923097818,37.565756978981845
6000,광남유치원,0,210,-,-,002,127.10098461396294,37.541482065638576
6001,스타시티입구,0,210,393-1,-,002,127.07383935540604,37.53698400166108
6002,성진어린이집,0,210,84-17대,-,001,127.06932964720735,37.55158524160852
6003,휘경동입구(경보),0,230,-,-,001,127.05498643062042,37.58783137298298
6004,상왕십리역(연등)1,662,200,258대,-,001,127.03011331652895,37.56547130658368
6005,사평역,0,650,20-43 대,-,001,127.01504480730769,37.504367388051946
6006,올림픽대교북단(경보),379,210,-,-,001,127.09531830073298,37.541814578277915
6007,한강공원,0,710,242천,-,002,127.07459839473968,37.51826314783588
6008,대로건설(주)앞(경보),0,560,-,-,002,126.90146100752918,37.53665519914972
6009,오류동가스충전소(경보),0,530,-,-,002,126.83747802066033,37.49256697928779
6010,노들역,0,590,-,-,001,126.9523288617643,37.51272114307249
6011,홍대역2번출구,0,440,153-1대,-,001,126.92367085490672,37.55679535047533
6012,은평뉴타운10단지,0,380,-,-,001,126.91461735648296,37.64321476489619
6013,르메이에르5차,0,440,5-44대,-,001,126.93846308478814,37.55559744333345
6016,세종문화회관,0,110,-,-,001,126.97661644442574,37.5720889422783
6017,KT앞,0,110,-,-,001,126.97720951526703,37.572558367765694
6018,택배터미널,0,540,470-8장,-,002,126.8784937066921,37.48122321450096
6019,현대한강아파트,0,170,-,-,002,126.9605358435274,37.52252845047415
6020,가재울동부센트레빌,0,410,377대,-,002,126.91652689448794,37.57517530237963
6021,연희성모의원,0,410,415-31대,-,001,126.92713980001663,37.57460687901071
6022,금호아파트,0,740,337-2도,-,001,127.14273742941897,37.54504725382466
6023,잠실파크리오119동,0,710,-,-,002,127.10790981638705,37.5200275906107
6024,은평롯데몰,0,380,64-7답,-,002,126.91870028022531,37.63909395669461
6025,신가초교정문,0,710,166-1공,-,002,127.11974230338522,37.49917367132152
6026,파티마동물병원,0,440,326대,-,001,126.928990598844,37.5579483244396
6027,동대문밀리오레앞,0,140,-,-,001,127.00930288145386,37.56815711868222
6028,은평롯데캐슬821동,0,380,30-21천,-,002,126.92154710775924,37.643058533661026
6029,은평뉴타운아이파크709동,0,380,-,-,002,126.92638371041014,37.64501187137689
6030,은평뉴타운푸르지오601동,0,380,-,-,002,126.92891248761615,37.64671424771077
6031,은평뉴타운6단지앞,0,380,-,-,002,126.93138354945165,37.6500959831039
6032,상도교동측,0,350,-,-,002,127.05191060731285,37.68674555516483
6033,수락리버시티3 4단지앞,0,350,-,-,002,127.05316831671874,37.68780530560327
7501,트리플렉스,-,560,185-81대,-,002,126.89865017512412,37.51970173460242
6035,거여초교남측,0,710,-,-,002,127.1407406026862,37.502066352298186
6036,코사마트앞(경보),0,500,-,-,002,126.81840025323585,37.556258122009226
6037,증미역(연등)1,0,500,-,-,002,126.86392844449293,37.55775223213302
6038,성락빌딩앞(연등)2,1609,560,-,-,001,126.90155906619582,37.502059443246885
6039,삼환나띠르빌,0,650,1748-53도,-,002,127.0058562449573,37.47990372657221
6040,태승훼미리아파트앞(경보),0,500,-,-,002,126.8332190754505,37.547524443777014
6041,여의하류IC(경보),0,560,-,-,001,126.90864464928377,37.532121169096804
6042,영등포장애인복지관,0,560,19천,-,001,126.91247503310132,37.52074328507772
6043,문래우체국,0,560,54 대,-,001,126.89548701371018,37.514029664740015
6044,강서교회앞,0,500,1120-10대,-,002,126.85097694054191,37.54922699020517
6045,신방화역,0,500,-,-,001,126.81661776705721,37.56754943107785
6046,금천공동체지원센터,0,540,823-63대,-,002,126.90778785927216,37.45091802813489
6047,가양빗물펌프장,0,500,226천,-,001,126.86700457509357,37.55963548269023
6048,한솔아파트앞(경보),0,560,-,-,002,126.88848412568609,37.54456424839448
6049,공원주차장입구,0,470,58-16대,-,001,126.82970449446269,37.536092676026506
6050,화곡2치안센터,0,500,868-32대,-,001,126.85372500721164,37.53116710394092
6051,한국폴리텍대학입구(연등),2924,500,73-105대,-,001,126.84462262714473,37.54540855466284
6052,영일고교(연등),0,500,-,-,001,126.86346681981503,37.54878952450074
6053,세왕약국앞(경보),0,470,-,-,002,126.85334707903445,37.51734372882207
6054,백마빌딩앞(경보),0,470,-,-,002,126.83199945320916,37.523168862106054
6055,대한유치원(경보),0,470,-,-,002,126.84487091358288,37.52608873348552
6056,중랑역,0,260,299-117대,-,001,127.07596483690364,37.59394716979513
6057,정진학교앞(경보),0,530,-,-,002,126.8220337812471,37.497115133151915
6058,휘경동청년주택,0,230,255-22 도,-,001,127.05893526271913,37.58916538339706
6059,마장초교(경보),0,200,-,-,002,127.04285682294069,37.56744773613833
6060,홈플러스강서점앞(경보),0,500,-,-,002,126.85560301771044,37.557708456408385
6061,정원유치원앞(경보),0,470,-,-,002,126.8644586848486,37.50725174841949
6062,발산1동주민센터,0,500,-,-,002,126.83101778855507,37.55316764255504
6063,우체국사거리,0,560,79-3도,-,001,126.8947608906238,37.530044706599476
6064,대한적십자(경보),0,200,-,-,001,127.0388738119515,37.57166092859242
6065,효문고,0,320,486-49도,-,002,127.01735182652733,37.6526111236794
6066,관악영어마을,0,620,-,-,002,126.9585671842897,37.47189926955974
6067,건대후문(연등),0,210,393-1,-,002,127.07410921668401,37.53785491050661
6068,석관펌프장(연등),5102,290,-,-,001,127.06522495512775,37.61377433194967
6069,아리랑고개(연등),3596,290,138-15도,-,001,127.01493116607143,37.60061347943439
6070,양록농협(연등),0,300,1-56 대,-,002,127.0339671378764,37.61379311072359
6071,DMC첨단산업센터(연등),5113,440,289-30임,-,001,126.88559966660637,37.585837964743085
6072,브라이튼여의도,382,560,3-2도,-,002,126.92980328128635,37.52305306353845
6073,현대신사옥앞,0,110,-,-,001,127.00036076196761,37.575992054770644
6074,잠수교남단,0,650,-,-,001,126.99843125636707,37.510627593258334
6075,북부도로교통사업소앞,0,300,-,-,001,127.03762317049737,37.63406163709023
6076,럭키레포츠앞,0,300,464-1대,-,001,127.02888114562573,37.638636891478534
6077,관악노인복지관(연등)1,1274,620,1698-1대,-,001,126.92711007192165,37.49121162106728
6078,망우1동우체국,0,260,-,-,001,127.1022429626909,37.60025192309543
6080,보성운수종점(연등),5473,620,692-6대,-,001,126.91910952670693,37.463864326120905
6081,송정역(연등),0,500,611-5대,-,001,126.81092426215174,37.561353116962266
6082,신내데시앙후문,0,260,287-11도,-,001,127.09991676915925,37.61308498314017
6083,신내지하차도입구,0,260,486-5구,-,001,127.09855798805407,37.59947464457569
6084,신사동고개사거리(연등),722,380,228-1도,-,001,126.90827699986738,37.59679091450924
6085,월드컵파크9단지입구,0,440,-,-,002,126.87931656676147,37.58486967994746
6086,삼선빌딩,0,140,3-5대,-,001,126.97692688434837,37.55765151468554
6087,은평제일교회,0,380,-,-,002,126.92103140151731,37.64054038173807
6088,CJ빌딩입구,0,170,208-1대,-,002,126.97653270849695,37.554222790891146
6089,금암문화공원,0,380,-,-,002,126.91867498546483,37.64483994280052
6090,창신빌앞,0,300,258-243대,-,002,127.03259495558548,37.62054309987388
6091,청량리민자역사고가,0,230,-,-,002,127.04996769854615,37.58138938575373
6092,한일택시,0,300,-,-,001,127.0173025051509,37.63614024729437
6093,관악농협신독산지점,0,540,148-28 차,-,001,126.89464193595765,37.47384130796742
6094,상도3차래미안아파트,0,590,-,-,002,126.95366150740858,37.50121106223796
6095,SH빌아파트,0,590,-,-,002,126.95424867072984,37.50295614110841
6096,강일리버파크3단지입구,0,740,333-5임,-,002,127.17368494645653,37.5661771308629
6097,은평성모병원,0,380,79-21전,-,002,126.91704549669393,37.634497812031164
6098,구파발역정류장,0,380,60-13답,-,002,126.91688078814478,37.63701610459493
6099,구파발사거리,0,380,61-31답,-,002,126.91674521694357,37.63899514323874
6100,강일1 3단지,0,740,86전,-,002,127.17356517305276,37.567580657785896
6101,강일리버파크1단지입구,0,740,92-1답,-,002,127.17266363796008,37.56815410301576
6102,강일리버파크101동앞,0,740,97-4 답,-,002,127.17218199501214,37.56878403726907
6103,강일리버파크2단지입구,0,740,63-5 전,-,002,127.17636168303159,37.56860625746626
6104,강일리버파크509동앞,0,740,341-1 천,-,002,127.17685215484994,37.56835130120813
6105,강일리버파크5단지입구,0,740,347-3학,-,002,127.17738561015356,37.56687739158228
6106,송파푸르지오시티,0,710,326-1답,-,002,127.12180290222032,37.48152603501864
6107,송파파크하비오,0,710,316-3답,-,002,127.1222243490575,37.48063937957391
6108,NC백화점송파,0,710,618 대,-,002,127.12340488938372,37.47853275606068
6109,서울복합물류단지,0,710,626 공,-,001,127.12336458773441,37.47625819814747
6110,문정동래미안갤러리,0,710,361-1답,-,002,127.11909870816656,37.47936441223431
6111,제3기동단앞,0,710,362-1답,-,002,127.11860012651807,37.4801454640634
6112,숯내교동측,0,710,388-6전,-,002,127.11710373379847,37.47958722244359
6113,강일리버파크6단지입구,0,740,366-22전,-,002,127.17574037675202,37.563699948729685
6114,강일6 8단지,0,740,370-7대,-,002,127.17660692410392,37.56244975312299
6115,강일6 7단지,0,740,379-1대,-,002,127.17865965103063,37.56320654607646
6116,강일초교,0,740,363대,-,002,127.17818791028392,37.56485917468974
6117,강일9 10단지,0,740,-,-,002,127.18009234651065,37.561399220268136
6118,강일9단지입구,0,740,414-3전,-,002,127.17964058006082,37.55933440458047
6119,강일9 10단지사거리,0,740,698 도,-,001,127.1799598643956,37.55845406136983
6120,미사강변동일하이빌2005동앞,0,740,-,-,001,127.18185387879667,37.55883448439593
6121,강일리버파크1008동앞(C6),0,740,-,-,002,127.18194570032128,37.55956800429402
6122,강일10단지,0,740,-,-,002,127.18155103657043,37.56165908015539
6123,미사강변17단지삼거리,0,740,-,-,002,127.18051774757829,37.56395871952052
6124,은평푸르지오618동앞,0,380,-,-,002,126.92884614305355,37.64927928407747
6125,기타1(서대문권역),0,380,-,-,002,126.93850998500959,37.61210371737839
6126,기타1(동대문권역),0,230,-,-,002,127.06551325820074,37.58520450644132
6127,기타1(강서권역),0,470,-,-,002,126.83306227299303,37.52455022048808
6128,월드컵파크9단지입구(연등),6085,440,545 대,-,002,126.87971546472588,37.58544526751855
6129,재활용선별장,0,170,29-1대,-,002,126.95248148232247,37.53080870474095
6130,동부센트레빌아파트정문(경보),0,110,-,-,002,127.01602909801913,37.579660307945495
6131,동부센트레빌아파트앞(경보),0,110,-,-,002,127.01629785231596,37.58187422882225
6132,동대문역1번출구,120,110,-,-,001,127.01100378772331,37.57175835218106
6133,통일부(남북회담본부)(경보),0,110,-,-,002,126.98561247304671,37.58681774124866
6134,구로1교서측,0,530,1056-25대,-,001,126.89647770537121,37.489328457214285
6135,구로1교동측,0,560,-,-,001,126.89984786523209,37.486328881123825
6136,오솔공원,0,470,1039 대,-,001,126.83680815711291,37.52247735895103
6137,공항동주민센터앞(경보),0,500,-,-,002,126.81059277456643,37.55890767548146
6138,화곡고가차도입구(경보),0,470,-,-,001,126.84954416277017,37.526914801230525
6139,수출입은행뒤(연등),0,560,-,-,002,126.922530951385,37.52893784592466
6140,연세유치원(경보),0,350,504-1대,-,002,127.06093796783287,37.63844438252298
7486,우리은행독립문,-,410,171-1 학,-,001,126.96155963735369,37.57099373890401
6142,수락검문소,0,-,-,-,001,127.05538386657044,37.68936441980088
6143,부대앞(경보),0,110,-,-,001,126.96991850893833,37.59730869817013
6144,국립서울맹학교(경보),0,110,-,-,002,126.96807745219986,37.58415310367839
6145,LG연구소(경보),0,110,-,-,002,126.96745117728968,37.58283684573327
6146,여래약국(경보),0,110,-,-,002,126.96877589704927,37.58052362436381
6147,상명초교,0,110,-,-,002,126.95676676965113,37.60084778872925
6148,초소앞(경보),0,110,-,-,001,126.96215770117068,37.580289549589764
6149,미주동방벽운아파트(경보),0,350,-,-,002,127.05614224703096,37.68065881119703
6150,성모재활원앞(경보),0,680,712-3제,-,002,127.11973317521547,37.47055662404336
6151,수락산보람210동(경보),0,350,-,-,002,127.06438214094086,37.6681036372468
6152,영림초교(경보),0,560,-,-,002,126.90210654735384,37.48709749432585
6153,수서신혼희망타운입구,0,680,100-6 도,-,001,127.10849530313894,37.47625868526434
6154,숯내교,0,680,428-2천,-,002,127.11421840640502,37.47837223884857
6155,삼양동주민센터(연등)1,4167,300,55-7도,-,001,127.01800955648861,37.62857136558049
6157,미아역(연등),0,300,-,-,001,127.02588142485273,37.62713924764745
6158,두산베어스타운앞,0,230,-,-,001,127.03267436941017,37.578129722791054
6159,성동경찰서앞,0,200,-,-,002,127.03648965803454,37.56124419259107
6160,정부서울청사입구,0,110,-,-,001,126.97639331332402,37.57508741082978
6161,현대종합카센터,0,210,616-12대,-,002,127.07864076554534,37.52985159149509
6162,신내서울의료원,0,260,-,-,002,127.09787129387423,37.613788852823426
6163,백암고(경보),0,470,-,-,002,126.84318542684053,37.51086412446718
6164,양천고(경보),0,470,-,-,002,126.84484897168679,37.50851569233337
6165,궁동터널입구(경보),0,470,-,-,001,126.83765039541423,37.50680508856616
6166,인생약국,0,210,680-65 대,-,001,127.08398894882203,37.53183003527947
6167,성동고등학교2(경보),0,140,1085대,-,002,127.02221406200297,37.56488054578062
6168,종로와룡공원앞,0,110,-,-,002,126.98656954637991,37.58898460318136
6169,성북LIG주택단지입구,0,290,-,-,001,126.98559840380082,37.59647814111409
6170,산복터널(경보),0,620,-,-,001,126.92094932066516,37.456984377601934
6171,힐스테이트녹번역,0,380,23-1도,-,001,126.93348892897704,37.601062819688934
6172,월드컵파크708동앞,0,440,1694-4 도,-,002,126.88210087447086,37.58100301886604
6173,롯데광명물류센터(경보),0,530,-,-,001,126.87305785210637,37.488078560563814
6174,겸재정선기념관(경보),0,500,-,-,002,126.83874889844421,37.57243510384931
6175,삼성래미안3차아파트,-,560,121-34도,-,001,126.90759650618169,37.529675469769835
6176,마포대교남단(경보),0,560,-,-,001,126.92907612289432,37.52962725463214
6177,대진빌라,0,530,141-31 철,-,002,126.84847142899805,37.4947228356781
6178,군자새마을금고(경보),0,210,-,-,001,127.0712167158119,37.551794147734725
6179,백조온누리약국,0,210,264-3 도,-,001,127.08008034865759,37.56373096651512
6180,인재학원앞(경보),0,210,618-43도,-,002,127.07909614778602,37.53087755957911
6181,자양1파출소(경보),0,210,393-1,-,002,127.07672362043925,37.53667203012764
6182,고척파크푸르지오앞(경보),0,530,-,-,002,126.8589156337218,37.50670810713307
6183,고척2동주민센터앞(경보),0,530,-,-,002,126.85832804064668,37.506473472931646
6184,면목신협,0,260,1197대,-,001,127.08840863931022,37.58547077687354
6185,숯불돈갈비앞(경보),0,210,-,-,002,127.07938021204768,37.531455279061056
6186,오대산약초건강원,0,260,-,-,002,127.0737154076795,37.60020497739069
6187,파크랜드앞,0,200,633대,-,002,127.02598091849187,37.54933256102359
6188,롯데자동차정비소앞(경보),0,560,-,-,002,126.89405110484086,37.54035687471646
6190,신길역앞,0,560,-,-,001,126.91654843943465,37.51748579457335
6191,구로SK허브수,0,530,-,-,002,126.87162962460684,37.49534080296564
6193,청계한신휴플러스정문,0,230,542도,-,001,127.04525992830528,37.57320414480824
6194,은평초교,0,380,19-12대,-,001,126.93527168113576,37.60201330767674
6195,미래빌라앞,0,530,47-1대,-,002,126.84184116894626,37.49250425859599
6196,국회북문앞,0,560,-,-,001,126.91444831794237,37.5335495744011
6197,경동초교(경보),0,200,-,-,002,127.05108925605882,37.54205274358228
6198,금호푸르지오아파트앞(경보),0,200,-,-,002,127.01945227147085,37.55026921290635
6199,남부초등학교앞,0,620,468도,-,001,126.92140991676756,37.483094964933045
6200,NC백화점강서,0,500,679-2대,-,002,126.83963143850474,37.559589385654554
6201,NC백화점(경보)1,0,500,-,-,002,126.84125542990265,37.559395239330556
6202,NC백화점(경보)2,0,500,-,-,002,126.84146317758785,37.56023638526838
6203,당산동그랜드컨벤션(경보),0,560,-,-,002,126.9003915795483,37.535276270733696
6204,은빛초교,0,380,-,-,002,126.91845251674978,37.64303643683901
6205,구파발역,0,380,산100-21임,-,001,126.91887277983116,37.63617539525272
6206,은평어울림1001동앞,0,380,-,-,002,126.91862782994647,37.639795278556335
6207,상암MBC,0,440,-,-,001,126.89022055460177,37.582173382889486
6208,상암SBS,0,440,-,-,001,126.89299755515087,37.58058365676027
6209,중소기업DMC타워,0,440,33-12도,-,001,126.89775630319915,37.57740703874729
6210,한진해운빌딩앞(연등),6211,560,-,-,002,126.92485278336717,37.52469133953719
6211,한진해운빌딩앞,0,560,-,-,002,126.92548921949037,37.52406284121764
6212,은평힐스테이트입구(경보),0,380,-,-,002,126.93141552902689,37.62891972144827
6214,은평힐스테이트416동앞(경보),0,380,-,-,002,126.93416030259162,37.628250418052
6215,은평힐스테이트426동앞(경보),0,380,-,-,002,126.9345472182183,37.62730849938352
6216,마루공원,0,680,-,-,002,127.0824887739347,37.49458887079657
6217,일원에코파크,0,680,701 도,-,002,127.08582553010729,37.49567113401717
6218,매헌기념관앞,0,650,233 천,-,002,127.03722650053173,37.469125347260395
6219,고덕리엔파크107동앞,0,740,-,-,001,127.17076909833033,37.56062227061068
6220,신도림디큐브시티,0,530,-,-,001,126.88729200488744,37.50838900445175
6221,명빌딩앞,0,680,647 도,-,002,127.05952185533326,37.483560622420754
6222,목화예식장(경보),2579,560,-,-,001,126.89137397031533,37.52482529250216
6223,리치다이아몬드호텔,0,300,419학,-,001,127.01579618754324,37.64786399776805
6224,우이시장(연등),4195,300,-,-,001,127.01886276491263,37.64569259396935
6225,광산사거리(연등),619,300,-,-,001,127.02124797523624,37.643990729394325
6226,신대방아파트앞,0,590,342-57도,-,001,126.92780023738011,37.49677398310609
6227,진양상가,0,140,134-7대,-,001,126.9957021768877,37.56160736818551
6229,은평롯데캐슬805동,0,380,-,-,002,126.92341486261496,37.64546704297079
6230,은평롯데캐슬803동앞,0,380,-,-,002,126.92490614082942,37.64638555465734
6231,은평아이파크627동앞,0,380,-,-,002,126.92740331350089,37.64812678346595
6232,삼천리골입구,0,380,129-28답,-,001,126.93950137832306,37.64449376490764
6233,흥덕사입구,0,380,-,-,001,126.93565924548015,37.63893538328263
6234,제각말아파트,0,380,산104-6임,-,002,126.93513689353767,37.637585786518706
6235,은진초교입구,0,380,-,-,002,126.92166079380148,37.631301825894575
6237,월드컵파크11단지,0,440,-,-,002,126.8829409978314,37.58775441593709
6239,차량관리사무소,0,440,33-12도,-,001,126.89669813898044,37.578118517757474
6241,마이크로오피스사거리,0,540,-,-,002,126.88243557011614,37.47228524233454
6242,내방역동측,0,650,847-34대,-,001,126.99576361210028,37.488317441248086
6243,서부침례교회,0,380,산106-21임,-,002,126.93309607747577,37.63528915169457
6244,상도초교,0,590,363-80 대,-,001,126.93627628248827,37.50317671406368
6246,LG전자연구소,0,540,238-104대,-,002,126.88594639688839,37.470577765363295
6247,다솔할인마트,0,500,-,-,002,126.83672417366185,37.53862476465406
6248,가양대교남단램프,0,500,506-1천,-,002,126.85910313711175,37.56704162490767
6249,성수SKV1센터,0,210,73-679대,-,001,127.06666225111722,37.546903525683256
6250,신월벽산아파트2단지,0,470,556-11대,-,001,126.84082138053303,37.5139461298844
6251,신정푸른마을3단지,0,470,-,-,002,126.83567835316941,37.511936856246365
6252,신정푸른마을2단지,0,470,-,-,002,126.83444132176764,37.5136024299406
6253,신정푸른마을입구,0,470,-,-,002,126.83327285512468,37.51513364795216
6254,신정이펜하우스3단지,0,470,-,-,002,126.82869798274332,37.51389816068196
6255,신정이펜하우스4단지,0,470,-,-,002,126.83096103757198,37.51118040814567
6256,서남병원,0,470,-,-,002,126.83284774603698,37.51113946195153
6257,서울신은초교,0,470,350-31 임,-,002,126.83172438237254,37.513521635573476
6258,금당약국(연등),2379,210,-,-,001,127.07843106015181,37.532387346036
6259,광진교북단,0,210,135-1대,-,001,127.10899550170194,37.546103239388636
6260,송파파크데일1단지앞,0,710,588 도,-,001,127.15865646061268,37.4980145187769
6261,중앙대병원동측,0,590,141-14 도,-,001,126.9618515514762,37.50743806248152
6262,흑석해가든아파트,0,590,133-2대,-,001,126.9616586551511,37.50679604053603
6263,흑석센트레빌,0,590,335-4 도,-,001,126.9662392459033,37.50563123769091
6264,상도터널입구삼거리,0,590,-,-,001,126.95436938272258,37.512625291760976
6265,은천초교입구,0,620,635-247대,-,001,126.94204287976288,37.48612954904406
6266,서주한의원,0,620,514-1대,-,001,126.91439422951993,37.4827621174572
6267,난곡평화교회,0,620,502-44 도,-,001,126.91420436153986,37.483741235541366
6268,신림종합사회복지관,0,620,808-161천,-,001,126.9195559888291,37.46516905954983
6269,역전빌딩,0,620,459-6 도,-,001,126.91378254008558,37.48586137355501
6270,상일여고입구,0,740,107잡,-,001,127.1731893513038,37.549091524510196
6271,고덕교,0,740,304-3대,-,002,127.17251237469259,37.563145237039784
6272,고덕리엔파크306동앞,0,740,494전,-,002,127.17421518435424,37.554042631594584
6273,강명초교정문,0,740,-,-,002,127.17391717731363,37.55499724060794
6275,강명초교사거리,0,740,-,-,002,127.17320422645132,37.55716953795843
6276,송파성광교회,0,710,-,-,002,127.11598559843802,37.52934738616648
6278,송파파인타운2단지,0,710,111-8대,-,002,127.13159436823908,37.483597147993926
6279,특수전사령부앞,0,710,57-8 도,-,002,127.13483671172933,37.48132727792347
6280,한솔치과,0,710,-,-,002,127.13060817624464,37.484588174427714
6281,글샘공원,0,710,618 대,-,002,127.1216437604641,37.47825327941359
6282,성화빌딩,0,710,92-1도,-,002,127.12765367776721,37.482916271245415
6283,대한결핵협회,0,650,17 대,-,001,127.02855567153341,37.46839722294625
6284,이랜드해가든아파트,0,540,-,-,002,126.89225101072256,37.46041034017381
6285,에이스하이앤드타워3차(연등),5942,540,-,-,002,126.88230942570462,37.4788555203925
6286,신한은행신설지점,0,230,53-3 대,-,001,127.02328344333812,37.57451156823676
6287,마천대화주택,0,710,-,-,002,127.15586357429055,37.49790539193523
6288,도봉산성당,0,320,-,-,001,127.0444247143721,37.68739331068608
6289,동성공업사북측,0,300,53-6도,-,002,127.03298088660733,37.6113813993986
6290,상신초등학교(경보),0,380,-,-,002,126.9059228490644,37.59810212403041
6291,린나이도봉대리점,0,320,619-18 대,-,002,127.04163949600361,37.667209804767566
6292,용산푸르지오,0,170,-,-,002,126.99355274204387,37.5250247084984
6293,용산브라운스톤,0,170,234-1대,-,002,126.95896022469759,37.53697997332667
6294,중앙시장후문,0,140,-,-,001,127.01962440448058,37.56834948986922
6295,시흥IC,0,620,-,-,001,126.89894811020109,37.478952460943404
6296,송파파인탑아파트,0,710,-,-,002,127.11912600761612,37.503547398590335
6297,행복한우리교회(경보),0,540,-,-,002,126.91674468742971,37.452844815259695
6298,공항신도로1(경보등),0,500,산98-6임,-,002,126.80320003684989,37.57170706887682
6299,공항신도로2(경보등),0,500,-,-,002,126.80163847537872,37.57395586293011
6300,의성빌딩앞,0,740,-,-,002,127.14475240020766,37.53391749996828
6301,착한낙지,0,740,6-2대,-,001,127.14809761236675,37.52763459054515
6302,문현초등학교(연등)1,0,710,-,-,002,127.13118789700104,37.482810455869185
6303,한림연예예술고등학교,6304,710,839 도,-,001,127.13290827250435,37.48522800576865
6304,송파노인요양센터,0,710,137-12대,-,002,127.13405244868243,37.48624316204845
6305,동부그린아파트(경보),0,530,-,-,002,126.83237857220193,37.490011759474804
6306,구일초교후문,0,530,685-147대,-,002,126.87353147538089,37.493281852114606
6307,다운교회앞,0,440,374-1대,-,002,126.91253529218933,37.545706430012984
6308,이엔씨드림타워,0,540,-,-,002,126.88672672188174,37.4795515994025
6309,성북어린이집,0,290,168-276대,-,002,127.00623212169293,37.58956564809281
6310,신사노인복지센터,0,380,-,-,002,126.90841251881284,37.5904270444904
6311,남영역굴다리,0,170,17-1대,-,002,126.97172178062738,37.54188824573588
6312,용마초교,0,210,141-1대,-,001,127.08205854281547,37.556149539264396
6313,한화비즈메트로(경보),0,500,-,-,002,126.86111622033786,37.5585828903218
6314,개화역광역환승센터1(경보),0,500,419-18대,-,002,126.79871376648623,37.57865939188992
6315,개화역광역환승센터2(경보),0,500,-,-,002,126.79911664342656,37.578057350753944
6316,나사렛기념관(경보),0,470,-,-,002,126.87009147969266,37.54699534638906
6317,화곡고가밑1(경보),0,470,-,-,001,126.84945001886345,37.52764038506371
6318,양재빗물펌프장,0,650,425-1 대,-,002,127.04259361981096,37.47922313811177
6319,강일동입구,0,740,227-1철,-,002,127.17040955261358,37.56220266175642
6320,항동,0,530,31 공,-,002,126.82362766222886,37.48071020784358
6321,대우미래사랑3차,0,560,164대,-,002,126.89365243350007,37.52046954132628
6322,태영데시앙아파트,0,560,418-1대,-,002,126.89692331202824,37.51996248820447
6323,목동14단지,0,470,-,-,002,126.8724286825246,37.515010192315586
6324,노들길신길역진입부(경보),0,560,-,-,002,126.92037461910135,37.516454373052234
6325,역촌동성당,0,380,24-1대,-,001,126.91209252725326,37.60562034639451
6326,씨티21,0,560,270-2도,-,001,126.89587034663812,37.522548049688524
6327,진관사입구(경보)1,5383,380,-,-,001,126.93995907622399,37.64190758524311
6328,진관사입구(경보)3,5680,380,-,-,002,126.93970670553153,37.6394607822983
6329,진관사입구(경보)4,0,380,-,-,002,126.93632906160371,37.63744160458032
6330,산수장여관(경보)1,0,380,-,-,002,126.93814998895616,37.61098034973286
5612,강서운전면허시험장입구,0,500,427 대,-,001,126.8195414735441,37.54928697684349
7491,서초포레스타207동앞,-,650,379 도,-,002,127.05913380084776,37.45620091703719
5614,공항초교(연등),2866,500,-,-,001,126.81772573330186,37.560631281297326
7540,장통교,-,140,137종,-,002,126.98561165894557,37.568204020794404
5616,우장공원입구(연등)1,2930,500,657-3대,-,001,126.85123552291557,37.5539351357201
5618,우리은행장충지점(연등),963,140,341도,-,001,127.00621025254674,37.561634916399385
5619,엠버서더호텔(연등),964,140,-,-,001,127.0028525333635,37.559732820106355
5620,정부서울청사별관(연등),710,110,-,-,002,126.9733899228471,37.57407378344813
5621,면목2치안센터(연등)1,3181,260,130-41대,-,001,127.07503311050041,37.58965751329405
5622,동대문세무서,3538,290,59-4대,-,001,127.02170295459604,37.58102583200248
5623,다산교(청계7가)(경보),569,110,-,-,002,127.01246473066095,37.569779708967246
5624,한양대앞(연등)2,95,200,110 학,-,001,127.04269450918625,37.55720293686565
5625,무학중학교(연등),2528,200,292-41대,-,001,127.03221271765565,37.558166250009336
5626,금호삼성래미안,0,200,265-163대,-,001,127.02903655572185,37.54908657760604
5627,철도병원입구,2650,170,188-1 도,-,001,126.96646557768123,37.52556155404286
5628,신촌전화국(연등),887,440,255-37 도,-,001,126.92337406655672,37.55842392569019
5629,평창치안센터(연등),863,110,-,-,001,126.9653910689239,37.60490894066226
5630,싱싱마트앞,-,350,65-28천,-,001,127.078906588255,37.66741728387967
5631,국민연금북부(연등),862,410,99-25대,-,001,126.96405479351552,37.56212231201371
5633,스페이스본입구,5633,110,-,-,002,126.97031502870905,37.57483825167938
5634,신도림테크노마트,0,530,-,-,002,126.89158772629779,37.50636172417556
5635,삼일초교,0,590,105-4대,-,002,126.97535359179234,37.48780120692487
5636,상봉시장(연등),558,260,-,-,001,127.0861797304342,37.59190004178545
5638,수명산파크2단지,0,500,-,-,002,126.82637486972729,37.55543779695359
5639,수명산파크3단지,0,500,-,-,002,126.82615119083205,37.55374301332366
5640,수명중고교입구,0,500,-,-,002,126.82368718110332,37.54976495182731
5641,오목근린공원,0,470,-,-,002,126.87229137769903,37.52814839842831
5642,대현교회,0,200,36수,-,001,127.0220957515653,37.55527596049214
5644,영인약국,0,560,404-36 도,-,002,126.90218893174578,37.49622784695434
5645,수명산파크1단지,0,500,-,-,002,126.82843037043783,37.553526742196865
5646,화곡웰라이빌,0,500,346-139 도,-,002,126.84292692385038,37.52842513695729
5647,과학기술대후문,0,350,170-2대,-,001,127.0831249377742,37.63150052759163
5648,유광사여성병원,0,500,산80-3임,-,001,126.8388708482312,37.54325324679166
5649,삼각산아이원108동,0,300,-,-,002,127.01709288176481,37.61618972899401
5650,삼각산아이원120동,0,300,699-52대,-,002,127.01814204812217,37.61674683143137
5651,삼각산동주민센터,0,300,670-29도,-,002,127.02081120882295,37.614814424205264
5652,신도림복합빌딩,0,530,46-1 도,-,002,126.88855914944011,37.51053481722609
5653,테크노마트,0,210,611대,-,001,127.09448196597275,37.53603857085464
5654,강서힐스테이트,0,500,1089-7도,-,001,126.83772161976891,37.54798223300849
5656,스페이스본입구(연등),0,110,-,-,002,126.9693233388589,37.57531255330362
5657,스페이스본정문,0,110,180대,-,002,126.96997952640875,37.57418993303903
5658,삼각산초교,0,300,1353 대,-,002,127.0136654002137,37.615944488240956
5660,장지프라자,0,710,-,-,002,127.1277138331826,37.47733456863302
5661,장지프라자(연등),5660,710,-,-,002,127.12714990830558,37.478496282505795
5662,송파파인타운10단지,0,710,-,-,002,127.13038575555645,37.47814620739753
5663,송파파인타운11단지,0,710,848-1 학,-,002,127.13209321779915,37.47925153365025
5669,기타1(강동권역),0,740,-,-,002,127.18240361818377,37.54997377311355
5671,송파파인타운5단지(연등),0,710,-,-,002,127.12988546353705,37.480946537650084
5672,대륭테크노타운12차앞,0,540,338-1도,-,001,126.8839128958496,37.46882961264864
5673,우이동길마을마당,0,300,205 대,-,001,127.01704693489164,37.639792296430464
5674,구세군회관앞,0,110,-,-,001,126.97256953686615,37.57015732518122
5675,중곡초교,0,260,665-45대,-,002,127.08412480690818,37.57524285028131
5676,서울숲리버뷰자이105동,0,200,4-23도,-,002,127.03927109868218,37.556621578547876
5677,장평중옆성원빌라(경보),0,230,-,-,002,127.06909706151627,37.56548395833616
5680,진관사입구(경보)2,6327,380,-,-,002,126.94132781131873,37.64123818440531
5681,우리은행석관(연등),0,290,317-22대,-,001,127.06209534097302,37.60503353782682
5682,송파제일주유소,-,710,7-6대,-,002,127.09688089582896,37.501416670371334
5684,오류동역,0,530,47-25대,-,002,126.84070350496143,37.49177712806869
5685,오류동역남측,0,530,332-5구,-,001,126.84561087974778,37.494023384666
5686,오류남초교앞,0,530,-,-,002,126.83920624499956,37.490692042325165
5687,동진카센타(경보),0,210,-,-,002,127.08759664198196,37.533247440987104
5688,성내도서관앞,0,740,447 대,-,002,127.1332089887845,37.53303968014594
5689,금천초교,0,540,산112-15 임,-,002,126.9123721428833,37.45415757842414
5690,율화유치원,0,200,128-1179철,-,002,127.03850733368836,37.55342561725596
5691,금호벽산아파트(경보),0,200,-,-,002,127.02580797916148,37.55205837012595
5692,이화교북단,0,260,248-7대,-,002,127.0743011363919,37.60296441058462
5693,동원중교(연등)2,0,260,56 공,-,002,127.10775494367857,37.60287908547685
5694,한신휴플러(경보),0,200,-,-,002,127.01927884210394,37.550623266351465
5695,금호초교입구(경보)2,0,200,-,-,002,127.02092375145288,37.551799752781726
5696,래미안옥수리버젠아파트104동앞,0,200,1590-1도,-,002,127.01429431968953,37.54624890510522
5697,청계문화회관,0,200,792-8 공,-,001,127.03512970497106,37.571572788936194
5698,대구은행뒤(경보),0,650,-,-,002,127.01428191591789,37.48638892592454
5699,해운대횟집(경보),0,650,-,-,002,127.03723231268035,37.47484738680531
5700,쌍용자동차(경보),0,650,-,-,002,127.0343833542286,37.46247466330399
5701,서울오토겔러리(경보),0,650,-,-,002,127.0352890439379,37.46131581485222
5702,옥정초교정문,0,200,332-1도,-,002,127.01600658394445,37.54117329418606
5703,계성초교,0,650,-,-,002,126.99625983480065,37.50504306325081
5704,금천구신청사,0,540,-,-,002,126.89431891439524,37.4568226038932
5705,신이문역앞,0,230,360-3철,-,002,127.06694993316259,37.60302294421177
5706,봉화초교(경보),0,260,-,-,002,127.09019048703755,37.6139962418289
5707,왕십리역앞,0,200,-,-,002,127.03782368763936,37.561264018805154
5708,계성초교입구(경보),0,650,-,-,002,126.99761517735213,37.504745794952065
5709,한강아파트(경보),0,650,-,-,002,127.01561391493739,37.52028492385443
5710,잠원펌프장(경보),0,650,-,-,002,127.01541326899682,37.5197598454157
5711,삼호가든상가(연등),7055,650,20-43 대,-,002,127.01422609982312,37.50248636145759
5712,반포입구(경보),0,650,-,-,001,127.01685617600302,37.50318975206352
5713,반포IC,0,650,729-12대,-,001,127.0175309423501,37.5029223793927
5714,아크로비스타아케이드,0,650,32-5대,-,001,127.01241200178626,37.49938964308128
5715,일동제약앞(연등),0,650,64-5대,-,002,127.03548391794077,37.47595818927777
7541,아리랑정보도서관,-,290,110-25대,-,001,127.013571908655,37.599817839611
7559,AK플라자(연등)2,-,530,569-6 대,-,-,126.8825035873914,37.499588775068034
5718,크레송앞(연등)2,1398,540,481-16도,-,002,126.877011977846,37.484588496322395
5719,롯데IT캐슬(연등),0,540,371-41장,-,002,126.88003017015753,37.477701556893194
5720,가산동하이힐(연등),6888,540,127-21도,-,002,126.88852144544383,37.47730565446942
5721,남문시장입구(연등)2,1403,540,990-35대,-,001,126.90187406007388,37.47099879277889
7561,강서소방서(연등)1,-,500,1484-5도,-,001,126.86035776958089,37.55828958988389
5723,LG전자연구소(연등),6246,540,238-48대,-,002,126.88642175577537,37.469419396839086
5724,보라매공원후문,0,590,-,-,002,126.92327160681617,37.492951799324885
5725,영본초교,0,590,-,-,002,126.94884775095981,37.50960176878949
5726,프라임독서실,0,590,-,-,002,126.94736554369817,37.50813245723973
5727,중앙대정문(경보),0,590,-,-,002,126.95912044676635,37.507193093807636
5728,중대부속초교(연등),1669,590,162-10대,-,001,126.96114782622506,37.50617487963579
5729,도림교회앞,0,560,35-2학,-,001,126.89760914106964,37.50950501507492
5730,장안지하차도(연등),0,230,1049-12천,-,001,127.07478132985081,37.579815421644504
5731,시온기독교신학원(경보),0,500,-,-,002,126.84781866467465,37.53425669894209
5732,88골프연습장(연등)1,1905,560,50대,-,002,126.93630924864095,37.51850131026169
5733,88골프연습장(연등)2,1905,560,8-3제,-,002,126.93795257975292,37.519523071046066
5734,63빌딩(연등)1,581,560,-,-,001,126.940709809877,37.520619463832
5735,신목중학교앞(연등)1,0,470,-,-,001,126.87191361166705,37.53694657450027
5736,영도초교(연등),0,470,752-1대,-,001,126.87047980274366,37.53574067758155
5738,애경백화점(경보),0,530,-,-,002,126.88354452196107,37.50046343606825
5739,궁동저수지생태공원,0,530,252-30대,-,001,126.82901838075259,37.50071850415488
5740,신도림중학교옆(경보),0,530,-,-,002,126.88472537037572,37.51068432716005
5741,신미림초교(연등),0,530,392-1대,-,002,126.87943231777592,37.507362386788884
5742,목마공원(연등)2,0,470,-,-,001,126.88690952252134,37.537137545499135
5743,현대아파트109동(경보),0,470,-,-,001,126.87834383611559,37.5219732881941
5744,영등포고가차도밑(경보),0,560,-,-,002,126.90256234106833,37.51556742558823
7562,강서동물병원(연등),5856,500,369-56대,-,002,126.8390144921795,37.53297192588809
5746,문래한신아파트앞,0,560,43-1도,-,002,126.88479719833477,37.519692385013435
5747,신강보도육교(경보),0,470,-,-,001,126.84029013272523,37.52634746135523
5748,신월119안전센터,0,470,818도,-,001,126.83347430314676,37.527993233176765
5749,목동10 12단지(연등)1,0,470,324-4도,-,001,126.8589192055678,37.514722720293555
5750,동문빌딩(연등),0,470,-,-,001,126.86898390538023,37.52240425239139
5751,휘경여중고(연등),3472,230,366 대,-,001,127.06773662777718,37.58485087893926
5752,현장민원실앞(경보),0,470,-,-,002,126.84122826419733,37.51119599539724
5753,동일하이빌102동주차장입구,0,470,-,-,002,126.83978528691574,37.51166689354984
5754,동일하이빌아파트,0,470,-,-,002,126.838418325261,37.511202564370286
5755,동일하이빌201동앞(경보),0,470,-,-,002,126.83915806359076,37.510577519387375
5756,동일하이빌2단지3R,0,470,-,-,002,126.84013090075385,37.50992262108264
5757,동일하이빌204동앞(경보),0,470,-,-,002,126.83952877845813,37.50985883528905
5760,경창종합상가입구(경보),0,470,-,-,002,126.8416361753206,37.524607064852155
5761,한신청구아파트앞(연등),0,470,-,-,002,126.88006120845448,37.541835264536054
5762,목4치안센터(연등),4171,470,952 대,-,002,126.86777430244406,37.53132234343232
5763,목동역(연등)1,0,470,940 대,-,001,126.86351324189103,37.526292295056074
5764,당산한신아파트,0,560,-,-,001,126.89008632522594,37.539791593016034
5765,서울시의사회(연등),0,560,365천,-,001,126.90877874268901,37.526417058562515
5766,방화월드메르디앙(경보),0,500,-,-,002,126.8100754015335,37.57523521207663
5767,방화중앙교회(경보)1,0,500,-,-,002,126.81199767263954,37.57763509713981
5768,방화중앙교회(경보)2,0,500,-,-,002,126.81172979453378,37.576981918856546
5769,삼정초교앞(경보),0,500,-,-,002,126.81118922000357,37.580588424646464
5770,방화1동사무소(경보),0,500,-,-,002,126.81196954800001,37.57140345184678
5771,화곡푸르지오A(경보)1,0,500,-,-,002,126.83314494922345,37.54187715586178
5772,화곡푸르지오A(경보)2,0,500,-,-,002,126.83142840603963,37.54181837906327
5773,럭키빌라앞(경보),0,500,-,-,002,126.85744900871633,37.55086193665102
5774,강서자애의원앞(경보),0,500,-,-,002,126.86266571280599,37.54895745760748
7490,동교동삼거리(연등),-,440,113-104대,-,001,126.92575967915164,37.558319150567414
5776,발산초교,0,500,724-38도,-,002,126.83165961192859,37.55027369734198
5777,홍능주유소,0,230,산1-157임,-,002,127.04280950144467,37.58833950356793
5778,예다지앞(경보),0,500,-,-,001,126.8166003150363,37.57424527307112
5779,교남학교(경보),0,500,-,-,002,126.85287339560615,37.548069190527045
5780,신정초교(연등),3018,500,453-21도,-,001,126.85139163878495,37.53088356615993
5781,기룡빌딩앞,0,500,662-8도,-,001,126.84419816941602,37.53045646620411
5782,화곡1동주민센터앞(연등),7099,500,353-32대,-,001,126.8424624748882,37.53033065976484
5783,목6동동호프라자앞,0,470,-,-,001,126.88412506284673,37.536880380044735
5784,당산센트럴아이파크앞,0,560,110-22대,-,001,126.90459712760216,37.53029641395533
5786,신세계유치원(경보),0,500,-,-,002,126.84909537337252,37.5704776142906
5787,영등포공고(경보),0,500,-,-,002,126.8517884762702,37.568890303224855
5788,보라유치원(경보),0,500,-,-,002,126.84712212132284,37.564152870180926
5789,살곶이다리(경보),0,200,-,-,001,127.04728508315597,37.554374715032274
5790,하왕십리풍림아파트(연등),2534,200,-,-,002,127.02373535694899,37.558886418206896
5791,열린우리당사앞,0,560,185-2철,-,001,126.90150483053588,37.522227320840365
5792,농협공판장앞,0,560,-,-,002,126.90128936643507,37.5214784678477
5793,588종점앞(경보),0,470,-,-,002,126.83942839105673,37.52820063896432
5794,서울출입국관리사무소(연등)1,0,470,-,-,002,126.8703506123434,37.51838033558621
5795,청우주택(경보),0,210,-,-,002,127.10366110854,37.54722839425569
5796,은호대중탕(경보),0,210,-,-,002,127.09048837651463,37.543894355348414
5797,덕산빌라(경보),0,210,-,-,002,127.09022927532945,37.54282661728381
5242,방배현대홈타운(경보),0,650,2092 도,-,002,126.9838301528242,37.49087661005891
5243,강서도로사업소,0,500,73-11답,-,001,126.82997472642936,37.572729427088696
5244,세종대로사거리(연등)2,535,110,-,-,001,126.9736006144307,37.570156983814925
5245,함지박사거리(연등),1021,650,725대,-,001,126.98977582576774,37.49391787164087
5246,북한산입구,0,380,-,-,001,126.94648596554448,37.65845339299993
5247,고양시경계,0,-,-,-,002,126.94688333142027,37.65983765280794
5248,유원아파트앞삼거리,0,590,324천,-,001,126.95181154391724,37.51489815583535
5249,마장로가변,0,140,2545 대,-,001,127.02159442518409,37.56819268683319
5250,금성교회(경보),0,500,606-5전,-,002,126.81247546388842,37.56611552017178
5251,강서농산물도매,0,500,427 대,-,001,126.81889210893185,37.55013180603522
5252,맥파이빌딩,0,500,392-7대,-,001,126.84912291763735,37.53072924614622
7555,법종사(연등)2,-,320,533-9대,-,001,127.0146870024349,37.657669628401344
5254,국제선신청사(내부),0,500,886 잡,-,002,126.80128780839026,37.561134686827586
5255,프레스센터,0,140,-,-,001,126.97713857409695,37.566930387270574
5256,덕수궁앞,0,140,5-8도,-,001,126.97717046390117,37.5649545811224
5257,조선호텔앞,0,140,42대,-,001,126.9794124690787,37.563994733760424
5258,타워팰리스,0,680,467-27 대,-,002,127.05172648328708,37.487773579453666
5259,방화수협앞(경보),0,500,585-3도,-,002,126.81037068899933,37.567808333842706
5260,유수지삼거리,0,740,485도,-,001,127.12160847511174,37.527006467325236
5261,구로IT타워,0,530,197-5장,-,001,126.89445273469319,37.48339463430793
5262,한일목욕탕,0,380,1-13구,-,002,126.91823920266212,37.62587609978153
5263,남대문시장,0,140,110대,-,001,126.97841137833679,37.55873501877853
5264,연희IC동측,0,410,341-107도,-,001,126.93007045567218,37.56374147293574
5266,서대문우체국,0,410,309-4대,-,001,126.93175291570189,37.562200569639664
5267,연대녹지대앞,0,410,134 학,-,001,126.93545229355486,37.560091758617574
7557,서교119안전센터,-,440,377-15대,-,001,126.91526142716825,37.55052424268517
5269,삼환아파트,0,560,10-24제,-,001,126.90576125214227,37.52993961157142
5270,수협야채동직판장,0,500,303-4도,-,001,126.82116621556246,37.55587610458068
5272,성암삼거리,0,440,1-5대,-,001,126.89466338602044,37.57946204027568
5275,성수리버하우스,0,200,13-217도,-,002,127.05162467218473,37.54957939253865
5276,북한산I-PARK,0,320,752-18 도,-,002,127.04263550859051,37.65920417608296
5277,서울역사박물관,0,110,-,-,001,126.97134882850122,37.569801431980096
5278,화곡7동주민센터,0,500,351-68대,-,002,126.84224196184555,37.53253777807312
5279,금호1가동주민센터,0,200,1-72 수,-,001,127.0214288924074,37.55468351507179
5280,형제패션,0,290,857-13천,-,002,127.05226406277349,37.61869176680903
5281,신한은행역삼,0,680,858-16 도,-,001,127.03072333995304,37.49145603985106
5282,한미은행양재,0,680,839-17 대,-,001,127.03263056993988,37.48750787577704
5283,복정역환승주차장,2087,710,596-21도,-,001,127.12662326717839,37.4695119579491
5284,서울길음초교(경보),0,290,1357-13 도,-,002,127.01658452300916,37.613748577274166
5285,강일5단지,0,740,-,-,002,127.17899386978638,37.569088512840466
5286,LG전자단말연구소,0,540,219-14도,-,002,126.88958793319705,37.47597016862433
5287,암사정수센터,0,740,3 수,-,001,127.14397088834244,37.55886109465965
5288,답십리삼거리,0,230,530-26천,-,001,127.05647551029645,37.56406207326547
5289,현대월드컵아파트,0,410,358-2 도,-,001,126.9047704189417,37.57539762134812
5290,성산회관,0,410,437-89대,-,001,126.92551020725827,37.56635405376072
5291,미아서광빌딩,0,300,198-34대,-,001,127.02687909708807,37.62457539059091
5292,숭인시장,0,300,90-27 대,-,001,127.030079355698,37.61354855059612
5293,영도교회,0,590,산65-163임,-,001,126.94271643064162,37.49547051820064
5294,중앙하이츠아파트,0,540,637도,-,001,126.88791034157366,37.46611169928835
5295,신진자동차학원,0,500,1483 학,-,002,126.85713413381565,37.55848884483228
5296,금천구청입구(연등),631,540,107-4도,-,002,126.89876294159727,37.4570288856267
5297,이대부중,0,410,70 학,-,001,126.94343796695205,37.56286905014501
5298,모래내고가하부,0,410,산118-1 임,-,001,126.92195001003988,37.56659735816921
5299,신미림초교,0,530,292-233잡,-,002,126.87833924314215,37.50658497587199
5301,수협은행압구정,0,680,610-3 대,-,001,127.02833514056962,37.52363996775108
5302,상도4동새마을금고,0,590,521 대,-,001,126.94369981677475,37.49840206827972
5303,경남레이크파크,0,710,33도,-,002,127.10526721940494,37.50971204347605
5304,레이크호텔,0,710,-,-,002,127.1006442820289,37.50696740005694
5306,DMC래미안,0,410,144-273 대,-,001,126.90996011935282,37.571654600821155
5307,원신초교앞,0,620,-,-,002,126.92716010544535,37.46633047427426
5308,낙성주유소(연등),0,620,100-569 학,-,002,126.96078602903083,37.47744808228375
5309,레이크호텔(연등)1,5304,710,-,-,002,127.10161042486665,37.507377266216025
5310,양평역사거리,0,560,-,-,002,126.88623672768406,37.52561422629549
5311,미아초교입구(연등),3691,290,637-44 도,-,001,127.02133984492338,37.61119846400388
5312,길음삼성아파트,0,290,-,-,002,127.02051719096622,37.60890524157363
5313,길음지구대앞,0,290,-,-,002,127.01858927299287,37.61082805224606
5314,청솔아파트3거리(경보),0,350,154-12학,-,002,127.07282853166299,37.63185640131417
5315,안씨묘입구(연등)1,1342,540,1000-10도,-,001,126.90525572589337,37.458186606033145
5316,조원초교,0,620,702-9천,-,002,126.90983232908394,37.48385297379727
5317,신내우남아파트(경보),0,260,317 대,-,002,127.09886787912555,37.60678393503945
5318,별장슈퍼,0,260,산 33 공,-,002,127.11096444753314,37.6022092346345
5319,동원중동측,0,260,56 공,-,002,127.10992676564688,37.60360910665463
5320,청소년수련관,0,260,-,-,002,127.10858707987761,37.605228141915134
5322,불광NC백화점,0,380,264-36대,-,001,126.92828510812281,37.60996690598811
5323,중계브라운스톤,0,350,-,-,002,127.06442040550655,37.64067834966131
5324,디지털미디어시티,0,440,-,-,001,126.89057262773434,37.5781784162752
5325,금란조경,0,320,산64임,-,001,127.02161318578368,37.66268892559359
5326,월드컵파크6단지,0,440,1695 도,-,001,126.88496399550031,37.58153060451218
5327,대림공원(연등),1475,560,879-1대,-,001,126.90336575892601,37.49071081518741
5328,광진교북단삼거리,0,210,-,-,001,127.10574213015614,37.546676245790884
5329,신동아하이팰리스,0,560,-,-,002,126.88529531382665,37.52172519296892
5330,벽산블루밍아파트,0,620,-,-,002,126.94389386329344,37.491962639082935
5331,금호초교,0,200,108대,-,002,127.01942553960146,37.552938472615494
5332,황외과삼거리,0,500,-,-,002,126.83739891268056,37.53159714566195
5333,석계초교앞,0,290,375-4천,-,002,127.07033277589008,37.608697637551714
5334,석관대우아파트,0,230,-,-,002,127.07107258746952,37.602601716579635
5335,우리은행중랑교지점,0,260,58-2도,-,001,127.07502513491453,37.59368049263973
5336,코스트코상봉,0,260,279-57 대,-,001,127.09062251403756,37.59768484209722
5337,라이온스톤오피스텔(연등),0,410,196-9대,-,001,126.92992802688629,37.57126748065551
5339,홈플러스강서점,0,500,-,-,002,126.8560993604102,37.557487012548506
5340,우리금융상암센터,0,440,411-4도,-,001,126.88707089609125,37.583653318606665
5341,월드컵파크207동,0,440,1707 도,-,002,126.89117741823122,37.57598782548106
5342,센트레빌레우스,1436,530,466 도,-,001,126.85368509739241,37.49748110205218
5343,숭례문정류장,0,140,150대,-,001,126.97393291739267,37.558677446368
5344,쌍용하이츠빌라,0,710,-,-,002,127.0906892918282,37.49920887658942
5345,천주교석촌동교회,0,710,-,-,002,127.0944950166821,37.4979170877574
5346,삼부그린체육센터,0,260,418-8 도,-,001,127.10095680934182,37.60719128171016
5347,공항빗물펌프장,0,500,-,-,001,126.81639589674216,37.55641984595294
5348,공진초등학교,0,500,494도,-,001,126.82310021036794,37.55739144247453
5349,반야정사삼거리,0,500,-,-,002,126.81984548054916,37.55683286996517
5350,범일운수,1331,540,220-45대,-,001,126.91241103063324,37.450153033791516
5351,동부지하차도,0,230,-,-,001,127.07075257899146,37.60488462420588
5352,석계철도청앞,0,290,375-9천,-,002,127.07029104695746,37.60731175118597
5353,연희IC서측,0,410,-,-,001,126.92805671110546,37.56556479788842
5354,연꽃어린이집,0,530,141-5 대,-,002,126.89068535340095,37.48731660777644
5355,외환은행휘경점,0,230,179-9 공,-,001,127.06033782446417,37.5895279430449
5358,일신건영102동,0,290,591-1 도,-,001,127.01213455835216,37.60144816960752
7496,위례아이파크입구,-,710,-,-,001,127.1414550459481,37.47653595633548
5360,영등포신세계주차장,0,560,7-12대,-,001,126.9054580522786,37.51596891700159
5361,여의도굿모닝증권,0,560,-,-,001,126.92430321899586,37.525736160124175
5362,대신빌딩,0,290,-,-,001,127.01591110555526,37.59545842792795
5363,방주교회삼거리,0,470,-,-,002,126.85589169723274,37.51877996253259
5364,종월교(경보),0,290,226 대,-,002,127.04088406620602,37.59553692221518
5366,중앙대후문(경보),0,590,-,-,002,126.95514489628486,37.50625342293825
5367,이마트수색점,0,380,25-17대,-,001,126.8999109943773,37.57949856152137
5368,세브란스,0,410,134 학,-,001,126.9388535134442,37.56008372175403
5369,서울시교육연수원,0,650,-,-,001,126.99767248621258,37.47362872419576
5370,광진교북단사거리,0,210,-,-,001,127.10756296111376,37.5465012169647
5371,크레망스아파트,0,440,-,-,002,126.90100569643198,37.554722428487615
5372,해성교회,0,260,159-30대,-,002,127.07855310576431,37.61505109163146
5373,망우금호아파트,0,260,산41-5 도,-,001,127.10958530337858,37.60039693932394
5374,월드컵파크5단지,0,440,1595-1 대,-,001,126.88788997570352,37.579796226143095
5375,월드컵파크407동,0,440,1605 대,-,002,126.88946124894684,37.57707625740138
5376,난향삼거리,0,620,산87-14임,-,001,126.92457099106238,37.46136622011627
5377,광진교남단,0,740,263-4도,-,001,127.12179744586851,37.54210635265789
5378,대우한강베네시티,0,740,360공,-,001,127.12518269013484,37.54102519453783
5379,보험연수원앞,0,290,-,-,001,127.01878923055162,37.58642083915212
5380,동대문역사문화공원역,0,140,14-4도,-,001,127.00976908727147,37.565420405215605
5381,옥수역,0,200,-,-,002,127.01745857784695,37.541398423150866
5382,방패교육대(연등),5585,380,-,-,001,126.93822066171587,37.64715344531417
5383,진관사입구,0,380,-,-,001,126.9386159611301,37.64233936658761
5384,하나고,0,380,-,-,001,126.93770381608014,37.64117204672346
5386,입곡삼거리(연등),5185,380,-,-,001,126.93685616262228,37.65120984453594
5387,지향초교,0,470,-,-,002,126.83728025296689,37.51241751411206
5389,동일하이빌아파트서측,0,470,-,-,002,126.8364842152478,37.510564949885115
5390,신정한양주유소,0,470,-,-,002,126.84092655487369,37.512027292906666
5392,한청상가앞삼거리,0,470,-,-,001,126.88125437778083,37.54277258974343
5393,등서초교,0,500,655-42대,-,002,126.85431662252472,37.55250278725643
5394,아홉길사랑교회,0,530,1255대,-,001,126.88466338961794,37.49783741632981
5395,청화병원,0,590,232-113대,-,001,126.94006455703757,37.50794719502005
5396,하늘공원입구,0,440,481-63 잡,-,001,126.88063328743533,37.56961365984087
5397,상암어린이집,0,440,41-23대,-,002,126.8928031620396,37.57407925790817
5398,유니골프클럽,0,440,-,-,001,126.91957831235638,37.54532693212576
5399,당인리발전소정문,0,440,-,-,002,126.91729000958043,37.54546506606252
5400,창번2교,0,320,445-22도,-,002,127.03455782612933,37.63858395045074
5401,목동1030동앞,0,470,-,-,002,126.85661395565471,37.517421542870174
7502,영동중학교정문,-,650,109-4전,-,001,127.02475532971494,37.46548040422359
5403,새우개고개,0,260,-,-,001,127.10467826948116,37.61940475260639
5404,솔샘시장,0,300,746-3 주,-,001,127.01838418991049,37.61999147334486
5405,삼각산고입구,0,300,403-167 대,-,001,127.02218511599493,37.614427209597984
5406,대창빌딩,0,500,-,-,001,126.81643245845386,37.55489145343763
5407,상도래미안328동,0,590,-,-,002,126.95337220648076,37.49817610860014
5408,양원역,0,260,-,-,002,127.10798580825353,37.606266344439085
5409,충무아트센터,0,140,254-16학,-,001,127.01401080686406,37.5651078365836
5410,양천공영차고지,0,470,-,-,002,126.83767086353333,37.5084380306266
5411,무악현대아파트,0,110,-,-,001,126.9580628777845,37.57435904506058
5413,강남웨딩문화원,0,560,989-12대,-,001,126.90466245489495,37.48680593715392
5414,말미고개,0,540,-,-,001,126.89749493600226,37.4643747964976
5415,홈플러스시흥점,0,540,880-47대,-,001,126.9012951259362,37.45273982561062
5416,대도연립,0,540,940-5대,-,001,126.90332091026579,37.44034038852594
7503,선암IC동측,-,650,293-1답,-,001,127.02127190611853,37.46017250817614
5418,궁동삼거리,0,530,793-17 임,-,001,126.82913517901939,37.50639694725242
5419,송파IC,0,710,-,-,002,127.12948653349406,37.47077986153239
5420,길원초교입구,0,290,-,-,002,127.01492959145656,37.610049402431585
5421,길원초교입구(연등),5420,290,-,-,002,127.01542003009784,37.61027458452775
5422,길음뉴타운222동,0,290,1357 대,-,002,127.01763877905485,37.6123093001662
5423,한양701동,0,320,-,-,002,127.03309466218295,37.65628055777964
7535,영천교회앞,-,290,219-166도,-,002,127.04037572904984,37.614318645599376
5425,서서울생활과학고등학교,0,530,산1-1임,-,001,126.82904571141461,37.5022795025182
5426,수궁119안전센터(연등),0,530,138-3 도,-,001,126.8296741735089,37.496481834892215
5427,행복한교회,0,200,1026-32대,-,002,127.0246384959236,37.557505329517184
5429,본동초교(임시교차로),0,590,-,-,001,126.95304265539987,37.51039555975089
5430,동작초교(임시교차로),0,590,-,-,002,126.97673829685067,37.492656923349095
5432,타워팰리스입구,0,680,-,-,002,127.05383994163988,37.48698221296227
5433,청솔빌딩,0,500,379-79대,-,002,126.83741803523189,37.53552883661365
5435,와산교입구,0,380,-,-,002,126.91392069161586,37.58873913082769
5436,상수동사거리,0,440,309-10 도,-,002,126.9229250111678,37.54506384486635
5437,상수동리버하임앞,0,440,139-1 도,-,002,126.92452639338228,37.54503942477998
5438,서울신용평가정보삼거리(연등)2,0,440,445 공,-,001,126.92749715225928,37.545704808448164
5439,문래영문초교,0,560,190대,-,002,126.88719402517383,37.520243393664956
5440,문래두산위브아파트,0,560,12 장,-,002,126.88652778206797,37.51758431431864
5441,금호두산위브아파트,0,200,-,-,001,127.02289195282907,37.555631978497495
5442,세진테크노빌,0,540,60-35 도,-,002,126.88407113622043,37.478850562926006
5443,효제초교,0,110,-,-,002,127.00420190843116,37.57347045599097
5444,정은스카이빌,0,470,942-3대,-,002,126.8501471714857,37.52238414782624
5445,서울예고앞,0,110,-,-,001,126.96932450844427,37.60646254454909
5447,월곡두산위브아파트,0,290,222-9 도,-,001,127.03610926105316,37.608451291667464
5448,백연공원,0,500,1113-4대,-,002,126.85225291273868,37.550838861220846
5449,디지털3단지파출소,0,540,-,-,001,126.88325576681692,37.47651755484624
5450,우신향병원,0,290,-,-,001,127.03096083340574,37.58429977809684
5451,누죤,0,140,217-120천,-,001,127.01240818594042,37.5668041134987
5452,상암동가스충전소,0,440,-,-,001,126.87863869401946,37.58148641414655
5453,월드빌아파트,0,380,352-3도,-,001,126.91236474485298,37.58670599665338
5454,광나루지하차도,0,740,250-7제,-,002,127.12196036630944,37.546043840494335
5455,정릉대림아파트,0,290,-,-,001,127.0088278378012,37.615447253642586
5456,현대홈타운삼거리,0,530,198-32 도,-,002,126.86126652754612,37.490457935401
5457,롯데캐슬헤론,0,650,1323제,-,002,126.98548555525251,37.4965911112599
5458,신용산지하차도,0,170,-,-,002,126.96732545568346,37.5301363428039
5459,중랑천로굴다리,0,260,58-6도,-,002,127.0724885344326,37.59425705356268
5460,주공326단지,0,350,-,-,002,127.0567505665494,37.65044073828305
5461,세브란스응급실,0,410,-,-,001,126.94228945827633,37.561992109088564
5462,녹지대,2655,170,22잡,-,001,126.98682565418598,37.52010138812569
7564,관악영어마을(연등),-,620,738-181천,-,001,126.95884890497874,37.47263283846925
5464,우리유앤미아파트,0,530,493-1대,-,001,126.88256837262155,37.49648402865375
5465,영중초교,0,560,29-1도,-,002,126.90383989610078,37.52293470007549
5466,신당현대아파트,0,200,85-241대,-,002,127.02381668976989,37.560671879145595
5467,스타밸리,0,540,-,-,002,126.88548440717375,37.48120833110898
5468,문래금호어울림,0,560,-,-,002,126.89836551119976,37.51868170963482
5469,목동1333동앞,0,470,320-2도,-,002,126.8671269043464,37.51431140167457
5470,국립과학수사,0,470,-,-,002,126.82723252039591,37.523751905420035
5472,강서메디컬약국,0,500,산73-8 도,-,002,126.84377980340639,37.542506732143345
5473,보성운수종점,0,620,697-24대,-,001,126.91919023594258,37.46418414594023
5474,난향초교입구,0,620,687-2 대,-,001,126.91896857028969,37.46302990250953
5475,금호베스트빌아파트,0,140,-,-,002,127.0242726206211,37.562061774066855
5476,삼우카센타,0,740,-,-,001,127.17101415657521,37.55934841380572
5477,관악산주공아파트2단지앞,0,620,-,-,001,126.91930656200417,37.460578372443635
5478,관악휴먼시아아파트1단지,0,620,-,-,001,126.92204209594665,37.46109723522949
5479,용산역,0,170,40-999철,-,001,126.96602794867115,37.527279952899285
5480,삼성129동앞,0,710,44대,-,002,127.09540850167171,37.50682950644027
5482,애오개역(연등),1168,440,251-46도,-,001,126.95722470876697,37.55457947973379
5483,잠실119안전센터,0,710,44대,-,002,127.09413438032304,37.50701943685228
5484,구로롯데캐슬111동앞,0,530,-,-,002,126.88510282822355,37.50299656463107
5485,구로롯데캐슬111동앞(연등),5484,530,-,-,002,126.88565728325962,37.50326557615369
5486,데이콤빌딩,0,170,40-429대,-,001,126.96292367413136,37.52399041474134
5487,KT한강로빌딩,0,170,417 대,-,001,126.97019305467705,37.53161319804872
5488,일진빌딩,476,440,560 대,-,001,126.94702683424183,37.54042806079019
5489,길음뉴타운6단지,0,290,875-1구,-,002,127.0216044778276,37.60697594458694
5490,길음뉴타운1단지,0,290,-,-,002,127.02209983039918,37.605753386148976
5491,크레송앞,0,540,481-2 장,-,002,126.87769224196978,37.482936486212
5492,강남자동차매매시장입구,0,680,-,-,002,127.12036985808825,37.469693897967964
5493,청파동입구,0,170,14-94도,-,001,126.97181280068325,37.549558104755185
5494,제일빌딩,0,440,252-5대,-,001,126.95282762666616,37.544281282243084
5495,숙대입구역7번출구,0,170,34-14대,-,001,126.97248340730218,37.54335436439781
5496,삼성아파트앞(연등),0,110,-,-,001,126.97758868610103,37.610816786045795
5497,신관상사,0,230,532-1 도,-,001,127.05466898901484,37.566761903385334
5499,송중초교(연등),0,300,-,-,001,127.03154142790811,37.61649907763444
5500,미아롯데주차장입구,0,300,-,-,002,127.03080456425236,37.615314018065746
5501,미아롯데주차장출구(경보),0,300,94-1학,-,002,127.03096591109608,37.614251554547614
5502,501동삼거리,0,710,-,-,002,127.0906866249408,37.51705790144573
5503,도림교회앞,0,560,35-2학,-,002,126.89815229119397,37.510139785250075
5504,서울숲입구,0,200,656-1043대,-,002,127.04441062886282,37.54439378201236
5505,수양부모협회입구,0,290,-,-,001,127.00210513614397,37.59947918072561
5506,문래자이아파트,0,560,55-16 대,-,002,126.89903967292096,37.51554405198695
5507,가산동한국훼스토,0,540,470-7도,-,001,126.88013147498037,37.4836403269543
5508,도봉파크빌3단지,0,320,-,-,001,127.04942249988333,37.687723238648985
5509,개봉초교앞,0,530,-,-,001,126.8560959444909,37.489989398963694
5510,구로세관앞,7036,540,60-49장,-,002,126.88538465852142,37.47185023134826
5511,웨이브모텔,0,290,402-125대,-,001,127.01059652034539,37.60713211315607
5513,KT도봉지점(연등)2,0,320,683-15학,-,002,127.03743781784355,37.64628781381971
5514,KT도봉지점(연등)1,2964,-,-,-,002,126.87151250446456,37.69163864665624
5515,동일로주유소,0,210,681대,-,001,127.07864510793965,37.56802872971469
5516,신내데시앙정문,0,260,60-3철,-,001,127.10117266347906,37.61083003924534
5517,신도림미래사랑시티,0,530,-,-,002,126.88640861701926,37.508971666010275
5519,연희중앙교회,0,410,200-132 임,-,001,126.93074348324585,37.5702819951403
5520,코끼리약국,0,710,-,-,002,127.0879168555722,37.508178062577
5522,천호초교,0,740,475-33대,-,001,127.13571810768121,37.54840440377255
5523,도림쌍용아파트사거리,0,560,-,-,002,126.89626687773993,37.50868385134414
7567,기룡빌딩앞(연등),-,500,340-45대,-,002,126.84544959128993,37.5305018915992
5525,서울놀이마당앞(연등)2,2009,710,40-1대,-,002,127.09742270056489,37.50845815809655
5526,방통대앞,0,110,-,-,001,127.00218849712687,37.57864802126271
5527,갈현노인복지관입구,0,380,6-1대,-,002,126.9172017967869,37.62494185563352
7568,길동119안전센터,-,740,324-6대,-,001,127.14442860372809,37.540802932554094
7580,방죽마을사거리(연등)1,-,680,236답,-,001,127.10667177681911,37.471529273946096
5530,마곡역,0,500,-,-,001,126.82688322640871,37.55973333025936
5531,내곡중학교,0,-,-,-,001,126.76770507608944,37.647902464742074
5532,도곡역(연등)2,628,680,670 대,-,002,127.0557928353726,37.48962053989607
5533,중화역(연등),3156,260,-,-,001,127.07909628616613,37.60359613352437
5534,대왕중교(연등),1992,680,-,-,001,127.08916098612227,37.484038040787745
5535,CBS앞(연등)1,3819,470,-,-,002,126.87406737616975,37.52701320048108
5536,목동하이페리온1(연등),3101,470,-,-,001,126.87581339708731,37.525881001278385
5537,목동주차장(연등)2,3998,470,-,-,001,126.87601684339819,37.52681998773743
5538,고은초교(연등)1,864,410,315-41대,-,001,126.94302294456618,37.584247534386314
5539,고은초교(연등)2,864,410,161-1 도,-,001,126.94375002553002,37.58443164656943
5540,상사마을(연등),4936,500,426-3 구,-,002,126.79840829284659,37.58209200689861
5541,수협야채동직판장(연등),5270,500,-,-,001,126.82191468876452,37.55648849252238
5542,청원파크빌,3457,230,2-17도,-,001,127.06264984447498,37.56749469770905
5543,동자초교(연등)2,2380,210,520-1도,-,001,127.07334807783035,37.533903103894225
5544,독산동골프장,1317,540,-,-,001,126.89870682691082,37.4594913807612
5545,북서울농협삼양,-,300,56-145대,-,001,127.01794519116653,37.62938460653564
5548,당현초교(연등),4329,350,747도,-,002,127.06071066741319,37.648660897326714
5549,신수동서강빌딩(연등),929,440,1-1학,-,001,126.93842102284837,37.54991231441654
5551,공단우체국(연등)2,1384,530,1103-11천,-,001,126.89958728621171,37.483276090725184
5553,쌍문초교후문,4144,320,281-33대,-,002,127.02468045452729,37.647896685446604
5554,연희IC(연등)2,370,410,131-1대,-,001,126.9289246470902,37.56424126457439
5555,방화5단지(연등),2998,500,-,-,002,126.8125770665461,37.5770743754959
5556,신도림우성아파트(연등)2,1509,530,-,-,002,126.88446186114342,37.51091376527751
5557,연신초교삼거리(연등)2,5,380,-,-,001,126.92911377767238,37.62662853036484
5558,신림2교(연등),1266,620,-,-,001,126.93665184726417,37.47674689633029
5559,SK씨티아파트(연등),4239,300,-,-,001,127.01673159153196,37.620082583095716
5560,관악산주공아파트2단지앞(연등),5477,620,-,-,001,126.91905460265308,37.4613333687502
5561,창원초교(연등)2,2958,320,262-21대,-,001,127.0438857939522,37.651381607935036
5562,녹번초교(연등),707,380,141-62대,-,001,126.92423171407499,37.60480178086522
5563,쌍한교(연등)2,4231,320,729 대,-,002,127.0289926554185,37.6444847109431
5564,인왕아파트(연등),330,410,-,-,001,126.94822859154417,37.58501109394742
5565,거리공원오거리(연등),454,530,-,-,001,126.89388422435545,37.497886866206784
5566,청량리민자역사앞,0,230,-,-,001,127.04680175009864,37.58138965295302
5568,구암지구대(연등)1,1284,620,1718 대,-,001,126.94423386583613,37.48674753021428
5569,대우한강베네시티(연등),5378,740,362-3 대,-,001,127.12624590496016,37.54073171616521
5570,대림우성아파트(연등),1635,590,551-8도,-,001,126.9114914472932,37.495429404383344
5571,기상청입구(연등),1633,560,4143 대,-,001,126.91638023605744,37.49697630171741
5572,유니골프클럽(연등),5398,440,-,-,002,126.92156723885252,37.54516703990023
5573,번동파출소,4186,290,311-23도,-,001,127.0478357472474,37.623176030203034
5574,월곡3동삼성래미안(연등)2,3665,290,-,-,002,127.03588065283806,37.60927690273746
5575,롯데캐슬헤론(연등),5457,650,1128도,-,002,126.98522937737552,37.49756389783524
5576,성북초교후문,0,290,2-12대,-,001,126.99920343176309,37.594192711745855
5577,응암푸르지오,-,380,-,-,002,126.92529918648226,37.59823104738392
5578,훼미리약국(연등),1545,530,253-129학,-,002,126.8486937889877,37.502397952873544
5579,광진교남단(연등),5377,740,333-9대,-,001,127.12300915561921,37.54172258696436
5580,신내진로아파트(연등)2,3257,260,718-1 잡,-,002,127.09377260014651,37.61541946927724
5581,서강한진해모로아파트(연등),5438,440,444 대,-,001,126.92856588336694,37.54562580268564
5582,홍은IC진입로(연등),861,410,-,-,001,126.94802293323318,37.594001446359364
7499,포이초교,-,680,656 대,-,002,127.05297527866387,37.47536290514872
5584,대원주유소(연등),1576,530,-,-,001,126.85648012762704,37.486001285128715
5585,방패교육대,-,380,329-7전,-,001,126.93754498909503,37.64790742073422
5586,마포자이아파트(연등),1888,440,139-48대,-,002,126.9455530873662,37.54449528374967
5587,가산동한국훼스토(연등),5507,540,-,-,002,126.88076877929308,37.48227098613117
5588,세종대로사거리(연등)1,535,110,-,-,001,126.97566307214805,37.57011503119886
5589,서울경찰청,711,110,-,-,002,126.97271391098707,37.57406702738445
5591,삼성아파트앞,5496,110,-,-,001,126.9783767138494,37.611134016686435
5592,신도림미래사랑시티(연등),5517,530,-,-,002,126.88699512309798,37.50942278149515
5593,신당초교후문(연등),3918,140,230-3대,-,002,127.02431799592391,37.56410825662312
5594,국립극장앞(연등)1,650,140,-,-,001,127.00104703044285,37.55159432851648
5595,국립극장앞(연등)2,650,140,-,-,001,127.00168434723777,37.552088300752345
5596,퇴계로4가(연등),624,140,-,-,001,126.99844412050857,37.56300607716828
5597,신용산초교(연등)1,2677,170,-,-,002,126.97452453399579,37.51972721824059
5598,신용산아파트(연등)2,2674,170,-,-,002,126.96870764714504,37.521321570603135
5599,신용산아파트,2674,170,-,-,002,126.9696287500497,37.52119824285487
5600,철도정비창(연등)2,2664,170,-,-,002,126.95690713039987,37.532547095555366
5601,법원후문(연등),1043,650,-,-,001,127.0130026277359,37.49673516280329
5602,송파경찰서(연등)2,2110,710,-,-,001,127.12921459171716,37.501266801424165
5603,둔촌동역(연등),2205,740,-,-,002,127.13521600014808,37.52919046230086
5604,문정1동주민센터(연등)2,2308,710,134-19도,-,002,127.12517633491757,37.490934065953944
5605,천호삼성아파트(연등),2303,740,-,-,002,127.13616584809637,37.539058091883476
5606,양천빌딩,3883,470,-,-,002,126.83827760271143,37.51672873755088
5607,백련산파크자이101동,0,380,220-4대,-,002,126.92128464506558,37.59339587168088
5608,대방대림아파트(연등),1628,590,-,-,002,126.92526604984458,37.508812890242346
5609,구로디지털단지역(연등),1314,530,1119도,-,002,126.90180318613717,37.48475340187154
5610,양남사거리(연등),102,560,15-1 대,-,001,126.88778464730902,37.522608459989
5611,거리공원입구,1428,530,646 대,-,001,126.88548787440541,37.5070606596483
6664,서대문소방서(경보),742,410,-,-,001,126.93473533763034,37.57168150445679
6665,장원고시원(경보),-,410,20-5 도,-,002,126.96383193064287,37.56446433583808
6669,신연중(연등),-,410,-,-,002,126.93912069315144,37.583903448000726
6679,동부센트레빌아파트입구1(경보),-,410,-,-,001,126.96355301204856,37.56693868016456
6684,서울여자간호대입구(연등),-,410,-,-,001,126.94877247347736,37.59552504885146
6698,증미역(연등)2,2887,500,-,-,002,126.86318147678385,37.55580496798941
6701,목동아파트304동앞(경보),-,470,-,-,002,126.87444520902429,37.535973290538266
6702,목동아파트3단지입구,-,470,758-3학,-,001,126.86981159360714,37.53405464168512
6705,화곡고등학교,-,500,710-43대,-,002,126.83256258990272,37.54845319043631
6707,영일어린이공원,-,560,-,-,002,126.90454772616712,37.51006570531541
6714,삼성동센트럴아이파크(연등)1,-,680,53-2 대,-,001,127.05176910399229,37.515964684088814
6717,잠실파크리오107동(연등),5952,710,17-1 학,-,001,127.10449743302306,37.51992468786549
6725,남부고용노동지청앞(연등)1,4946,560,-,-,002,126.88842627502044,37.52528429741423
6731,천왕연지타운1단지(연등),6730,530,-,-,002,126.83967184234153,37.487931077470236
6732,번영기업,-,530,-,-,001,126.84321010592323,37.48262552027663
6737,길훈아파트앞(경보),-,470,-,-,002,126.8316067470761,37.523865784147226
6739,양천구청(연등),3811,470,320-2도,-,001,126.8673675932315,37.516800766165844
6742,목동아파트1407동앞(경보),-,470,296-42도,-,002,126.87145121650154,37.51655666399057
6743,신강초교(경보2),-,470,-,-,002,126.84204868751738,37.52559752212417
6744,지향초교입구(경보),-,470,-,-,002,126.83847898799507,37.51252293177164
6746,정목초교진입로(경보),-,470,-,-,002,126.86917702294608,37.5366721566053
6748,목동부영그린타운(연등)2,3826,470,-,-,001,126.88072653567578,37.53570948057912
6750,방송회관(연등),259,470,-,-,001,126.87102118097337,37.526610680448464
6752,오류1철도건널목(경보),-,530,-,-,001,126.83557411599183,37.48885279385902
6764,반포IC하단,-,650,731-22대,-,001,127.0192494221213,37.50281509080497
6767,코엑스서문(연등),2067,680,159 대,-,001,127.05795556553039,37.510487515102355
6770,오목교위(경보),-,470,-,-,001,126.87813321499607,37.524185068830135
6771,목1219동,-,470,327-3도,-,002,126.86344161204252,37.51311978465998
6775,광문고교(연등),2238,740,-,-,001,127.15680987421986,37.55964536162888
6780,양천도서관(연등)1,3834,470,903-6도,-,001,126.87550415986428,37.53319142472803
6667,경기대학교후문(경보),-,410,-,-,002,126.96152083131878,37.564009243424145
6668,경기학원(경보),-,410,261 대,-,002,126.9620971021767,37.563065708445265
6672,홍은중앙로8길(경보),-,410,11-542대,-,002,126.94770321612252,37.599128163719136
6675,남양아파트앞(경보),-,410,산11-1임,-,002,126.93833597517394,37.58929137904666
6689,공항시장(연등),3011,500,598-66대,-,002,126.81124859409093,37.56437915849813
6711,잠실3사거리(연등),482,710,-,-,001,127.0922774633836,37.512573472548986
6716,코스트코(연등),1160,650,-,-,001,127.03551363055385,37.463233683497116
6718,초이주유소,-,740,188공,-,001,127.16702732527597,37.544370418729834
6724,둔치주차장(연등)1,1909,560,-,-,001,126.9125181550456,37.534029324337354
6757,구로1교(연등),1477,530,-,-,001,126.89746369073146,37.487313259793325
6772,계남초교(연등),1952,470,-,-,002,126.86002655969622,37.511789360866686
6779,탑성마을(연등),-,650,-,-,001,127.05430714256825,37.459762284794685
6781,북가좌삼거리(연등),364,410,-,-,001,126.90721617477861,37.57544522462178
6674,홍은교(경보),-,410,285-23대,-,001,126.94763526241653,37.594100344161546
6697,문래LG아파트정문(연등),2612,560,-,-,001,126.8980830413423,37.51695360408204
6712,복정역(연등),2087,710,626-2답,-,001,127.1276521163011,37.47075906715817
6721,숯내교동측(연등),6112,710,387-1전,-,001,127.11642299282363,37.47928412727701
6722,한남대교남단(연등)1,1690,680,414 대,-,001,127.0191193781354,37.522454946854964
6723,도림고가밑(연등),2615,560,34-1도,-,001,126.8992358231771,37.511251360140264
6730,천왕연지타운1단지,-,530,-,-,001,126.83962594722401,37.48750617334668
6733,하늘숲유치원앞,-,530,-,-,001,126.84244477424038,37.48414296833244
6765,영동중학교,-,650,-,-,001,127.0254989282074,37.46494731635247
6784,짜장궁,-,300,228-44도,-,001,127.02894682164624,37.61657380169357
6687,양천도서관(연등)2,3834,470,-,-,001,126.87684497242088,37.533811170898616
6690,방화2단지(연등)1,2898,500,123잡,-,001,126.8204934414678,37.57394074568263
6691,계남공원(연등),1967,470,-,-,002,126.858999974193,37.510287601821126
6692,감일동,-,710,-,-,-,127.1480040121377,37.50482194831302
6693,삼성129동앞,-,710,-,-,001,127.0959590519757,37.50679960269719
6699,등원초교후문,-,500,709-11도,-,002,126.85047194341792,37.56034192489367
6703,신정역2 3번출구,-,470,1057도,-,001,126.85768357191456,37.52523388984616
6728,문래동현대3차아파트(경보),-,560,-,-,002,126.88413545667484,37.51670842819866
6738,양평교하부,-,470,501천,-,001,126.88491574072705,37.53888575444455
6741,신월감나무식당앞(경보),-,470,-,-,002,126.83601195376883,37.52795029931535
6745,신서초교정문(연등)2,3958,470,-,-,002,126.86307853344299,37.52050521332636
6753,항리3철도건널목(경보),-,530,-,-,001,126.81922612630727,37.47695203130812
6769,목동운동장북문(경보),-,470,-,-,001,126.88196446986787,37.53185336048891
6773,강동구청(연등)1,2298,740,-,-,001,127.12183664670084,37.53042487448002
6783,솔샘시장(연등),5404,300,752-4대,-,001,127.01933071485438,37.61986700716581
6660,북아현로14길,-,410,1-320대,-,002,126.95546837463449,37.56260310373953
6661,경남아파트101동,-,410,1-63대,-,002,126.95593385520483,37.56121217068176
6662,e편한세상신촌401동(연등)1,-,410,3-217대,-,002,126.95661255589725,37.55934443643491
6671,인왕산힐스테이트(경보),-,410,산1-1임,-,001,126.95018452738447,37.58624744192331
6676,홍은교회(경보),-,410,455대,-,002,126.94482613249544,37.593743464820946
6677,이화여대입구1(경보),-,410,-,-,002,126.94576576376988,37.558061657402405
6678,동부센트레빌아파트입구2(경보),-,410,192-1도,-,002,126.96213941255797,37.56667014506656
6681,독립문교차로1(경보),-,110,-,-,001,126.96022068469436,37.5726037271331
6682,안산초교앞(경보),-,410,산1-1임,-,001,126.95262261387924,37.57954475573205
6683,안산초교2(경보),-,410,산1-1임,-,001,126.95276167882717,37.57979668600468
6686,DMC두산위브아파트(연등),851,410,742-8대,-,001,126.91522353896808,37.58085579014511
6694,경인고속입구(경보)1,513,560,-,-,001,126.89159743146509,37.530064411246705
6715,삼성동센트럴아이파크(연등),1834,680,111-44 도,-,001,127.05158254209337,37.516285775657146
6704,월촌중(연등),-,470,929대,-,001,126.88118289243256,37.53754962376173
6709,신서초교후문,-,470,1011-1대,-,002,126.86137482122638,37.5203605317665
6719,대림역(연등),1463,530,-,-,001,126.89516853380432,37.49183542723748
6720,KEB하나은행방배동(연등),1008,650,141-46대,-,001,126.99543188507543,37.48499449691608
6727,우장산휴먼빌아파트,-,500,산60-1공,-,002,126.8433357812988,37.54748841008534
6729,GS홈쇼핑(경보),-,560,-,-,001,126.8905374433462,37.52093264760347
6735,구로디지털단지입구(연등),643,530,-,-,001,126.90027163572016,37.482998257696316
6747,강서초교(연등)2,3974,470,-,-,001,126.84416116643838,37.522495785954526
5915,관악봉성교회,-,620,1717-11 도,-,002,126.95904584933014,37.48634469584403
6754,신트리공원(경보),-,470,-,-,001,126.85626419259059,37.5131592557315
6755,목동로데오(경보),-,470,-,-,002,126.86072907466178,37.52859799240574
6758,사당구립도서관앞,-,590,산32-61임,-,002,126.96718682851183,37.48418753718915
6768,한남대교남단동측,-,680,386 천,-,001,127.01680373484939,37.523555335255
6776,덕수펠리체빌라(경보),-,470,-,-,002,126.83324179410096,37.538374506926125
6778,광진교,-,740,263-1도,-,001,127.12037068374752,37.542578056263764
6782,새일호자동차공업사,-,200,231-1장,-,001,127.05964464141837,37.53533231201356
6663,이화여대입구(경보),-,410,16-6철,-,002,126.94584979052114,37.55734822896159
6666,경기대학교정문(경보),-,410,27-1대,-,002,126.96277799240782,37.56471014059648
6670,홍제2동주민센터(경보),-,410,산10-9임,-,001,126.94940774446705,37.585914702377664
6673,홍전교(경보),-,410,-,-,002,126.94681791794483,37.59554293300135
6680,독립문교차로2(경보),-,410,-,-,001,126.96021601296081,37.57181161693691
6685,홍전교2(경보),-,410,11-419대,-,002,126.94649278406234,37.59614976958561
6688,신서초교정문(연등)1,3958,470,-,-,002,126.86241077628313,37.52087955013183
6695,청운벽산빌리지,-,110,-,-,001,126.9697274760136,37.59094075216319
6700,서정초교삼거리,-,470,-,-,002,126.86856153358897,37.52397437737125
6710,양천구청역(연등)3,4563,470,328-4도,-,001,126.86765701376862,37.513325111799794
6713,은평어울림1019동앞,-,380,-,-,001,126.91528400505192,37.64455081432428
6726,문래현대6차아파트앞,-,560,43-1도,-,002,126.8845756188632,37.51874451646904
6734,대정주류유통기업앞(경보),-,530,-,-,002,126.84737732973447,37.48228891729687
6736,신정두산위브101동앞,-,470,1049 대,-,002,126.84473226457783,37.519372721895415
6762,잠수교남단(연등),6074,650,-,-,001,126.99764140995302,37.5122939712702
6774,강동구청(연등)2,2298,740,-,-,001,127.12406647836039,37.52938585947368
7095,보석빌딩(연등),1778,680,180-24전,-,001,127.04507511231117,37.48417501617397
7245,하늬중학교(연등),7244,500,953답,-,001,126.82038499468284,37.55927381090215
7246,무지개아파트(연등)1,1109,650,1336대,-,001,127.02748275541347,37.48830550361382
7249,수서6단지605동,-,680,85-4 천,-,001,127.10587977160678,37.48640432883233
7250,수서6단지605동(연등),7249,680,247-8 도,-,001,127.1051391026911,37.48645755503426
7254,재활용알뜰장(연등),2184,710,162학,-,001,127.1379817900258,37.49436400732733
7260,강남한양수자인426동앞,-,680,173-1구,-,001,127.11309843985192,37.473699638960206
7729,녹천교동측(연등),-,350,767-1대,-,001,127.05835199291579,37.6453247713192
7738,세검정(연등),-,110,179-1종,-,001,126.95760538484829,37.59965656599102
6847,쌍문1동마을마당,-,320,524-101도,-,002,127.01601736976136,37.654658623774154
7886,마곡레포츠센터,-,500,76-1 답,-,-,126.83260359599863,37.572125320357344
7897,송파푸르지오시티(경보),-,710,320-1답,-,001,127.12141010256236,37.480317094153776
7646,홍은사거리(경보),-,410,444-1대,-,001,126.94097268798626,37.591517620307826
7664,삼성아파트(경보),-,710,146-9대,-,001,127.13973612828897,37.49613360418392
7669,엘스아파트141동 앞(경보),-,710,1-2천,-,001,127.0830111617622,37.516229883133484
7670,오벨리스크(경보),-,710,341-2구,-,001,127.1199496283083,37.47975645317369
7671,올림픽공원R(경보),-,710,88-2 대,-,-,127.12859351647415,37.51190543396007
7677,장지교(경보),-,710,842 대,-,001,127.12783368284045,37.47645249688673
7684,강일지구11단지(경보),-,740,-,-,001,127.17963197773517,37.56276839398222
7691,초이동(경보),-,740,198전,-,-,127.16209223776053,37.54225028631332
7701,성내2치안센터(경보),-,740,57-12대,-,002,127.12449544402742,37.535047324193435
7703,성내중학교(경보),-,740,502-11대,-,002,127.13054200483973,37.52922000384994
7040,대륭테크노17차(연등)1,-,540,336-22대,-,001,126.88671207849673,37.468834738882556
6796,신내우디안220동,-,260,230-8 과,-,001,127.11233707755163,37.61610498630257
7757,조선호텔앞(연등),5257,140,63대,-,001,126.9797303290471,37.56367156688938
6807,고척교서단,-,530,60-10임,-,001,126.86887263468194,37.499534196925644
6790,은광교회,-,290,산28-6 공,-,001,127.04303680534325,37.618002208949505
6837,양천구청옆(경보),-,470,314대,-,002,126.86682830923307,37.51753410262935
6840,양화교밑(연등),4488,470,10-8천,-,001,126.87930341002995,37.5469018749456
7024,푸르지오시티(연등)2,6930,680,산12-1임,-,001,127.10446307415056,37.47496380805309
7027,강동도서관(연등)1,2316,740,95-3도,-,002,127.14629336627266,37.538392308729485
7594,상원중(연등)2,-,350,995대,-,002,127.05851691701535,37.67093508287547
7034,에쓰오일(연등),1876,540,893-1 공,-,001,126.90336068318892,37.45009922548312
7042,온곡초교(연등)1,4377,350,산145-10임,-,001,127.06667816799326,37.66750504332028
7595,다산교(청계7가)(연등)1？,-,-,-,-,-,126.86234598620592,37.65335450295869
7596,금남시장(연등)1,-,200,759-1 도,-,001,127.02200705228158,37.54822568556077
7598,광운대입구(연등),-,290,466 학,-,-,127.05661316596036,37.61695281371944
7618,독립문삼호아파트(연등),-,410,82 대,-,001,126.95897823258898,37.57162225337424
7630,무교동사거리(연등),-,110,188 대,-,002,126.97929776242702,37.56927782468331
7640,505동앞,-,710,-,-,001,127.09157180342561,37.51453034425183
7759,창전삼거리(연등)2,-,440,56-92대,-,001,126.93300146334307,37.55099025734196
7768,난향새마을금고앞,-,620,655-29대,-,001,126.91993273541178,37.4656902523847
7769,레이크빌빌딩,-,710,30-6대,-,001,127.10557722739543,37.507048410204995
7644,홍은교회1(경보),-,410,455대,-,002,126.94485688672896,37.593489983750125
6829,디지털미디어시티(연등),5324,440,1049철,-,001,126.8916635021018,37.57931981661586
6833,신정네거리역(연등)2,104,470,967-18대,-,001,126.85289382807134,37.52022713864613
6855,월계꿈의숲SK뷰(경보),-,350,산117-1임,-,002,127.0525245583484,37.62212283523328
6994,서울대교수아파트(연등)2,1306,620,738-52천,-,001,126.95776267797226,37.46676597603821
7005,박미삼거리(연등)2,266,540,897-3대,-,001,126.90383982158072,37.448688905645405
7008,국민은행남성(연등)1,1013,590,169-8대,-,001,126.97090595892459,37.48477542320185
7010,세종마을음식문화거리(경보),-,110,63-1대,-,002,126.96928127010433,37.577110619360376
7022,자곡래미안(연등),6929,680,산39-3임,-,001,127.09462537512309,37.47208717580318
7032,조원아파트사거리(연등),1383,620,696-50대,-,001,126.90850696759699,37.48372429272742
7046,용강동(연등),919,440,660대,-,002,126.9427134758103,37.541925216319996
7050,굴다리입구(연등),756,410,134 학,-,001,126.94040264113767,37.55994460751304
7052,반포힐스테이트(연등),5926,650,18-1 대,-,001,126.99659709030414,37.50003691648994
7064,서울놀이마당앞(연등)1,2009,710,27대,-,001,127.09660398500662,37.51005208393793
7071,당산한양아파트(연등),2594,560,10-21도,-,001,126.90253799860616,37.52534087086752
7082,마포푸르지오212동앞(연등),6861,440,790 도,-,001,126.95376431134767,37.553940040930485
7087,삼성본관,-,140,5-5도,-,001,126.97633419388534,37.56248367939026
7098,미사강변5단지,-,740,-,-,001,127.17932083201183,37.567849908487666
7100,마곡유치원,-,500,734-7 도,-,002,126.81827293788692,37.569069659194035
7102,구로자원순환센터,-,530,산23-2임,-,001,126.82702294040196,37.48331164269601
7107,묘곡초교(연등)1,2237,740,629-7대,-,002,127.15244595143703,37.55886013263809
7108,묘곡초교(연등)2,2237,740,565임,-,001,127.15141064157135,37.56024894045043
7110,공진중(연등)1,2976,500,1469-3도,-,001,126.84983619567289,37.56583436555042
7111,마곡2단지,-,500,876 대,-,002,126.82080445081439,37.5687784814044
7115,구반포치안센터,-,650,2-1 대,-,002,126.99454610660591,37.504255608268686
7116,두무개삼거리(연등)1,134,170,139 도,-,001,127.00673659836336,37.53038626757653
7117,두무개삼거리(연등)2,134,170,139 도,-,001,127.00734605463593,37.53025542833182
7121,을지로4가(연등)4,367,140,189-8대,-,001,126.99750130476521,37.56660925123852
7122,경인빌딩,-,500,943-5도,-,002,126.86015138703827,37.531991139254075
7124,레이크호텔(연등)2,5304,710,32공,-,001,127.10269604388179,37.50788478784204
7131,봉천동아아파트(연등),1245,620,126-20대,-,001,126.95432417161547,37.490290017652256
7135,대창빌딩(연등),5406,500,1195-2 유,-,001,126.8165417956494,37.55392181463632
7139,기아대교앞(연등),667,540,954-32대,-,001,126.9031834867314,37.438238918627526
7140,상도래미안328동(연등),5407,590,431 대,-,001,126.95312555829084,37.497886010268545
7142,강동도서관(연등)2,2316,740,102도,-,001,127.1457756858176,37.536696365731764
7145,신월보람아파트(연등),4534,470,359-121 도,-,002,126.83662672462808,37.52996374767562
7149,마천금호어울림1차(연등),2169,710,204 천,-,002,127.15409384572241,37.49674616993767
7150,천일중(연등),2320,740,288-6대,-,001,127.12744046716057,37.545254809207805
7152,수궁동성당(연등)1,4484,530,182-10 대,-,-,126.83029934347205,37.49543576591597
7155,마곡중학교(연등),6885,500,890 대,-,001,126.82176973605104,37.56720059067259
7156,송파성광중앙교회,5682,710,190도,-,001,127.09680302691099,37.50008842990877
7161,독산한신아파트(연등),1415,540,1089학,-,001,126.88732143890445,37.45659932188082
7165,스타밸리(연등),5467,540,121-50도,-,001,126.88598225958961,37.48049333524798
7166,크레송앞(연등)1,5491,540,481-16도,-,002,126.87740970845105,37.483613421000086
7178,샘터근린공원(연등),5996,740,99-2천,-,-,127.15870541659834,37.56301165830622
7181,제이타워웨딩(연등)1,1310,620,533도,-,001,126.910993383976,37.48121108782581
7186,올림픽공원북2문(연등)2,2203,740,434-36대,-,002,127.12917948549752,37.52465976791891
7188,강동경찰서앞(연등)2,2739,740,520-11대,-,001,127.12704483656425,37.52805111864281
7189,나이아가라호텔(연등)1,174,500,163-5대,-,001,126.87916035405108,37.5488861793749
7195,개봉역앞(연등)1,4474,530,178-13대,-,001,126.85806983359109,37.49353415561308
7198,목양침례교회(연등),6939,650,342-3답,-,-,127.05916511607177,37.45350981364994
7587,양천구청역(연등)4,-,470,327-2도,-,001,126.86578116994562,37.512683319540685
7600,당고개입구오거리(연등),-,350,95-377천,-,001,127.07542954612462,37.662766205825875
7601,청계8가(연등)1,-,140,96-11도,-,001,127.02339676413918,37.571448155196585
7604,종로4가(연등)3,-,110,18-3도,-,001,126.99706470150441,37.57069140042135
7605,광교(연등),-,140,64대,-,001,126.98274152176205,37.56870166022397
7616,성복교회(연등)2,-,230,727-24천,-,001,127.07681598715259,37.571741761660675
6804,황외과삼거리(연등),5332,500,662-20도,-,002,126.83673080029943,37.532652915034376
6858,생태공원삼거리,-,710,584도,-,001,127.12265448613694,37.526286508725505
7009,조원초교(연등),5316,620,702-9천,-,001,126.91022709433052,37.4839868822089
7020,자곡사거리(연등),2001,680,340답,-,001,127.10527593204854,37.475235505031016
7025,역삼세무서(연등)2,1744,680,726-10 대,-,-,127.03813174742112,37.49550901583433
7036,구로세관앞(연등),-,540,60-25 장,-,001,126.8848729780328,37.47295832590447
7059,서울의숲입구(연등)2,-,200,668-47대,-,001,127.04281595393397,37.5438878318722
7061,은평롯데몰(연등),6024,380,64-8답,-,002,126.91948121275814,37.63911611214783
7089,예성유토피아앞,-,530,1081-11잡,-,001,126.89942413575203,37.48600658577325
7295,신한은행방학(연등),4395,320,726-83 도,-,001,127.03613563689402,37.6627403070101
7296,안암오거리(연등)4,191,230,102-31도,-,001,127.02859280188358,37.58203953050418
7297,연가교(연등),54,410,206-12 도,-,001,126.92060231654263,37.572914365847225
7299,염광여상(연등),3967,350,556대,-,001,127.05269122307844,37.62622893343108
7312,청계문화회관(연등),5697,200,792 대,-,002,127.03582450332684,37.571802665962565
7324,옥수파크힐스111동앞,-,200,309-61 공,-,001,127.01272196085965,37.54864452448645
7405,금호고교,-,200,128-1대,-,001,127.02267108532348,37.553281959770565
7409,구파발역(연등),-,380,62-7전,-,001,126.9188000959096,37.63734927307079
7417,청계산SH710동앞(연등),-,650,347-1 전,-,001,127.0561590355297,37.4480757252427
7420,항동지구,-,530,81-1 공,-,001,126.82244443330573,37.47979899434765
7453,H비즈니스파크,-,710,150대,-,001,127.11596447250906,37.48463336614664
7459,공항고등학교,-,500,863-1대,-,001,126.81937275922263,37.57019876994325
7460,신림고,-,620,1707공,-,001,126.91781724352349,37.47805776673196
7464,신도림우성아파트(연등)3,-,530,12-1도,-,001,126.88595446097433,37.51285739950439
7725,광진우체국(연등),-,210,209-50대,-,001,127.09067500661683,37.538075449690524
7727,길음역(연등)1,-,290,997대,-,001,127.02488710425553,37.60465261255494
7731,도봉세무서(연등),-,300,228-44도,-,001,127.02906403785369,37.61898980716042
7735,성신여대입구역(연등)2,-,290,213-1대,-,002,127.0166241954695,37.592038639326255
7736,숭인시장(연등),-,300,860-128 도,-,001,127.0300690366176,37.61323236058523
7739,안암오거리(연등)1,-,290,1-10도,-,001,127.02954137243528,37.58308768708995
7745,이문우체국(연등),-,230,256-231대,-,001,127.06194632496016,37.59981340144527
7747,후암삼거리(연등),-,170,205-4공,-,001,126.97653783004141,37.552977568036695
7751,내곡중학교,-,650,456-1전,-,002,127.05411793251197,37.451778260652056
7752,압구정현대1차아파트(경보),-,680,372천,-,001,127.02711123072096,37.532160064494114
6803,백경한의원(연등),-,470,967-6대,-,001,126.8347216233039,37.52051572370094
6805,방화3동성당(연등)2,-,500,85잡,-,001,126.81999859044369,37.57590071786021
6826,청암고교(연등),3650,350,370도,-,001,127.07356177432916,37.65242694367194
7084,아크로리버파크입구,-,650,115-2제,-,002,126.99374203960025,37.50536388462369
7128,문창초교(연등),1688,590,632-57대,-,001,126.91279185597323,37.48755285353177
7138,여의도광장(연등),1902,560,2 공,-,001,126.92633746824684,37.526492335216865
7147,마천청소년센터(연등),2172,710,211-83 천,-,002,127.1561372360893,37.492872890385534
7151,천호중(연등),2326,740,18-18대,-,002,127.13846102906335,37.54578501852522
7162,말미사거리(연등),140,540,1013-8대,-,001,126.89861295849076,37.46650647734118
7176,현대시장입구(연등)3,1226,620,888-15대,-,-,126.94634037389626,37.482269856862466
7179,여의나루역(연등),595,560,3도,-,002,126.93159561638896,37.526269784901274
7187,장지동주민센터앞(연등),4782,710,2-5철,-,001,127.13257596558647,37.48727353969208
7190,나이아가라호텔(연등)2,174,500,163-7제,-,001,126.8780699624361,37.5489637527351
7192,지식산업센터,1393,540,371-17장,-,001,126.88135190493301,37.47474387248816
7202,영등포소방서(연등)1,5934,560,7-1도,-,001,126.90345240774668,37.51825401884488
7204,구로세무서(연등),2597,560,442 대,-,001,126.9023421494423,37.51493966804788
7209,대림1동새마을금고(연등)1,1482,560,906-35도,-,001,126.90486920886283,37.493860249978646
7211,거리공원입구오거리(연등)3,454,560,641-2제,-,001,126.89341083026787,37.50217269241469
7212,한미은행양재(연등),5282,650,958-20 도,-,001,127.03291405427083,37.486825849411005
7214,신동초교정문(연등),1066,650,52대,-,001,127.01283296807132,37.51579446406905
7216,롯데캐슬갤럭시1차아파트(연등)2,3445,650,406 대,-,002,127.01689016273967,37.52114516125162
7217,방원중학교(연등),3000,500,816대,-,001,126.80964436235688,37.57626551341974
7218,개화육갑문(연등),6348,500,3-3천,-,-,126.81979023416984,37.5847227030719
7219,반원초교(연등),4670,650,71-10학,-,002,127.00426069876322,37.50884311827223
7221,둔치주차장(연등)2,1909,560,81-6천,-,002,126.91415962357156,37.53391388063045
7225,관악소방서(연등)3,1250,620,1605-40대,-,001,126.95290089885867,37.47455894827079
7231,언남초교앞(연등),6937,650,335답,-,001,127.05958373314515,37.45515817341146
7232,서초더샵1단지앞(연등)1,-,650,산29-1임,-,001,127.0631955831151,37.45442444029328
7234,중화지구대,-,260,352-2천,-,001,127.07198630074991,37.59814125434185
7242,드림요양병원,-,710,40-9대,-,001,127.12204780017821,37.496434842158855
7252,수서6단지607동(연등),7251,680,713-3 도,-,001,127.10381342393703,37.48649737389934
7259,래미안포레301동앞,-,680,77답,-,001,127.11071014438531,37.47341921257758
7265,청계산역,-,650,271-1답,-,001,127.0548260361021,37.44816553614819
7281,남산도서관(연등),1137,170,산1-16임,-,001,126.98205312843956,37.55221355048323
7282,대경상고(연등),2510,200,36-235임,-,001,127.01992822333739,37.55612659522825
7285,동원중교(연등)1,3284,260,256-3 전,-,002,127.10678299244759,37.60462593880953
7289,상계주공5단지,3897,350,720대,-,002,127.0641499980874,37.65210409391029
7294,수유3동우체국(연등),2967,300,142-17도,-,001,127.0301750444375,37.642259479825434
7300,용산역앞(연등),380,170,40-999철,-,001,126.96435811937387,37.527031975604295
7306,응암초교(연등),855,380,397-296 도,-,001,126.9191085109759,37.58864283689309
7307,이조빌라(연등)2,886,440,446-282대,-,002,126.92020750486746,37.564390466166145
7314,팔복기사식당(연등),6960,410,124-380대,-,-,126.9183399462241,37.56884159429924
7315,한양대앞(연등)1,95,200,309-129대,-,001,127.04199886378885,37.55752796252401
7320,홍파복지원(연등),4299,350,1264대,-,001,127.05536740153245,37.67973853527521
7349,금호래미안아파트앞(경보),-,200,617-11구,-,001,127.02380561921083,37.55221788591365
7352,파크랜드앞(경보),-,260,109-73대,-,002,127.08837776684352,37.58359388732679
7354,고척119안전센터,-,530,산5-1 공,-,001,126.8549818772424,37.504781701455116
7359,방이119안전센터,-,710,-,-,001,127.13689361445493,37.5200553906015
7376,상봉한신아파트(경보),-,260,158-53대,-,002,127.0831780433004,37.59662507062649
7382,미아롯데캐슬,-,300,산25-1묘,-,001,127.03498094806275,37.6168343350611
7608,홍제역(연등),-,410,260-43대,-,001,126.9446488305271,37.588400297550244
7612,이태원입구(연등),-,170,193-32대,-,001,126.98888187380062,37.534178949167504
7615,신석초교(연등),-,440,44-1대,-,001,126.9384036155319,37.54397040158453
7085,아크로리버파크105동앞,-,650,115-5천,-,002,126.99282639469543,37.50677572942494
7091,노원자동차검사소(연등),4055,350,256-5대,-,001,127.07380032381316,37.638065234625884
7013,돈암초교,-,290,609-1 대,-,002,127.01263567880352,37.592590851304806
7586,신정역(연등),-,470,1056도,-,001,126.8544954020396,37.524821381090256
7590,방화2단지(연등)2,-,500,139 잡,-,001,126.8204156409372,37.57512145780887
7383,중곡역(연등),-,210,606-1도,-,001,127.08526159743106,37.5676496010323
7387,롯데마트서울역(연등),-,170,128-104대,-,001,126.96780467428526,37.55491940469648
7392,북성초교앞,-,410,176-68도,-,001,126.95356351273679,37.55908653664639
7393,북성초교앞(연등)1,-,410,176-95대,-,001,126.95298404427811,37.558817169505886
7394,북성초교앞(연등)2,-,410,176-193대,-,002,126.95464498768487,37.55862543314212
7395,아현중앙교회,-,410,173-51대,-,001,126.95192539264957,37.55771624068351
7396,아현중앙교회(연등),-,410,175철,-,001,126.95190472626832,37.55817998581427
7428,관악성모의원(연등)1,-,620,979-7도,-,002,126.94213595848106,37.47936327743873
7452,서울과학전시관,-,620,244-1도,-,-,126.95838902597922,37.47151080851049
7483,양화대교북단램프3,-,440,407도,-,002,126.90807556225158,37.54691386087424
7485,외환은행정릉(연등),-,290,976-4 대,-,001,127.00821253334327,37.61217437988159
7487,현대마트,-,260,250-23대,-,001,127.07740744999845,37.60333938826481
7489,양계농협장위,-,290,300-5대,-,001,127.04673007642657,37.61837591105006
7493,수서IC,-,680,508유,-,001,127.09936288495912,37.493051151481495
7498,더하우스소호,-,560,14-24대,-,001,126.91872226334868,37.52652770922795
7505,마포대교북단램프1(연등),-,440,58대,-,001,126.94282533874004,37.53774603708075
7518,강남데시앙포레113동,-,680,749 공,-,001,127.09216859125122,37.48134394362281
7527,아이파크101동앞,-,710,420임,-,001,127.14164554789731,37.47746216627603
7530,한국후지필름,-,540,1-29 대,-,001,126.87973494889431,37.48460138335159
7552,서울창포원,-,320,-,-,-,127.04938902560785,37.68955120100145
7558,쌍용자동차서비스(연등)1,67,530,496-128도,-,001,126.88247394012252,37.50032492070352
7560,강남운전면허시험장(연등),-,680,186-5천,-,002,127.06771501808362,37.508159178572804
7565,시몬스논현,-,680,279-37 도,-,001,127.02894034816359,37.5179101918625
7566,국제기술학교(연등),-,680,279-37 도,-,001,127.02995735752543,37.515745739844945
7569,남도전기(연등),-,620,1703대,-,001,126.95498832054494,37.48587859904019
7571,수서신혼희망타운입구(연등),-,680,24-10 도,-,001,127.11050916649607,37.476914625957754
7572,동부기술교육원입구,-,740,산13-1도,-,001,127.14598344902267,37.55474448325883
7576,문정시영아파트(연등)1,-,710,185공,-,001,127.13460054036688,37.491409877608795
7579,반포주공66동(연등)1,-,650,1329도,-,001,126.98631983401707,37.50247787911901
7585,송학빌딩(연등),2155,710,산24임,-,001,127.14318642767245,37.50039116057765
7641,KT도봉지점(연등)1,2964,320,703-4도,-,002,127.03433408562748,37.64620198278321
7723,흑석동부센트레빌2차(연등)2,-,590,86 학,-,002,126.96021700575811,37.5010882311711
7749,청계산SH6단지,-,650,469-4 전,-,002,127.05402560105308,37.45024867895715
7771,사당역(경보),-,650,499-1도,-,001,126.98285695591949,37.476585468114436
7778,올림픽공원R(경보),-,710,88-2 대,-,001,127.12855755732333,37.51190709462997
7780,-,-,410,139대,-,-,126.96239706291097,37.559192342648394
7783,정릉쌍용아파트(연등),-,290,-,-,001,127.01851586849388,37.599103671743556
7785,삼양동주민센터(연등)2,-,300,225-37도,-,001,127.01814948920828,37.6270047333252
7788,월드컵파크8단지입구,-,440,1660 대,-,002,126.88216853721919,37.578550773416296
7792,아현스포렉스,-,440,134-16대,-,002,126.95583614730837,37.55549475387682
7794,강남중학교앞,-,560,855대,-,001,126.92143654601294,37.50283367289946
7806,미래초교(연등)2,-,530,1267대,-,001,126.88885952301628,37.50338192647263
7807,반포쇼핑타운(연등),-,650,-,-,001,127.00479096535582,37.50613968662477
7818,이수교차로(연등),-,650,813대,-,001,126.9855599190879,37.50035873402491
7819,전기공제회관(연등),-,680,279 도,-,001,127.02025361257424,37.51382007595379
7821,제2롯데월드(연등)2,-,710,11-9대,-,001,127.10385030927927,37.51429869647319
7823,신화교(연등),-,620,808-398 천,-,001,126.93634244312003,37.475385452548494
7825,충무교(연등),-,620,406-86 도,-,001,126.93527707096908,37.47450924292982
7827,화랑교(연등)1,-,620,103-264대,-,001,126.93891302359788,37.470571767074674
7829,화랑교(연등)3,-,620,102-113 대,-,001,126.93977414718647,37.47073760616996
7835,정릉쌍용아파트(경보),-,290,16-186대,-,001,127.01748475301875,37.59949677362576
7836,양평삼호아파트앞,-,560,78-15대,-,001,126.89347204470229,37.52839420837499
7838,바디프랜드(경보),-,680,423-3 대,-,002,127.04412289258269,37.48107101125507
7384,북가좌사거리(연등),-,410,339-19도,-,002,126.9127895656098,37.58279604430829
7062,문현초등학교(연등)2,5955,710,849 대,-,001,127.13145417223147,37.48158560325888
7588,외교센터앞(연등),-,650,1356-1 학,-,001,127.02971596894625,37.4846157557068
7845,동양파라곤(경보),-,680,110-16 대,-,002,127.03849353693201,37.515579458313766
7846,영동대교남단(경보),-,680,825-1천,-,001,127.05554369147218,37.52558211549158
7854,율현동 333번지(경보),-,680,산35-2임,-,002,127.10408187032203,37.46905253688663
7855,다니엘학교입구(경보),-,650,1-71 도,-,002,127.09006058264768,37.46155971526135
7860,어린이병원입구,-,650,산12-461 도,-,001,127.0705305959957,37.45692224817254
7866,래미안루체하임아파트앞,-,680,620-10 대,-,001,127.08110060015306,37.4902490021085
7876,강남운전면허시험장(경보),-,680,186-4천,-,002,127.06728122515456,37.5075668080749
7877,영동3교북단(경보),-,680,467-7 대,-,001,127.05109593197854,37.48598301065342
7043,흑석동부센트레빌2차(연등)1,-,590,86 학,-,002,126.96015246145215,37.50136578992833
6846,성북물류센타앞(경보),-,350,85-7 철,-,002,127.06506136793071,37.6169402494678
7014,강남운전면허시험장,-,680,78-25천,-,002,127.06737636471036,37.50731023123325
7329,우리은행장위(연등),3746,290,219-242도,-,002,127.04332209426983,37.613917943110486
7330,쌍한교(연등)3,4231,320,388-33대,-,002,127.02963396875066,37.64411105014105
7331,한성대입구역(연등)1,562,290,140-1학,-,002,127.00665240002307,37.58816661885991
7334,강동구청역 (연등),2179,740,107-6대,-,001,127.12108915138533,37.53061075020931
7335,세곡동주민센터앞,-,680,222답,-,001,127.1080206267531,37.46904342791686
7341,꽃동산교회(경보),-,350,-,-,002,127.07434279208317,37.62949835962235
7342,한성대학교우촌관(경보),-,290,30-4학,-,002,127.01112428492014,37.58320083490666
7346,대륭테크노타운1차앞,-,540,343-2도,-,001,126.88347514784482,37.46992966068096
7353,목동119안전센터,-,470,4-1천,-,001,126.88395178092647,37.54283875220612
7377,구남초교(연등)2,980,210,588도,-,001,127.09369185737106,37.5368147943053
7492,반포종합사회복지관,-,650,61-6학,-,001,127.01057425393341,37.510326742102585
7494,위례24단지정문사거리,-,710,393임,-,001,127.14092523115292,37.475380973823455
7497,힐스테이트송파위례,-,710,497 임,-,001,127.14174733033026,37.4790370968473
7538,녹번119안전센터,-,380,21-134대,-,001,126.93483966676553,37.60094156354887
7548,당현초교후문,-,350,744도,-,002,127.05808791332012,37.64806107424516
7619,유화유치원(연등),-,320,271-6 도,-,001,127.02765466609115,37.66075676798018
7622,정부서울청사입구(연등),-,110,-,-,-,126.97622143790534,37.575284660205384
7847,청담자이(경보),-,680,340천,-,002,127.05674889427078,37.522867329069285
7851,테헤란아이파크103동앞(경보),-,680,697-11 대,-,002,127.04612112303809,37.50258488095461
7861,더케이호텔(경보),-,650,236공,-,001,127.03421937706885,37.46808179842099
7863,타워팰리스(경보),-,680,91 학,-,001,127.0521091708777,37.487257010561436
7864,중동고교(경보),-,680,-,-,001,127.08078090760664,37.494059892890746
7865,도곡대림5동(경보),-,680,산181임,-,001,127.04123323096013,37.48635557792422
7867,타워팰리스3차(경보),-,680,339 도,-,001,127.05337036308657,37.487628640592455
7868,디에이치아너힐즈301동앞,-,680,198 도,-,002,127.06594467920297,37.485176157487125
7869,개포디지털혁신파크,-,680,513-1 도,-,001,127.06433625585011,37.48855517218585
7870,단대부고(경보),-,680,1011-74 도,-,002,127.05538585968645,37.49547609012271
7871,양전초교(경보),-,680,648 천,-,001,127.07082181119851,37.49020988696089
7873,석탑프라자(경보),-,680,12-2 대,-,001,127.07600274856813,37.4930600099266
7874,중산고교(경보),-,680,173-4임,-,002,127.08058553643205,37.484784359201036
7879,구립푸른어린이집(경보),-,680,433-1구,-,002,127.09999451529724,37.47345259981262
7880,래미안대치팰리스113동(경보),-,680,1026 도,-,002,127.05927465387094,37.495720253695026
7883,도곡삼익아파트(경보),-,680,782-9 도,-,001,127.04131793765042,37.49159743022169
7884,하니움(경보),-,680,85-4 천,-,001,127.10685833022801,37.48639518813641
7888,현대아피스,-,210,393-15대,-,-,127.10167880116143,37.54596953877043
7890,전파연구소,-,350,-,-,-,127.1121592318377,37.64129335240961
7893,여의도파크센터,-,560,2 공,-,001,126.91868299627211,37.520441304589895
7899,서울숲자이101동,-,200,155-4 대,-,001,127.03909787376186,37.5544060759982
7900,포레스타 501동 입구(경보),-,650,산12임,-,001,127.05685426907596,37.45086728914132
7901,장지프라자(경보)2,-,710,79-13대,-,001,127.12707084706801,37.47866771447291
7906,대림아크로타워,-,560,121-141 대,-,001,126.90816285939043,37.52391711329911
7909,송파푸르지오103동앞,-,710,428-1도,-,001,127.14009033731905,37.48273173615524
7911,신원프라자아파트,-,530,52-34대,-,001,126.86435246602373,37.49932185803842
7916,마곡센트럴타워,-,500,388답,-,001,126.83326789814332,37.559140329703865
7917,사당역정류장,-,620,493-3천,-,001,126.98182190318988,37.47483302130338
7919,마커스빌딩,-,500,391답,-,002,126.83346661835193,37.56034705019166
7920,경동고정문,-,290,301 대,-,002,127.01547349548093,37.58702154805643
6802,신월초교입구(연등),2922,500,1089-52도,-,001,126.83798660613836,37.54098106617202
6813,토요코인호텔앞,-,140,2-1체,-,001,127.00922565520177,37.5644885850395
6823,금호어울림센터힐(경보),-,290,1276대,-,002,127.02289031407531,37.59982324937792
7380,창원초교(연등)1,-,320,291-41대,-,001,127.04137239704784,37.65229872562439
7381,창전삼거리(연등)1,-,440,1-30철,-,001,126.93261041051936,37.55100841200641
7753,강일9 10단지(연등),-,740,-,-,001,127.17993751099296,37.56195185175679
7925,공덕역10번출구,-,440,14-4도,-,002,126.95316905017651,37.54177608526443
6809,화림빌딩,-,380,43-12구,-,001,126.91530322515342,37.59747060023471
6811,겸재교,-,260,193-1대,-,001,127.07447890630237,37.5854478226479
6812,꿈마루도서관,6812,290,산16-37 임,-,002,127.01352754601311,37.61157378286111
6824,덕암초교(경보),-,350,74-8전,-,002,127.08091429212078,37.666874524873386
6988,청솔우성아파트,-,230,30-1도,-,001,127.05762881174152,37.574880633713526
6989,압구정역(연등)1,155,680,456 대,-,001,127.02829401762837,37.52823951718236
7002,문정중교(연등),2103,710,2공,-,001,127.13155366521526,37.487920965186426
7007,개포도서관(연등),1977,680,156 공,-,001,127.06105251733075,37.48227255149338
7075,올림픽생활관,-,110,126-2 대,-,002,126.99936114162657,37.590318967218046
7088,서울광장,-,140,12-1대,-,001,126.9786723159682,37.56525904561948
7649,502동앞(경보),-,710,1-1천,-,001,127.0910669482979,37.51595124313023
7650,506동앞(경보),-,710,-,-,001,127.09201341219953,37.513320071203026
7654,국민연금관리공단(경보),-,710,7대,-,001,127.10007443959275,37.51586039558249
7655,동풍아트빌(경보),-,710,105-10대,-,002,127.13972279790707,37.50315603083541
7665,서울복합물류 GATE 2(경보),-,710,625 공,-,001,127.12002697200438,37.47587585038137
7666,석촌초등학교(경보),-,710,171-9대,-,002,127.10397530268924,37.5025678209015
7668,신천나들목(경보),-,710,1-2천,-,002,127.07772201329249,37.51777411830373
7687,고덕1PB(경보)1,-,740,670대,-,002,127.1489602376234,37.556319428657055
7688,경희의료원앞(경보),-,740,46-4대,-,002,127.15489250886627,37.55180308687613
7693,다솜어린이공원앞,-,740,666 도,-,001,127.17488746094085,37.568542357067095
7696,서하남IC(경보),-,740,산29-7임,-,001,127.1431405096445,37.517559298136156
7706,주몽학교정문(경보),-,740,산 26-7 공,-,002,127.16326503278593,37.54588524603945
7711,프라이어팰리스(경보),-,740,400 대,-,002,127.13773946671805,37.55353061662744
7717,잠실유수지(경보)2,-,710,310-16대,-,002,127.08085877929491,37.50195154932521
7718,고덕아이파크(경보)2,-,740,500도,-,002,127.15550534882577,37.5603457568248
7844,더청담아트홀(경보),-,680,81-5 대,-,002,127.04357060639664,37.52291927442117
7852,신사동 에이랜드(경보),-,680,426 대,-,002,127.02250230879935,37.52354742796567
7857,양재초교(경보),-,650,산46-2임,-,002,127.0332208637028,37.47400659894242
7859,구룡터널입구(경보),-,650,산13-299임,-,001,127.06935863537896,37.465199378660714
7872,대치삼성아파트(경보),-,680,1011-8 도,-,002,127.05943087694065,37.49719712128316
7881,래미안대치팰리스202동(경보),-,680,1019-10 대,-,002,127.06046365892814,37.49415875656489
7902,망원우체국(연등),-,440,257-8대,-,001,126.90738673992657,37.557902177675516
7913,목동14단지(연등)1,-,470,281-24 도,-,002,126.87166009941029,37.514736507915075
7918,마곡배드민턴장,-,500,74답,-,001,126.83130084815818,37.57265453190704
7924,염리초교후문,-,440,161-7대,-,002,126.94468655678929,37.54207077635537
7340,월계역신도브래뉴(경보),-,350,320-12공,-,002,127.05824659613373,37.62846268680113
7343,초안산쌍용102동(경보),-,350,산24-1임,-,002,127.04473515749176,37.63122846229332
7351,신묵초교입구,-,260,242-3대,-,001,127.07356464779187,37.60617224684062
7648,수유시장앞(경보),-,300,163-2대,-,002,127.02545804985895,37.63018269839275
7651,K마트(경보),-,710,255-7 전,-,001,127.15755433832672,37.49495977878574
7652,가락시장 강동수산(경보),-,710,479대,-,001,127.10990951146009,37.493909077188675
7656,마천역(경보),-,710,191-46대,-,002,127.15222060526798,37.49459892041888
7682,SM베스트빌(경보),-,740,54-7대,-,002,127.13824663289704,37.5392534868848
7689,고덕주공901동앞(경보),-,740,42대,-,002,127.15144305492859,37.5491740326833
7699,상일여중고교(경보),-,740,124대,-,002,127.17087450224241,37.548234496639644
7705,고덕아이파크(경보),-,740,485-4 답,-,-,127.15543525672805,37.560330748774284
7708,중앙하이츠(경보),-,740,산 57 임,-,002,127.16014343921228,37.55014490538187
7713,한영중고교(경보),-,740,산48임,-,002,127.15775641851131,37.5495146968089
7786,수색119안전센터,-,380,396도,-,001,126.88979672255971,37.5849169551949
7787,금호파크힐스,-,200,1-72 수,-,001,127.02123056389445,37.55367733727519
7791,아현스포렉스,-,440,134-16대,-,-,126.95583750100887,37.555501780955076
7795,구로등기소(연등),-,530,646-38제,-,001,126.89230536645438,37.499182312809985
7808,사육신공원(연등),-,590,475-1도,-,001,126.94948752185867,37.51283476727307
7811,신림1교(연등),-,620,88-93도,-,002,126.93165800800294,37.478495631625
7817,양산교(연등),-,620,408-35 도,-,002,126.93365629589194,37.47401252476069
7824,신화교,-,620,107-1도,-,001,126.93672241082177,37.47517593765739
7923,마포도화현대아파트,-,440,155대,-,002,126.95466279837365,37.54113238407658
7364,기타(강서도로사업소권역),-,500,803-25대,-,002,126.86066835183045,37.530503344984425
6849,도봉고등학교(경보),-,320,347대,-,001,127.03992685943513,37.687046840171845
6854,광운전자공고,-,350,산130-2 임,-,002,127.05454127579412,37.620178562867345
6866,광운대,-,350,378-66대,-,001,127.05845272522302,37.620085016361756
7114,동작구청(연등),3458,590,14-37철,-,001,126.94021371246488,37.51154486935694
7542,보문파크뷰,-,290,1-1도,-,002,127.01775331490083,37.58080164273647
7109,송파파인타운5단지,-,710,98-4대,-,001,127.1287903423267,37.48025929956207
7127,경찰병원후문(연등),2145,710,15-17도,-,001,127.12559135055957,37.49804860605278
7130,명덕초교입구(연등),2297,740,산40-3 임,-,001,127.14452708786872,37.55795190900304
7132,우신고후문(연등),1562,530,86-4전,-,002,126.82547538907674,37.49546853305024
7134,우리유앤미아파트(연등)2,5464,530,501-13도,-,001,126.88252905493441,37.497643063955344
7136,낙성대역앞(연등),4494,620,산32-81 임,-,001,126.96374456066195,37.477052020522926
7137,제일제당앞(연등),1431,530,609-23도,-,001,126.8759526533668,37.500468396511366
7146,공진중학교(연등)2,2891,500,33-2대,-,001,126.84918950669315,37.56487632522547
7148,행복한치과(연등),2173,710,211-84천,-,002,127.1549484648743,37.49498915297793
7546,청진상가,-,110,46-21대,-,001,126.98116376535599,37.57021283792462
7180,제이타워웨딩(연등)2,1310,620,539도,-,001,126.90977686949994,37.480988555132534
7185,올림픽공원북2문(연등)1,2203,740,435-1대,-,001,127.12858440707573,37.523799083872525
7549,문래하이테크시티,-,560,16-84도,-,002,126.90045688883306,37.51541782985627
7550,신정교하부,-,560,43-1도,-,002,126.88276491401616,37.51616440491225
7597,청계9가(연등)1,-,200,129-81도,-,001,127.03028739473834,37.56954906411165
7607,청계4가(연등),-,140,51-3도,-,001,126.99797259667439,37.568722413120646
7610,KT한강로빌딩(연등),-,170,2-216철,-,001,126.97064422184648,37.532054905870545
7620,구파발역정류장(연등),-,380,52-27도,-,001,126.91694326148695,37.63645565219559
7621,청계5가(연등),-,110,255-4 학,-,001,127.00202085153859,37.56980122605585
7626,서교동(연등),-,440,206-2대,-,-,126.91965419021598,37.55380956834251
7628,이대역(연등)1,-,440,144-2 학,-,001,126.94491983674112,37.556737821599945
7633,서울YMCA(연등),-,110,283-15 대,-,001,126.98595383711786,37.57020539745276
7636,마곡10단지,-,500,956답,-,001,126.8188100208922,37.55886299729308
7760,데이즈호텔앞,-,140,81-1도,-,001,126.98378046999282,37.56072110328105
7762,남문시장입구(연등)1,1403,540,997-25도,-,001,126.89909044004678,37.471392450582364
7764,성일초교(연등),2314,740,202-18도,-,002,127.12853588436866,37.53104212695957
7069,청백104동앞,-,350,산65-14 임,-,001,127.0523850014344,37.63568047301029
7070,여의도성모병원(연등),1919,560,8-4도,-,001,126.93959720861477,37.51820128150234
7072,서부새생명약국(연등)1,40,380,5-19대,-,001,126.91698691218187,37.60599154089109
7361,예향교회앞(연등),2405,210,453도,-,001,127.08841378737121,37.55496232558223
7624,청계3가(연등),-,140,163대,-,001,126.99240998299375,37.56823490495518
7627,신촌로터리(연등),-,410,30-18도,-,001,126.93609996744568,37.555440201571585
7631,영도교(연등),-,140,200-36대,-,001,127.01912764398752,37.57092189877678
7637,비우당교남측,-,200,93-15 대,-,001,127.02654036545532,37.570557043544035
7777,헌릉로입구(경보),-,650,1-1560답,-,001,127.08300339435763,37.460972935436544
6873,신공덕삼성아파트(연등),915,440,14-91도,-,001,126.95401037808472,37.5425726161471
6875,신도초교앞,-,380,산107-3임,-,002,126.92993001500247,37.63416106768278
6884,마곡캐슬파크,-,500,248-1답,-,001,126.82811373174545,37.568204288097355
6918,길동119안전센터(연등)3,-,740,327-22대,-,001,127.1452082477654,37.54078690981413
6933,우솔초등학교,-,650,428답,-,001,127.01917681362073,37.45639482250097
6943,세곡LH1단지앞,-,680,산33임,-,002,127.10174911235566,37.467023167291515
6945,불광롯데캐슬입구,-,380,11-24도,-,001,126.93208015702245,37.61350638789312
6949,정부서울청사(연등),678,110,1-1 사,-,001,126.97353139167224,37.57579734666483
6954,구파발검문소앞,-,380,51-14대,-,001,126.91643859257032,37.63981286843038
6955,씨유청구역점(연등),442,140,304-65대,-,002,127.01294060117195,37.56057178828244
6957,장충체육관(연등),574,140,11-1대,-,001,127.00560612175974,37.56010151682642
6965,수유시장앞,-,300,162-1공,-,001,127.02443629781455,37.63066484500604
6975,답십리래미안위브309동앞,-,230,105-1학,-,002,127.05387385090881,37.57121828042301
6981,서울대병원앞(연등),4512,110,1-54대,-,001,127.00214776608499,37.57997848799033
7350,동구햇살아파트,-,260,335천,-,002,127.07293932036977,37.61348029427943
7544,완구시장입구,-,110,59대,-,001,127.01407540116574,37.57256847794641
7547,서울YMCA,-,110,170-2도,-,001,126.98547577955964,37.57021182565702
7551,영일시장,-,560,160대,-,001,126.90062214704301,37.51673937834002
6791,신내3지구삼거리,-,260,-,-,001,127.10707090262939,37.6194842210241
6886,마리오아울렛2,-,540,124-12대,-,001,126.88725298158909,37.478892476330444
6887,봉천119안전센터(연등),-,620,635-269대,-,001,126.94125613577589,37.48611020879109
6890,롯데IT캐슬,-,540,371-9도,-,001,126.8802821968938,37.477153817371814
6895,마곡역서측,-,500,469도,-,001,126.82214506078203,37.56017544731553
6902,마곡M밸리4단지앞,-,500,321-2 전,-,002,126.8252555954283,37.569539730627014
6913,양재시프트,-,650,76대,-,002,127.03432099347923,37.47374210877429
6928,제2롯데월드,-,710,11-9대,-,001,127.10344382958642,37.51417995242495
6931,자곡초교,-,680,626 도,-,001,127.10008969533996,37.47283398665417
6932,서초보금자리3 4단지,-,650,299-1답,-,001,127.02323467851481,37.45927476652024
6939,목양침례교회,-,650,340-1 도,-,002,127.05977671334817,37.453986780484996
6942,탄천교1교하부,-,710,349도,-,001,127.08507078638604,37.50113525819534
6964,길음1동주민센터앞,6964,290,813-7 공,-,001,127.0196055510525,37.61006667300554
6966,길음뉴타운2단지,-,290,1281-8 도,-,002,127.01617814629405,37.61031753728068
6978,광운대(연등)1,6866,350,377-45대,-,001,127.05881669074748,37.620627497054976
6982,상암파출소,901,440,1064-1 철,-,001,126.89350961509155,37.57830720841644
7067,오목근린공원(연등)1,5641,470,904대,-,001,126.87248169490182,37.52882057849582
7074,동묘앞역(연등)3,622,110,181-93대,-,001,127.01930005482271,37.57409918972704
7754,동북고입구(경보),-,710,180-1대,-,001,127.1406696672187,37.51841375351301
7079,신정숲속마을,-,470,836-47 임,-,001,126.83479352688562,37.50658000319169
7080,혜화약국(경보),-,110,15-78대,-,002,127.00037422995351,37.586463360941046
7103,형촌마을입구,-,650,276임,-,001,127.0229245324979,37.462743965660096
7371,초이동,-,740,산56-1임,-,-,127.1613224272647,37.541991745474824
7015,타워팰리스(연등),-,680,91 학,-,001,127.05290644181461,37.48831952186742
7018,세곡중학교,-,680,산46-54 임,-,001,127.09175690262316,37.46973769912307
6800,보영물류센터앞(경보),-,560,57공,-,002,126.88879423058997,37.52691284036377
6861,마포푸르지오212동앞,-,440,251-79 도,-,001,126.95344274367672,37.55465284150922
6863,숲유치원,-,380,산72-5임,-,001,126.92132946938949,37.63459876219898
7366,기타(북부도로사업소권역),-,300,647-4천,-,002,127.02972645593877,37.640079557443926
6871,롯데캐슬루나아파트,-,350,555공,-,001,127.05118007129363,37.62652671255363
6872,광화문D타워(경보),-,110,104 대,-,002,126.97932980537468,37.57127308469377
7277,국민은행서교동지점(연등),4093,440,159-5대,-,002,126.92261084326663,37.55429482278456
7278,금강병원(연등),2680,170,168-6 대,-,001,126.9803819780071,37.51800308256858
7292,성동경찰서앞(연등),6159,200,168-1 철,-,001,127.03696613459051,37.561293605338726
7309,종암대교(연등)2,3352,230,산1-218도,-,001,127.04060834725173,37.5912936201906
7322,용두119안전센터앞,-,230,274-35대,-,001,127.03179994000286,37.578135533111706
7325,옥수파크힐스117동앞,-,200,산2-1임,-,001,127.01266234885202,37.54739352916193
7756,삼각산초교(연등),-,300,1339-1 대,-,002,127.01540117940071,37.61718829425163
7765,신본교(연등),1267,620,산164-2 임,-,002,126.93505923775427,37.477701408701726
6842,은평위브201동앞,-,380,산108-3임,-,002,126.92381690364074,37.634156164116995
6876,마곡503동앞,-,500,226-3 답,-,002,126.81934740650604,37.56518812618458
6880,동익드미라벨(C-6),-,500,767-6 도,-,002,126.82412822946549,37.562194735935385
6892,국사봉터널남측,-,620,1712-21 도,-,001,126.94577167144017,37.48966283708264
6899,조원아파트,-,620,625-25대,-,001,126.91201922944586,37.48618965069664
6906,마곡602동앞,-,500,232-1답,-,001,126.81911523460256,37.56643119998692
6909,예인한약국,-,650,821-1공,-,002,126.98602293634151,37.48754338699968
6912,의정부부대찌개,-,650,760-3도,-,002,126.98585815841139,37.49532735659988
6917,서울율현초교,-,680,358답,-,001,127.10682945528464,37.47340935645007
6926,고덕빌라,-,740,570 도,-,001,127.15490905344441,37.56239898838551
6935,LH푸르지오,-,680,산50-12임,-,001,127.09439552504139,37.46700278512466
6948,지봉로8길입구,4521,110,56-101대,-,001,127.01567658775078,37.57555950192545
6958,중림동(연등)1,-,140,118-2도,-,-,126.96931730146873,37.559273933222386
6969,흰돌교회,-,260,144-31대,-,001,127.07996868021185,37.588310566881475
7400,우이성원아파트,-,300,산100임,-,001,127.01357663544397,37.660719603275844
7402,위례22단지입구사거리,-,710,420임,-,001,127.1417016219524,37.47828962331485
6990,세곡동사거리(연등)2,600,680,산28-3임,-,001,127.10633626001754,37.4649196218786
6993,서울대교수아파트(연등)1,1306,620,738-329천,-,001,126.95784719065546,37.46789483513731
7226,잠실대교남단(연등),480,710,7대,-,001,127.09752295948256,37.516843013048074
7233,한국엔지니어링협회앞,-,590,442-4도,-,001,126.97319128349278,37.476002264430285
6877,마곡601동앞,-,500,219-1답,-,001,126.82041048917478,37.56401874605579
6900,마곡11단지입구,-,500,397-2답,-,001,126.82053003182816,37.560322959610346
6907,마곡301동앞,-,500,168-20대,-,001,126.81925885979469,37.568252917725765
6921,서초구견인차량보관소,-,650,337-3전,-,001,127.05608380822018,37.447031214938285
6924,율현초교앞,-,680,100-1답,-,001,127.10780943309976,37.473798091693
6927,마루공원동측,-,680,468-2도,-,001,127.08429950785376,37.495224853869026
6937,언남초교앞,-,650,232-4답,-,002,127.06042338761469,37.454652365834406
6946,충정리시온빌딩앞,-,140,112학,-,001,126.96496820889513,37.560011373897495
6947,경복궁(연등)1,676,110,165대,-,001,126.97950703809633,37.57670543820551
6951,포방터시장,-,410,8-102대,-,002,126.94859219319109,37.599649808843836
6956,버티고개역(연등),2503,140,366-96대,-,001,127.00703930125067,37.54803301181816
6968,삼양제일교회,-,300,745-100대,-,002,127.0191394726463,37.61886134574283
6971,면목우체국,-,260,113-18 종,-,002,127.08854576449757,37.58265009408602
6973,현대아피스,-,210,393-17대,-,-,127.10167318094156,37.54595494994162
6974,동문장애인복지관앞,-,230,1338-12천,-,001,127.07350416133872,37.583317670238465
6977,덕릉터널입구,-,350,산153-1임,-,001,127.08555703407191,37.67432013754453
6986,청량리역(연등)1,591,230,235-11대,-,001,127.04594281290791,37.58056410388515
6995,관악드림타운107동(연등),1839,620,411대,-,001,126.95285204203337,37.49032114371343
6999,잠실병원(연등),2024,710,1-7대,-,001,127.08950937383604,37.50393683818504
7003,동북고입구(연등),2201,710,176-2학,-,001,127.13810945952906,37.519550407078746
7004,서초고(연등),1100,650,967대,-,001,127.00455574817255,37.488726326480176
7724,가좌삼거리(연등),-,410,255-35대,-,001,126.91362065777986,37.569955103018046
7728,길음역(연등)2,-,290,1037대,-,001,127.02468172520666,37.60392445254787
7740,안암오거리(연등)2,-,230,103-9 대,-,001,127.02960630345802,37.582406636972735
7744,월곡역입구(연등)2,-,290,29-91 대,-,-,127.04012532464853,37.5998084970322
7746,체성회(연등),-,230,60대,-,001,127.0490806445201,37.586260333330124
7774,공무원연금매점(경보),-,680,12 대,-,001,127.07352445633397,37.49003655597965
6841,목동삼익아파트,3944,470,451구,-,002,126.87602611490095,37.52246865143301
6856,성북세무서(경보),-,290,66-3도,-,002,127.01061762765154,37.58758721402939
7360,압구정한양아파트(연등)1,1697,680,394 도,-,001,127.037440642591,37.52869425839246
6801,시흥4동사거리(연등)2,1345,540,380-10대,-,001,126.90432659177476,37.46233065483608
6870,공릉치안센터(연등),3884,350,189 학,-,002,127.07959110185028,37.626153091173954
7229,흑석한강푸르지오GATE1앞(경보),-,590,335-4 도,-,001,126.96530094019592,37.50366193775686
7094,한울중학교,-,540,산203임,-,002,126.90769802411667,37.46257516555778
7224,성내한양수자인(연등),2300,740,546도,-,001,127.12934663605584,37.52693990352416
7238,가산YPP아르센타워,-,540,343-2도,-,001,126.88318433584895,37.47059871456641
7240,래미안신반포리오센트,-,650,49-8대,-,001,127.0149427465211,37.51843281247892
7251,수서6단지607동,-,680,718 대,-,001,127.10436350310455,37.486482295461805
7253,영동대교남단(연등)2,260,680,343천,-,-,127.05400854291948,37.52526659636091
7256,화곡동물병원(연등),5865,500,978-15 대,-,002,126.84821835684976,37.54668456884107
7257,버들2교,-,710,619-1 도,-,001,127.11944246060698,37.47700349574237
7258,율현초교후문,-,680,113답,-,002,127.1090417084051,37.47474231778305
6792,새솔초교,-,260,산2-1임,-,001,127.10897169844503,37.61730751083724
6794,신내3지구사거리,-,260,245-1답,-,001,127.10624163164812,37.615231778759885
6795,신내우디안201동,-,260,산2-1임,-,001,127.11057759268893,37.61680227126994
6828,형성물류창고앞,-,710,-,-,-,127.14362335925493,37.506071862438766
7742,연남교(연등),-,440,109-7천,-,002,126.91767393541271,37.56704422524121
7743,연대녹지대앞(연등),-,410,134 학,-,001,126.9345614124967,37.560181532554616
7885,강일리버파크1008동앞,-,-,-,-,-,127.18197109857283,37.55957710305592
7889,항동,-,530,31 공,-,-,126.82361195835695,37.48071847787814
7891,서울창포원,-,320,-,-,001,127.04881111075085,37.69220256867928
7894,노들섬,-,170,302-3천,-,001,126.95920033662709,37.51789540756936
7898,서초포레스타501동앞(경보),-,650,산10임,-,001,127.05627384759907,37.45167455592513
7660,봉은교(경보),-,710,1도,-,001,127.06967471449448,37.51645322029065
7673,잠실유수지(경보)1,-,710,369도,-,002,127.08217268190126,37.50193267070101
7674,잠실파크리오아파트 308동(경보),-,710,388-22도,-,002,127.11141484864463,37.52306981646763
7675,잠전초등학교(경보),-,710,206-24대,-,002,127.08342301538507,37.50697576710503
7692,낙타고개(경보),-,740,산55임,-,001,127.15863068087049,37.54082796597776
7695,한산중학교앞(경보),-,740,483-9대,-,002,127.13865008001885,37.528254537770295
7697,원터공원(경보),-,740,494대,-,001,127.15020064564146,37.55467926380087
7712,초이동(경보),-,-,168도,-,-,127.16358298568308,37.54291590777634
7715,망월교(경보),-,740,102답,-,001,127.17211246509173,37.56970066399002
7722,청담건영101동(경보),-,680,825천,-,002,127.05168033121086,37.527882549052215
7044,명수대현대아파트(연등),-,590,27-91도,-,001,126.9688536484637,37.506253643920374
7467,서울역자이,-,170,57-7공,-,001,126.96572239585585,37.55411652238755
6985,장안지하차도(연등)2,276,260,727-101제,-,-,127.07608277547018,37.580517429955094
7011,송정동공영주차장,-,200,104 대,-,001,127.06851573602948,37.55018472541243
7012,포레스트스퀘어,-,230,36-1도,-,001,127.05699311633569,37.56798150956808
7659,장지IC하향(연등),4839,710,618-5답,-,002,127.12464175711482,37.47006085987279
7676,잠현초등학교(경보),-,710,468-2제,-,002,127.10447351961412,37.523093439859636
7679,풍납토성(경보),-,710,338-18도,-,001,127.12073660069542,37.539761694107746
7680,현대아파트 101동 앞(경보),-,710,511 대,-,001,127.11785517741647,37.52854810017631
7698,명일삼익가든(경보),-,740,29-12도,-,002,127.14756702416001,37.546610862083796
7707,준꽃플라워앞(경보),-,740,산10임,-,001,127.15662412045553,37.54000976713946
7710,토끼굴(경보),-,740,660-1천,-,001,127.12401840576548,37.554836890293274
7716,가래여울(경보),-,740,13-1 천,-,002,127.16920450384035,37.57590726209523
7730,대한병원(연등)2,-,300,224-4공,-,001,127.02315384759298,37.635559139632264
7732,도봉한신아파트(연등),-,320,30-1 대,-,001,127.0458681064249,37.682778216447296
6785,도봉고등학교,-,320,341-1 차,-,001,127.04218775904594,37.68735953924638
6817,교보문고주차장(경보),-,110,19 대,-,002,126.97847001447984,37.5716668909477
6819,미아서광빌딩(연등),5291,300,122-42 도,-,001,127.02745690649114,37.62318831106646
6825,하계119안전센터,-,350,251대,-,001,127.07110928035124,37.63770792060505
6831,세운스퀘어(경보),-,110,247-2대,-,002,126.99643961877463,37.57216439205542
7006,강서보건소앞(연등),5004,500,267-4대,-,001,126.8681876111972,37.54921043222004
7045,마포공영주차장입구(연등),6515,440,579-2대,-,001,126.94289229594983,37.54039740838966
7047,서울가좌행복주택(연등)1,5116,440,144-827 대,-,001,126.91041812179323,37.57006769170942
7053,서울고교(연등)1,488,650,1515-14대,-,001,127.00412854338822,37.48349749724006
7058,잠원래미안입구,-,650,54-5학,-,002,127.01075207716148,37.51468330031769
7068,신길삼거리(연등)2,200,560,15-1도,-,001,126.92033930635155,37.51383558963667
7112,장지공영차고지앞,-,710,6-2전,-,001,127.13879543565825,37.480171200604694
7589,한성교회(연등),-,470,733-31대,-,002,126.84098669518923,37.51020130071286
7106,마천삼익아파트(연등),-,710,산1-5 공,-,001,127.15314120207985,37.49931429231573
7118,을지로4가(연등)1,367,140,6-1대,-,001,126.99808389073313,37.567278947235934
7120,을지로4가(연등)3,367,140,52-1도,-,001,126.99820071149685,37.56613632246543
7126,성내1교(연등)1,2119,710,산14-1 임,-,-,127.14786755368601,37.50088607519397
7133,문정프라자아파트(연등),2107,710,199대,-,001,127.13205415696534,37.489187635672884
7159,방아삼거리(연등)2,2225,740,105-35 전,-,-,127.14661269664026,37.52400918121608
7169,금천공동체지원센터(연등)2,6046,540,1000-87도,-,001,126.9082823914876,37.45104752846273
7172,강일3 6단지(연등),3388,740,356-92 도,-,001,127.17443927247166,37.564402050730365
7177,상도터널입구삼거리(연등),6264,590,477천,-,001,126.95376398987712,37.51268225387825
7197,개봉역앞(연등)3,4474,530,170-33대,-,001,126.85844895134899,37.49379344758482
7205,여의도역(연등)1,182,560,23-2대,-,-,126.92381453215428,37.52206493437464
7213,올바로병원(연등),994,650,1748-65 도,-,001,127.00424741802527,37.486999943344806
7215,롯데캐슬갤럭시1차아파트(연등)1,3445,650,390 도,-,001,127.01641179983169,37.52112327052518
7333,양지사거리(연등),170,200,301-9천,-,001,127.028746100607,37.567018807945615
7337,홈플러스입구(연등),2586,560,68-1 도,-,001,126.8945052858058,37.51685935323749
7345,까치고개동측,-,590,442-15대,-,-,126.97341779422432,37.47602880073514
7347,한강뚝섬,-,210,550-2도,-,002,127.06733577060706,37.531697909170475
7591,화성교회,-,500,24-29대,-,002,126.84691081187324,37.54496131873331
7365,기타(서부도로사업소권역),-,410,694천,-,002,126.92395930240419,37.57083901383147
7372,플라워스토리,-,710,434수,-,-,127.14270686167612,37.51437793223565
7379,종로4가(연등)1,-,110,28-15대,-,001,126.99785718376131,37.57008821477011
7386,삼선빌딩(연등)2,-,140,-,-,001,126.97591556767428,37.55728518789174
7388,e편한세상신촌401동,-,410,118-96철,-,002,126.95651977445982,37.55893848289862
7389,e편한세상신촌401동(연등)2,-,410,1010 대,-,002,126.95645616785148,37.558568753876926
7390,e편한세상신촌401동(연등)3,-,410,251-71도,-,002,126.95631123200123,37.55795252431551
7391,e편한세상신촌305동,-,410,3-155대,-,001,126.95649466270355,37.560089749650025
7399,트리마제앞(연등),-,200,656-1213도,-,001,127.04591370325358,37.539431726548614
7404,현대빌딩본관,-,110,129대,-,001,126.988004736163,37.5773651382125
7410,SRT수서역,-,680,723 대,-,001,127.10418864962773,37.484146357875574
7441,서울동부지방법원,-,710,344-4 전,-,001,127.11953055075526,37.48209102873781
7451,영동시장앞,-,650,279-67 도,-,001,127.02234420791562,37.50888985063968
7455,문정테라타워,-,710,119-4 도,-,001,127.1200028120953,37.485041219821966
7599,먹골역(연등)2,-,260,171-39 도,-,002,127.07780412177466,37.61210259351036
7603,창주공1단지(연등),-,320,823 대,-,001,127.04096192511274,37.65400451558866
7609,청계광장(연등)2,-,140,1도,-,001,126.97755359847478,37.5690850526327
7617,청량리역(연등)3,-,230,235-10대,-,001,127.04504013719273,37.58077752825575
7623,성동장애인종합복지관,-,200,47-12천,-,002,127.03370670247806,37.57065139092179
7625,아현동웨딩타운(연등),-,410,164-3대,-,001,126.95235782453527,37.55720971281238
6834,청구동(연등),2496,140,337-78대,-,001,127.01155133703357,37.55640309947737
6836,목동제자교회,-,470,319-4도,-,002,126.86966150557866,37.52114235357975
6839,윤중중교앞(연등),1929,560,3-9도,-,001,126.92630740970445,37.51727053131589
6864,아현동웨딩타운,-,410,251-80도,-,001,126.95175873420035,37.557155128157746
6879,남북통합문화센터(B-10),-,500,401답,-,001,126.82070629811315,37.561566928010855
6881,귀뚜라미연구소,-,500,598답,-,001,126.82718380324602,37.561878492495914
6883,롯데중앙연구소,-,500,60-4답,-,001,126.8285080517332,37.57066145071635
6888,가산동하이힐,-,540,127-14대,-,001,126.88881783103159,37.47694433086914
6889,대방성결교회앞,-,560,550 학,-,001,126.91855669330157,37.49887442696634
6910,양지빌딩앞,-,680,219-13 대,-,001,127.0330578671924,37.50912191471916
6914,서초보금자리삼거리,-,650,485답,-,001,127.0150427426569,37.45748937191546
6925,내곡보금자리입구,-,650,산72-2임,-,001,127.0596506494894,37.45724493142036
6929,자곡래미안,-,680,468전,-,001,127.0961787156986,37.472348610999774
6952,서울역광장(연등),-,140,84-11대,-,001,126.9728435276549,37.55443781380704
6972,두산아파트앞(경보),-,300,745-51대,-,001,127.01775071038549,37.61892679642847
6976,롯데캐슬리치후문,-,230,148-43대,-,001,127.03004166575525,37.580121330163415
7048,안생약국(연등),5933,440,93-34대,-,001,126.92296589165282,37.545948123063525
7051,서초1동주민센터(연등),2057,650,1641-13대,-,001,127.01979987335264,37.489959672259566
7060,성덕교회(연등),2160,710,0-1가,-,001,127.14612975964361,37.49297521550467
7086,강북구민운동장(경보),-,300,516-2천,-,002,127.03870131397987,37.629932081464645
7090,안국선원,-,110,1-23 학,-,001,126.98508617745243,37.582839310248985
7092,우방아파트앞,-,620,395공,-,001,126.91952272811197,37.489253569674055
7096,율현공원앞,-,680,759천,-,001,127.11685372943047,37.47450308867177
7097,강남한양수자인아파트,-,680,428-2천,-,001,127.11487486754557,37.47722488845582
7104,중암교(연등)1,-,440,390대,-,001,126.90126568764722,37.571686042127446
7113,코오롱(연등)2,2195,710,195공,-,001,127.12249329907027,37.51006697341173
7129,흑석롯데캐슬,1669,590,340-10 도,-,002,126.96088365562066,37.50372788485845
7143,은로초교(연등),1670,590,96-1 대,-,-,126.960886216152,37.503462782387274
7153,뒷벌어린이공원(연등)1,1040,650,786-12도,-,002,126.9865984727193,37.49264288408004
7164,평화교회,-,560,1448-1대,-,001,126.91686716441514,37.49853997461826
7167,고척2파출소앞(연등),518,530,325-8학,-,001,126.85907946223723,37.50641541924924
7171,양천구의회(연등),3803,470,314대,-,001,126.86668587304104,37.51828403281561
7194,화곡고등학교(연등),6705,500,709-27대,-,002,126.8334390708392,37.547990997114454
7199,삼환아파트후문(연등)1,6901,530,232-16도,-,001,126.85347918602679,37.49428974249756
7201,신림119안전센터(연등),1243,620,395-61도,-,001,126.92219816729492,37.48982232460334
7203,영등포소방서(연등)2,5934,560,24-1 도,-,001,126.90474364497618,37.51814183067412
7207,우신초교앞(연등)2,350,560,190-56도,-,001,126.91054821465316,37.51015005940172
7210,거리공원입구오거리(연등)1,1487,560,608-1대,-,001,126.89400478481278,37.50290669917756
7222,유창빌딩,-,440,203-33도,-,001,126.91943141823172,37.555686558377715
7227,신한은행마천(연등),-,710,80-10도,-,002,127.14902127471466,37.49628297394199
7228,흑석한강푸르지오GATE2앞(경보),-,590,335 대,-,001,126.96438918918042,37.50239840925283
7237,진안빌라,-,110,10-2대,-,001,126.96101202002801,37.60170760892118
7248,석촌지하차도입구,-,710,13-7대,-,001,127.1058580913045,37.504625593516984
7255,향군타워(연등),5982,710,7-10도,-,001,127.09942083066323,37.5165134094399
7262,송례초등학교입구,-,710,420임,-,001,127.13971635931138,37.47834943382369
7263,위례24단지입구사거리,-,710,-,-,001,127.13720520666863,37.47444014757524
7269,옥수극동아파트(연등)2,2517,200,-,-,001,127.0144377962838,37.54365058826862
7274,겸재삼거리(연등),301,260,519학,-,001,127.09621117821435,37.59033745629333
7275,경희중(연등),3359,230,328-2도,-,001,127.05957568600775,37.59546986709876
6797,신대방삼거리역(연등)1,108,590,335-57대,-,001,126.92951852668575,37.49974291443887
6799,로데오거리,-,470,783-20대,-,001,126.86187505278103,37.528030724181114
6806,2기동단앞,-,230,52대,-,001,127.07324710667697,37.57925871936154
6830,상암MBC(연등),6207,440,330-13대,-,001,126.89150844887064,37.58157029506557
6832,월곡두산위브아파트(연등)2,5447,290,228 대,-,001,127.0381953718715,37.608636516414386
6844,마포자이3차,-,440,815-2 도,-,002,126.94639241112483,37.55047858209641
6848,방학119안전센터,-,320,706 대,-,001,127.04269375734276,37.66419298630071
6850,상계역1번출구(경보),-,350,172대,-,002,127.07349716639881,37.66071952124273
7035,금천공동체지원센터(연등)1,6046,540,823-23대,-,001,126.90668349452072,37.45086959600292
7037,벽산밸리5차(연등),1425,540,60-14장,-,001,126.88452875549937,37.47805201747429
7039,독산119안전센터,665,540,287-7 대,-,001,126.89788249340761,37.46806805044157
7049,홍연2교(연등),86,410,산26-171임,-,001,126.92941546609046,37.57906859789606
7055,삼호가든상가,-,650,21 학,-,001,127.01259519917406,37.50282135902756
7286,명신초교(연등)1,5019,110,7-43 임,-,002,127.01471157304574,37.58228925550412
7298,남가좌동현대아파트(연등),3122,410,224-54대,-,001,126.9185067763247,37.57449205340086
7302,월릉교(연등),329,290,18대,-,001,127.0689534911713,37.61568450192431
7304,유수지주차장(연등),3204,260,550-41대,-,001,127.08382613053398,37.58235065566092
7305,은빛초교(연등),6204,380,-,-,002,126.91950426515368,37.642948509107946
7318,현대자동차면목(연등),3155,260,151-13 대,-,001,127.0797445382398,37.5833773143338
7323,후암초교,-,170,산1-2임,-,002,126.9811720527123,37.551702094704204
7332,한성대입구역(연등)2,562,290,183-16대,-,001,127.00413790162182,37.58772460266752
7336,신도림풍물시장(연등),1530,530,274철,-,001,126.8924249284545,37.506842632808684
7375,거리공원(연등),1520,530,41-16대,-,001,126.89068749886037,37.50114586925591
7629,이대역(연등)2,-,410,144 대,-,001,126.94688050510426,37.556872765310075
7632,신진시장(연등),-,110,11-2도,-,001,127.00516714342314,37.57107562229199
7635,검찰특수기록관,-,710,512잡,-,002,127.11578849227067,37.483423671405724
7638,청계7가(연등),-,140,296-19대,-,001,127.01588613778219,37.56964498221765
7642,방화초교(연등),3017,500,868 대,-,002,126.80915419995462,37.56780079535548
7645,남양아파트앞1(경보),-,410,산11-1임,-,001,126.93776565577697,37.58939244081201
7647,궁전회관(경보),-,300,147 학,-,002,127.02595129034847,37.628893383157205
7653,가락시장 제2주차장(경보),-,710,600 대,-,001,127.11079366307438,37.49212067995674
7657,방이중(경보),-,710,88-21 대,-,002,127.11385987351613,37.51500814613222
7661,북1문(경보),-,710,1-2천,-,001,127.08591526563997,37.516418166946536
7662,북2문(경보),-,710,1-2천,-,001,127.08932344318437,37.51682669578066
7672,올림픽대교남단(경보)1,-,710,386 도,-,002,127.10872318514662,37.52853051030348
7678,탄천1교(경보),-,710,336-9대,-,-,127.0862364846955,37.500752778843854
7694,강동성심병원입구(경보),-,740,145-25대,-,002,127.13440277098107,37.53710484933473
7719,고덕그라시움121동,-,740,152-4대,-,001,127.16536339270696,37.55883588060776
7734,서대문소방서(연등),-,410,740대,-,002,126.9360950206175,37.573006280270626
7741,안암오거리(연등)3,-,230,86-132대,-,001,127.02999217494899,37.582665981037366
7748,래미안에스티움아파트106동앞,-,560,1795 대,-,001,126.91653046955115,37.50154266158898
7796,국민은행역삼(연등),-,680,804 도,-,001,127.02875338218949,37.4956447715207
7797,국회의사당(연등),-,560,1-1도,-,001,126.9172966181239,37.52922782359625
7800,선영빌딩,-,560,2139대,-,001,126.91526317608687,37.49844579958233
7803,디지털단지오거리(연등),-,540,133-62대,-,-,126.89024744856701,37.47909694065951
7810,수서역(연등)3,-,680,712 대,-,-,127.10231386561276,37.486863257126465
7828,화랑교(연등)2,-,620,103-35대,-,001,126.9397743310567,37.47050842863204
7830,천호동공원(연등),-,740,512-22대,-,001,127.12628547504409,37.546610254353205
7831,삼표레미콘삼거리,-,710,299-5도,-,002,127.11071953290708,37.53169635131608
7021,수서경찰서(연등)2,-,680,12 대,-,001,127.07476955296234,37.49209878820008
7030,신내오토카,3237,260,561도,-,001,127.09544214883402,37.60459514279644
7288,삼양시장(연등),3912,300,225-37도,-,001,127.01823682143947,37.62616424385116
7291,서울신용평가정보삼거리,6356,440,1-1학,-,001,126.92632817677953,37.545554634901585
7310,중동청구아파트삼거리(연등),3103,440,415 도,-,001,126.90245825151226,37.57439558229662
7311,중화중교(연등),3226,260,20-29대,-,001,127.09471415061417,37.58559368089786
7313,촬영소사거리(연등)2,502,230,127-20대,-,001,127.06770130187665,37.572700333451046
7316,해성교회(연등)1,5372,260,189-18도,-,001,127.07818028809056,37.61460119561153
7317,해성교회(연등)2,5372,260,189-18도,-,001,127.07803784430415,37.61418348336424
7319,한강자이에클라트(연등),2645,170,10-1대,-,001,126.95513562991685,37.53226534043467
7321,금호119안전센터,-,200,347대,-,001,127.02461379397988,37.55407003350831
7539,월계문화체육센터,-,350,648학,-,001,127.05424336569406,37.62718150984416
7545,광장시장,-,110,136-5대,-,001,126.99934076623875,37.57085699825599
7553,서울창포원(연등),-,320,-,-,001,127.04936136164184,37.69091217433585
7573,명덕고교입구(연등),-,500,153-7학,-,002,126.83557497389508,37.5526881286287
7575,문덕초교(연등),-,710,3대,-,002,127.12728680109032,37.48765237691626
7577,문정시영아파트(연등)2,-,710,176대,-,001,127.13606395849223,37.492660024726874
7578,문정초교(연등),-,710,3-3도,-,001,127.12730668364846,37.4907498399957
7581,방죽마을사거리(연등)2,-,680,93답,-,002,127.10824372703647,37.47138933795719
7583,서영물류센터(연등),-,560,29대,-,001,126.89725605865976,37.52118523956355
7634,경남레이크파크(연등)2,-,710,32공,-,001,127.1059777883297,37.51031840502095
7643,서교동(연등),-,440,206-2대,-,001,126.91966165297984,37.55381443797078
7683,강덕초등학교(경보),-,740,261-3대,-,002,127.16139386231768,37.55845784391799
7690,고덕초교뒷편(경보),-,740,산15-0 임,-,002,127.16698771953816,37.56020217821776
7704,암사종합시장(경보),-,740,535도,-,002,127.12921661814984,37.551173175045065
7714,현대프라자앞(경보),-,740,410-206 도,-,002,127.12976311331562,37.5393225525764
7721,포이초교(경보)1,-,680,656 대,-,-,127.05255258271139,37.47510797182541
7726,구기터널(연등),-,110,137-1임,-,001,126.95708273045253,37.60826497167957
7733,상계3치안센터(연등)1,-,350,87-22대,-,001,127.07638070471629,37.664031679233496
7737,세검정(연등)1,-,110,-,-,-,126.95828720230011,37.60005894202115
7750,청계산SH6단지(연등),-,650,328답,-,001,127.05486912479617,37.449378837869574
7755,떡전교사거리(연등)1,-,230,65-143도,-,001,127.05200398561281,37.58627308400491
7758,창문여고(연등)2,529,290,8-89대,-,002,127.03815457468276,37.613143974067285
7798,글래드여의도,7799,560,1-6도,-,001,126.91778677092131,37.5278617618444
7801,등촌역(연등)1,-,500,634-3대,-,-,126.86380044658762,37.551566567763224
7813,문화교(연등),-,620,91-68임,-,001,126.93292821433579,37.477861797732785
7814,신성교(연등)1,-,620,105-91대,-,001,126.93691941047277,37.47103458135345
7822,청계산입구(연등),-,650,261-8대,-,001,127.05746142516843,37.44539140608477
7832,예담어린이집,-,590,508-1도,-,002,126.95139510825805,37.506774984205414
7834,백련산힐스테이트206동(연등),-,380,233-6 도,-,001,126.92444702747449,37.590908258615926
7840,봉은초교(경보),-,680,341천,-,001,127.05972818942033,37.52096774587821
7842,금호어울림아파트(경보),-,680,751-13 대,-,001,127.03442197290701,37.49197823514631
7843,학동초교(경보),-,680,253-14 대,-,002,127.03927454032939,37.511330189257386
7856,성보프라자입구(경보),-,650,산57-1임,-,002,127.02881325881123,37.47684897888939
7858,영동2교(경보),-,650,424-3 대,-,002,127.04333957113114,37.48010550685732
6814,원불교,-,140,404-14대,-,001,127.00927548964776,37.556715678580524
6821,돈암삼성아파트108동(경보),-,290,8-97도,-,002,127.02411523446405,37.59939405838637
7023,푸르지오시티(연등)1,6930,680,산22임,-,001,127.10255263044955,37.4736826420435
7026,강동경희대병원앞,2253,740,296공,-,001,127.15643772234296,37.55292221055
7028,강일6 8단지(연등),6114,740,379-17도,-,001,127.1778620734729,37.562468137845514
7029,신한은행명일(연등),2759,740,332대,-,001,127.14487682987918,37.546465942731444
7041,대륭테크노17차(연등)2,-,540,998-2대,-,001,126.88732244101153,37.46745431095252
7054,신동초교(연등),1051,650,121천,-,001,127.00965793359687,37.51635483522103
7761,강동고교입구(연등),2252,740,138대,-,002,127.16407205814731,37.55075156670297
7348,망우사거리(연등)2,273,260,354-3대,-,001,127.10042043960104,37.59919244463763
7368,기타(동부도로사업소권역),-,710,61도,-,002,127.11850267745834,37.49533947488882
7369,기타(남부도로사업소권역),-,620,1669-1학,-,002,126.95517834060665,37.47815672715924
7370,이수농협은행,-,650,2270-1대,-,001,126.98231479858573,37.48797499551245
7411,SRT수서역삼거리,-,680,188답,-,001,127.10582899940903,37.48259829259245
7424,독산동8구역,-,540,468-1 대,-,001,126.89398737819496,37.45749375729552
7432,칠성아파트(연등),-,500,829-3대,-,001,126.81148966070784,37.57390656081337
7433,금천경찰서(연등),-,540,436-3전,-,001,126.89663121180027,37.45651308579106
7444,성모자애복지관,-,680,697-2천,-,001,127.11922260917198,37.47127681648538
7446,영동시장(연등),-,650,161 대,-,001,127.02357797097801,37.50637848130415
7457,서초푸르지오써밋(연등)2,-,650,749-31도,-,001,127.02175294587326,37.50220550107339
7461,초롱타운,-,530,1269대,-,001,126.8799201118289,37.49596136143293
7763,서남병원(연등)2,-,470,1280-3 도,-,001,126.83415522419274,37.511506796418544
7837,장지프라자(경보)1,-,710,838-3 학,-,001,127.12737387137855,37.47805873756427
7839,포이초교(경보)1,-,680,656 대,-,002,127.05378760475338,37.47588553500776
7850,테헤란아이파크105동앞(경보),-,680,111-114 도,-,002,127.04770212798263,37.50297923105494
7862,율현삼거리(경보),-,680,94-1 도,-,001,127.11931993172014,37.46722770024915
7875,밀알미술관(경보),-,680,50 대,-,002,127.08226089507751,37.48532488198921
7878,세곡교(경보),-,680,461-9전,-,001,127.09350414733036,37.46453000215532
7903,숭례문정류장(연등),-,140,120대,-,001,126.97353159881662,37.55824040923097
7905,동서울우편집중국,-,210,246-62대,-,001,127.08439160709287,37.53447638323732
6786,마곡레포츠센터(경보1),-,500,38-15답,-,001,126.83377212689014,37.572510306682226
6827,가람어린이집,-,290,506-159대,-,002,127.0075126456885,37.59885410918778
7099,화곡1동주민센터앞,-,500,354-127대,-,002,126.84133691161202,37.53023731534312
7101,관악푸르지오121동앞,-,620,1717-11 도,-,001,126.96100388783552,37.485395678885176
7776,일원에코파크(경보)2,-,680,701-2 도,-,002,127.08689360248907,37.49348649821282
6787,마곡레포츠센터(경보2),-,500,-,-,001,126.83487192098039,37.572036207107125
7223,신방화사거리(연등)3,2900,500,839대,-,002,126.81759790602142,37.57311871174927
7235,남정초교,-,170,21-6 도,-,001,126.9640653969801,37.536813167783784
7239,신길우성1차아파트,-,560,144-104대,-,001,126.90005561585127,37.506138767740424
7848,압구정역(경보),-,680,456 대,-,001,127.02776050237294,37.52780708531199
7793,중앙사약국(연등)2,-,540,1000-29도,-,001,126.90220862536593,37.45457191641158
7802,등촌역(연등)1,3721,470,633-36대,-,001,126.86470318580311,37.55091575588636
7812,문화교,-,620,10-709대,-,002,126.93304862219009,37.4782153612507
7815,신성교(연등)2,-,620,105-153대,-,001,126.93688161992627,37.47081295074215
7841,압구정토끼굴,-,680,384천,-,002,127.04163636149018,37.53060013041897
7849,제이타워(경보),-,680,554-30 대,-,002,127.0232998640746,37.51840208625831
7853,논현초교(경보),-,680,134-15 대,-,002,127.02693746868488,37.50888591494573
7882,도곡중학교(경보),-,680,779-10 대,-,002,127.04445598451629,37.49285264211135
7663,삼성래미안아파트후문(경보),-,710,192대,-,002,127.13107605808233,37.49239027371238
6810,영도중(경보),-,470,743-15대,-,002,126.86680560719942,37.53602368438965
6820,삼양우체국앞,-,300,791-628대,-,001,127.01863124512657,37.62388473621758
6822,청솔아파트,-,350,154-12학,-,002,127.07253524099237,37.63269377179683
6835,충무로역(연등),-,140,38대,-,001,126.99252521722697,37.56112930199976
6852,신창중후문(경보),-,350,779공,-,002,127.04842370298462,37.62804333358677
7273,50번종점(연등),3214,260,690도,-,002,127.08473099191954,37.5739960237829
7276,경희초교(연등),3355,230,1-5 학,-,001,127.05080781974125,37.59148154877891
7280,길음지구대앞(연등),5313,290,813 대,-,001,127.0197832977251,37.610924012288066
7284,동대문소방서(연등),3427,230,478-12도,-,001,127.06639519725215,37.56416494162264
7287,모래내지하차도(연등),3095,440,286-38대,-,001,126.91512234626776,37.56823357163791
7293,성북1치안센터(연등),3550,290,151학,-,001,127.00328953793975,37.59155586266999
7301,현대백화점미아점,3075,290,25-2대,-,001,127.0291465905334,37.607863504895704
7326,옥수파크힐스119동앞,-,200,1351-184대,-,001,127.01371918636008,37.54667129462375
7374,선일농원(연등),-,710,436-51전,-,001,127.14145421000414,37.51120697175583
7385,삼선빌딩(연등)1,-,140,4-4대,-,001,126.97770619302678,37.55804839533039
7397,용산역(연등),-,170,2-194대,-,001,126.9666808059689,37.527899932782475
7403,위례별초등학교사거리,-,710,491임,-,001,127.14428564041863,37.478193409778775
7406,서울역사박물관(연등),-,110,1-159대,-,001,126.97042419314657,37.569205568254446
7408,성동고교(연등)2,-,200,81-1대,-,001,127.02358084643797,37.56623686289117
7414,서초더샵1단지앞,-,650,220전,-,001,127.06461837287095,37.45455809018634
7430,국제예식장(연등)2,-,500,597-28 도,-,001,126.81184606528564,37.565736962879015
7431,국제예식장(연등)3,-,500,598-32 도,-,002,126.81159425120143,37.564883916366604
7435,수궁119안전센터,-,530,252구,-,001,126.82993037679462,37.49615213795913
7437,문정대명벨리온,-,710,641-2 도,-,001,127.11850320211562,37.48574688562698
7438,힐스테이트에코송파,-,710,150대,-,001,127.11564776510548,37.48514606743596
7439,동부구치소앞,-,710,367답,-,001,127.1178468746355,37.48141001387713
7443,서울동부지방법원(연등)2,-,710,343답,-,002,127.11995902871297,37.48254419155944
7449,파트너스2(연등),-,710,226-6대,-,001,127.12068916068927,37.48378830828372
7465,신림3교(연등),-,620,406-7 대,-,001,126.93398522060897,37.4718868373637
7667,승일운수(경보),-,710,산31임,-,002,127.1357106668314,37.48045201602582
7681,둔촌동 426-10(경보),-,740,406-12대,-,002,127.14149879566598,37.53243872365736
7685,강일리버파크1단지(경보),-,740,204-6 전,-,002,127.17093264771749,37.56819324107717
7686,고덕아이파크정문,-,740,500도,-,001,127.15448996135433,37.55985631160529
7700,상일우성타운(경보),-,740,산37임,-,002,127.1593242899306,37.545539012892
7702,선호빌딩(경보),-,740,-,-,002,127.17101262091718,37.54874191589103
7709,창대교회(경보),-,740,437-29대,-,001,127.13068308471301,37.523067212599884
7720,고덕그라시움사거리,-,740,150도,-,001,127.16511890731486,37.55786975556164
7767,한농캐스템,-,710,445-15답,-,002,127.13823310611276,37.50500279703298
6793,대륭테크노17차,7040,540,336-29대,-,001,126.88699784997915,37.46820153094831
6857,충정로역(연등),443,140,236-2도,-,001,126.9634422719941,37.55924231292941
7093,오금고정문앞,-,710,37-11대,-,001,127.12945523740463,37.50332949356858
7770,동아에코빌아파트(경보),-,560,618-569 대,-,002,126.89907959809966,37.50984620615664
7378,장안아파트입구(연등),-,230,329-3대,-,001,127.07379795385665,37.57222823175428
7398,트리마제앞,-,200,656-580대,-,001,127.04650547468763,37.53923366941716
7413,범박터널입구,-,530,산56-1임,-,001,126.81856290719779,37.4764034426158
7418,장지공영차고지입구,-,710,산29임,-,002,127.13595130444106,37.48159200013918
7419,푸른수목원,-,530,31 공,-,001,126.82476307659623,37.48158620851998
7427,목2동극동아파트(연등),-,470,231-32대,-,002,126.87014195584533,37.53896488614252
7429,국제예식장(연등)1,-,500,580-132대,-,001,126.81179961658624,37.56658873978622
7440,동부구치소앞(연등),-,710,364답,-,001,127.11814724010263,37.4808536306217
7442,서울동부지방법원(연등)1,-,710,347-3답,-,001,127.11894525498184,37.48163581575623
7445,국회서문(연등),-,560,1대,-,001,126.9118227206102,37.52975261524338
7454,H비즈니스파크(연등),-,710,512잡,-,001,127.11618522559195,37.48424674020556
7458,마곡13단지,-,500,1031답,-,001,126.81837106312062,37.556666151060774
7779,탄천교1교하부(경보),-,710,336-18대,-,002,127.08564074520307,37.501796431069955
7892,국민은행신촌,-,410,47-20대,-,-,126.93685042436014,37.55612824651296
7896,오벨리스크(경보)1,7670,710,320-1답,-,001,127.12075787845805,37.48004804697856
7904,행당초교앞,-,200,142-4대,-,001,127.03417843934001,37.55662804400366
7908,세곡119안전센터,-,680,196-36대,-,001,127.10759773785634,37.470563145630834
7921,웨이브모텔(연등),5511,290,410-27도,-,001,127.01093068898881,37.60649915617054
7926,수협은행양재,-,650,18-18대,-,001,127.03997906377941,37.47868725516179
7119,을지로4가(연등)2,367,140,293-1도,-,001,126.99910515969678,37.5667108891445
6865,굴레방다리(연등)1,58,410,251-85도,-,001,126.95514899054334,37.55742221693182
7141,화곡부성약국,3019,500,827-21대,-,001,126.85795954710893,37.531699448002556
7144,관악휴먼시아아파트1단지(연등),5478,620,산93-1 임,-,001,126.92052582522108,37.46034740238065
7154,가동초교(연등),2146,710,161-4도,-,002,127.129368610902,37.49694131420057
7157,낙성사거리(연등),1220,620,1677-5대,-,001,126.95920204675424,37.47734292298597
7163,독산더타워아파트,140,540,291-6대,-,001,126.89597893762512,37.46655158432247
7168,가윤예식장(연등),3276,710,146대,-,001,127.12433960749216,37.49374930604153
7173,서초구민회관(연등),1132,650,956-6 대,-,001,127.03607135716074,37.48263492899447
7174,포이사거리(연등),1948,650,1242-2대,-,001,127.04520234278303,37.477121010528606
7191,나이아가라호텔(연등)3,174,500,156-71천,-,001,126.87853299734924,37.54784156540601
7206,여의도역(연등)2,182,560,23-11도,-,-,126.9244729539075,37.52142252367757
7220,아주초교(연등)1,2041,710,101-4도,-,002,127.07510598787066,37.50506927702168
7789,성동글로벌경영고,-,140,204-79대,-,001,127.01246403397406,37.56493795372274
7805,미래초교(연등)1,-,530,1267대,-,001,126.88839177207257,37.5031263647006
7809,삼성교(연등),-,620,산2-29임,-,001,126.94149654164933,37.470677427263176
7820,제2롯데월드(연등)1,-,710,11-9대,-,001,127.1027807577468,37.51393713616085
7826,한국SGI회관앞(연등),-,530,25-1 대,-,001,126.88957613424665,37.50250575595113
7833,예담어린이집(연등),-,590,133-33 공,-,002,126.95177554777322,37.50736546147109
7907,한강성심병원후문,-,560,94-387도,-,001,126.90910530453637,37.522642012312396
7912,강서도시가스,-,500,822-15대,-,001,126.8563807470574,37.53149415367443
7914,천동초교입구(연등),-,740,50-14대,-,001,127.14070701983007,37.53970171813187
7915,고덕역(연등)2,-,740,499 대,-,001,127.15300341351627,37.556535139251764
6845,남가좌아이파크102동,-,410,344-42 대,-,001,126.92158243285078,37.57515089914399
7019,세곡중학교(연등),7018,680,550-4도,-,001,127.09240406832457,37.47101280596964
7077,신내역(연등),5816,260,70-3도,-,001,127.10252711325599,37.612630707490005
7081,김포공항입구(연등),150,500,612-196도,-,001,126.80801221450473,37.561665034813714
7339,봉화삼거리(연등)2,3165,260,493도,-,001,127.08849120740396,37.60336408737356
7344,은하수어린이공원(경보),-,350,산33-3임,-,002,127.04432646965125,37.629678466404314
7367,기타(성동도로사업소권역),-,230,469-12도,-,002,127.06672373660517,37.56277059197109
7775,둔촌고등학교(경보),-,740,59-5대,-,002,127.14357678985436,37.531213047585986
7895,하나유치원,-,380,-,-,002,126.92988207643485,37.64763344089237
7784,삼환빌라,-,320,345 대,-,001,127.0406165036594,37.646849183376034
7790,서울숲리버뷰자이104동,-,200,19-104대,-,001,127.0393133650593,37.55599590955729
7799,글래드여의도(연등),7798,560,1-6도,-,001,126.91820456880177,37.52810419950625
7804,목동역(연등)2,-,470,808-13도,-,001,126.86345480326368,37.526007092716185
7816,신성교(연등)3,-,620,105-95대,-,001,126.93763309300483,37.470722543528304
7887,서울과학전시관앞,-,620,244-1도,-,001,126.95815670398429,37.46992955611737
7606,청계2가(연등),-,140,38-1사,-,001,126.98762640374069,37.56798750687977
6808,영등포경찰서(연등),156,560,4-13대,-,001,126.90320496020539,37.52690255869115
7421,금천롯데캐슬1차,-,540,1011-1 대,-,001,126.89567804186736,37.461276235950955
7422,금천롯데캐슬1차(연등)1,7421,540,502-2대,-,001,126.89426321900012,37.460873978684305
7425,서울금나래초교,-,540,441-6 대,-,001,126.89666024165538,37.458848035406994
7426,목2동극동아파트,-,470,231-1도,-,002,126.8711027246791,37.53844298156436
7434,신도림119안전센터,-,530,643-1 도,-,001,126.88107106495075,37.50757678929248
7436,문정현대지식산업센타,-,710,119-4 도,-,001,127.1194518521952,37.486080752785185
7463,시스폴사거리(연등),-,650,834-15대,-,002,126.98926636444924,37.487014446867256
6816,세종문화회관뒤,-,110,77-6대,-,002,126.97474359589118,37.572351917046234
6818,건춘문,-,110,59-1 대,-,001,126.97958006379511,37.57795324862534
7241,남도학숙,-,590,508 대,-,001,126.92891782861305,37.508957289937364
7243,롯데캐슬골드파크3차,-,540,1082-42도,-,001,126.89777206717392,37.46198026798191
7244,하늬중학교,-,500,953답,-,001,126.82028583157616,37.55869155690949
7247,석촌빌딩,-,710,113공,-,001,127.1086993268686,37.50357550477236
7773,강일9 10단지삼거리(경보),-,740,산8-1 임,-,-,127.17638371387122,37.55762814487539
7927,영동2교북단(연등),-,650,515-8 대,-,001,127.04195255614036,37.480842134721
7123,가재울중학교,-,410,456 대,-,002,126.91042228629077,37.57482936485775
7125,동광교회(연등),1643,590,361-163대,-,001,126.93359562645612,37.501495990150964
7158,AK몰주차장(연등),6340,530,413-48철,-,001,126.88299386333007,37.50211388391935
7170,보라매공원후문(연등),5724,590,366-130대,-,001,126.92406144843686,37.49288256084784
7175,수도공고(연등),1858,680,506 대,-,001,127.06290709838537,37.4878397807308
7182,마곡밸리사거리(연등),6894,500,494도,-,001,126.82653249182718,37.557045781224716
7183,신림중(연등)2,1254,620,산1-257임,-,001,126.94327336486167,37.47063267091044
7184,강서고교(연등)2,3851,470,825도,-,001,126.86351449262413,37.53522012822767
7193,지식산업센터(연등),1393,540,371-17장,-,001,126.88173987912938,37.47385241543676
7196,개봉역앞(연등)2,4474,530,178-13대,-,001,126.85836032087506,37.49345558965926
7200,삼환아파트후문(연등)2,6901,530,212-20도,-,001,126.85544679245226,37.49411487889736
7279,금옥초교(연등),378,200,1419-1대,-,001,127.0160842885794,37.54514132912013
7283,대원고(연등)1,5163,210,18-24대,-,001,127.08709972535101,37.56267804987799
7290,상암초교(연등),6982,440,1049철,-,001,126.89321080821566,37.57804719289282
7303,위례정보산업고(연등),3727,350,-,-,002,127.07320192932721,37.63128346988401
7308,장석시장(연등),3726,290,473-5도,-,001,127.05804086773101,37.61553712512154
7327,관악소방서(연등)1,1250,620,1606-11공,-,001,126.95310064682003,37.47357607105449
7922,세종포천건설공사출입구,-,740,59도,-,001,127.15515492330672,37.54462465230144
7639,부암동주민센터,-,110,208-11대,-,001,126.96402104180466,37.59289568420318
6862,은평메디텍고교(경보),-,380,산85임,-,002,126.92993025692095,37.63478555440228
7508,구립마포노인복지센터,-,440,43 대,-,001,126.95956335292925,37.54874194497097
7509,나진전자상가,-,170,48 대,-,001,126.96490710609427,37.533529905937975
7520,트램스퀘어,-,710,산42임,-,001,127.14342383249858,37.48145467582892
7526,위례힐스테이트108동앞,-,710,917-19 도,-,001,127.14302451183438,37.47822951811838
7531,래미안강동팰리스,-,740,175-1 차,-,001,127.13331142822253,37.53758867453897
6904,D-1,-,500,251-17답,-,001,126.82801024803705,37.56739415864009
6905,마곡501동앞,-,500,239-5 전,-,001,126.81779709962827,37.56649403352513
6915,성내천공원앞,-,710,548대,-,001,127.12543882774692,37.52513177868963
6920,청계산역삼거리,-,650,318-1답,-,001,127.0532424922356,37.44981672353316
6922,청계산주차장,-,650,271-14답,-,001,127.05667755653636,37.446410690185594
6923,한동교회,-,740,산3-1임,-,001,127.16258389185523,37.56290216823543
6936,동명공원삼거리,-,740,240-3 도,-,001,127.16604220844661,37.5626394587371
6938,궁마을공원,-,680,600 도,-,001,127.09439261446016,37.4844043067517
6959,중림동(연등)2,575,140,180-1도,-,-,126.96891323323933,37.55948624606736
6963,종로119안전센터,-,110,1-2사,-,002,126.99203519629343,37.57121851449067
6967,청계8가,-,230,96-11도,-,001,127.02338132349146,37.57201730904396
6983,명남아파트,-,380,28-2대,-,001,126.91180258302238,37.59440223729167
7016,삼성힐스테이트2단지앞(연등),-,680,24-23 대,-,001,127.04968733929414,37.51199770429337
7017,LH푸르지오(연등),-,680,산 48-16 임,-,001,127.09342015424176,37.467907298753495
7338,신내동새마을금고(연등),3319,260,393-18 대,-,002,127.09798611154424,37.605776611281776
7362,63빌딩(연등)3,581,560,86-5천,-,001,126.93920008784164,37.52029181654104
7407,우이성원아파트(연등)2,-,300,산101임,-,001,127.01368806465118,37.660331514324035
7412,마곡나루역,-,500,301-2답,-,001,126.82780203911486,37.56673092712707
7415,청계산SH6 7단지,-,650,산18임,-,002,127.05782639031618,37.450382617298004
7416,청계산SH702동앞(연등),-,650,산22-1임,-,002,127.0574272636981,37.447843977942796
7423,독산동6구역,-,540,1011-19대,-,002,126.89604031643714,37.46043839369842
7447,마곡SH빌딩,-,500,409-7답,-,001,126.83010379054969,37.55937973865284
7448,파트너스2,-,710,191-3구,-,001,127.12106315010797,37.483003896303295
7450,신길영광교회(연등),-,560,3183-113대,-,001,126.91326132376177,37.5000964510519
7456,서초푸르지오써밋(연등)1,-,650,749-35도,-,001,127.02215703278404,37.501312502635635
7462,관악노인복지관(연등)2,-,620,344-78대,-,001,126.92588961515408,37.492608768499316
7466,백련산힐스테이트206동,-,380,759-2 도,-,001,126.92417184103515,37.59166856869838
7766,청화병원(연등),5395,590,232-292대,-,001,126.93985187929415,37.506879495393406
6859,백제고분공영주차장입구,-,710,131-12대,-,001,127.11862920254539,37.50699237142954
7401,대주아파트앞,-,350,405-5도,-,002,127.07174481895512,37.62167241871837
7363,휘봉초교(경보),-,230,1031-443천,-,001,127.07081801340686,37.58653760091606
6987,청량리역(연등)2,591,230,235-11대,-,002,127.04523987740943,37.57976941330244
6997,초원교회(연등),2992,500,687대,-,-,126.84210913270778,37.562244474124775
7230,나누리병원(연등),2940,500,1080학,-,001,126.83849754353639,37.53736266956956
7236,신내지하보차도,-,260,181대,-,-,127.11060327740539,37.61235266629812
7328,위례와이즈더샾사거리,-,710,420임,-,001,127.14419022608277,37.47660659906152
7772,서초우체국(연등),4701,650,311 공,-,002,127.04087933894232,37.469331426941245
6869,가좌사거리(연등),6868,410,175-95대,-,001,126.91614991024812,37.57359511967897
6878,공항초등학교,-,500,393-4답,-,001,126.82084394869885,37.56249356131913
6891,삼성디지털센터,-,620,905-29대,-,001,126.94169345066155,37.482475904267766
6893,마곡힐스테이트,-,500,226-3 답,-,002,126.81800373634489,37.56504988929169
6897,마곡M밸리6단지,-,500,758 도,-,001,126.81918424338302,37.56741748871306
6898,마곡M밸리7단지,-,500,315-2임,-,001,126.82487023466065,37.56692933723745
6903,서울대치과의료센터앞,-,620,147-5도,-,001,126.9520402271946,37.46972416780791
6908,공항후문,-,500,516-2 차,-,001,126.80409181524962,37.56968956938713
6916,은곡삼거리,-,680,389-5 도,-,001,127.09531739084792,37.465100518338204
6930,푸르지오시티,-,680,산20묘,-,001,127.10331446273781,37.474344647107664
6944,신반포중앙교회,-,650,58-16대,-,002,127.01287853588056,37.51035299832334
6953,청계광장(연등)1,724,110,139-7도,-,001,126.97761181993006,37.569391462064445
6961,서울산울림유치원,-,380,13-3 도,-,002,126.93019719028955,37.64813072453051
6970,세종사이버대학교,-,210,38-2대,-,002,127.07362573180043,37.553564759927845
6979,청량리119안전센터,-,230,65-76대,-,001,127.05270667734379,37.587165412457004
7261,송례초교사거리,-,710,861-5 공,-,001,127.13765124590788,37.478393477156644
7264,청계산SH702동앞,-,650,136-3 천,-,002,127.05671559585542,37.447407922971514
7270,청계산SH710동앞,-,650,361-15 도,-,002,127.05556598009318,37.448654052919316
6843,월곡두산위브아파트(연등)3,5447,290,225 대,-,001,127.03651500319775,37.607322601200394
6874,서광타워온누리약국,-,440,67-85학,-,001,126.94591897753138,37.55526557498631
6882,서남충전소,-,500,153-2답,-,001,126.82878159546975,37.572789269376834
6885,마곡중학교,-,500,716 대,-,001,126.8229108234751,37.56710640216916
6894,마곡밸리사거리,-,500,571-4 도,-,001,126.82665966437344,37.55805365463754
6896,LG아트센터서울(D-2),-,500,761-5 도,-,001,126.8275617117973,37.56435833799872
6901,삼환아파트후문,-,530,412-52 구,-,001,126.85412441618493,37.49423757092591
6911,큰별어린이집,-,590,9-22도,-,001,126.96529646569716,37.50458007757894
6919,강동아너스빌앞,-,740,447-9 대,-,001,127.1337089280643,37.534024983427344
6940,언남초교정문,-,650,산29-1임,-,001,127.06185723130108,37.454470551610555
6941,고덕빌딩,-,650,1701-1 대,-,001,127.00969326873384,37.49246758947903
6950,동묘앞역(연등)1,622,110,58-447임,-,001,127.01733868443452,37.573448186904706
6960,팔복기사식당,-,410,124-406대,-,001,126.91886496181986,37.56908859510398
6962,은진초교정문,-,380,169-31임,-,002,126.92089475967497,37.632328420980386
6980,강서구청(연등)2,2927,500,1098-22도,-,001,126.84904391683048,37.55109659274187
6867,신사씨티아파트,-,380,산31-1임,-,001,126.90443445970696,37.600610705628625
6868,가좌사거리,-,410,241-47도,-,001,126.91475362035486,37.57237516465631
6984,성북트리즘빌딩(연등),-,290,222-1 대,-,001,127.0390751059934,37.6024843986589
6991,허준박물관(연등)2,2978,500,439-1제,-,001,126.85141812724468,37.566896160462335
6992,난곡중,1362,620,산122-13 도,-,001,126.91190063025086,37.477274590989715
6996,행복한감리교회(연등)2,1280,620,1712 대,-,001,126.95068175386152,37.4865208997562
6998,배명사거리(연등),2021,710,22-4대,-,001,127.09831322644634,37.50253922477015
7000,송파초교(연등),2141,710,63도,-,001,127.11057320149382,37.50787960242911
7001,보훈병원(연등)2,4628,740,52-1종,-,002,127.14270623752908,37.530239500315176
6851,중계중앙하이츠301동(경보),-,350,1289-3도,-,002,127.07689641988392,37.65966762691911
6853,상천초교(경보),-,350,742학,-,001,127.057403842703,37.64543874089735
8011,한인트윈빌,-,410,산26-157 수,-,002,126.92997325626652,37.57687425356763
8023,항동매화마을,-,530,171-1 대,-,002,126.82324732036712,37.476427212867414
8084,태릉신협,-,260,70-4구,-,001,127.076389572473,37.59550489853681
8087,수명산파크115동앞,-,500,227-2답,-,002,126.8294019966579,37.55523788565433
8098,이너매스,-,500,416답,-,002,126.83307190246512,37.55742197369658
8221,신석어린이집(연등),8220,440,426-13대,-,001,126.93646480689932,37.54225490133957
8227,명일중후문(경보),-,740,670대,-,002,127.14765517577426,37.557630289386296
8284,역삼초교정문(경보),-,680,753-8 대,-,002,127.03247850421846,37.49210327702294
8295,이수역리가아파트104동앞(경보),-,590,105대,-,001,126.97392294164517,37.48871619034033
8297,세우촌공원빌라앞(경보),-,650,961-17대,-,002,126.98858273030729,37.480657937844136
8300,동작상떼빌103동(경보),-,590,712대,-,002,126.90716747439572,37.486713556930525
8301,용수산서초점(경보),-,650,산94-1임,-,002,127.00175551021907,37.493529188870646
8302,정삼품묘(경보),-,540,918-19대,-,002,126.90759458299414,37.4472315955395
8346,위례서로(3 4공구),-,710,378답,-,001,127.14114014401488,37.48519797999258
8409,IBK기업은행대림동지점(연등),-,560,685-18대,-,001,126.8989602677036,37.49709148399204
8423,종월2교서측,-,290,226-3 대,-,002,127.04058384603273,37.59725944213586
8424,천호3동우편취급국,-,740,56-36대,-,001,127.1367758026196,37.54027567109447
8473,8번교차로,-,710,266-3전,-,001,127.15063629821759,37.488227325622944
8474,6번교차로,-,710,산71-11임,-,001,127.15236249646317,37.48914946033501
8488,굴레방다리(연등)2,-,440,129-44대,-,002,126.95600448913088,37.55705644486334
8489,상도롯데캐슬,-,590,154-30대,-,001,126.9450401748243,37.50078314536089
8493,한서초교,-,440,652대,-,002,126.94867387885368,37.5537034940629
8495,별빛어린이공원,-,350,569-25대,-,002,127.07233030410676,37.61935939803949
8526,덕의초교후문,-,530,1-73 공,-,002,126.85596744460396,37.50672384009324
8545,칸타노체(연등),-,260,117-1 도,-,002,127.10576506938497,37.61159456715882
8547,망원지구대(연등),-,440,415-41대,-,001,126.90270945395642,37.55362315707477
8624,꿈의숲 대명루첸아파트 103동(경보),-,290,612-9도,-,002,127.0476377341236,37.62077090886492
8625,하늘채 꿈의숲(경보),-,290,311-20도,-,002,127.04645090630628,37.6200271899442
8632,고은어린이집,-,410,204대,-,002,126.94581718556617,37.58558712752385
8661,월드컵대교남단,-,560,산2-1임,-,001,126.88225851976254,37.54827905044108
7974,인재개발원(연등)2,-,650,1436-11 대,-,001,127.02394694158524,37.483005923545484
7996,래미안아트리치,-,290,76-2도,-,001,127.06415902904266,37.60708601658121
7997,래미안아트리치(연등)2,-,290,404-1도,-,001,127.06488883574815,37.60712877406244
8073,KKDC,-,500,272-11 학,-,002,126.83832119676374,37.56705707995797
8082,호텔엠펠리체,-,500,367-1대,-,002,126.83559520242054,37.560131173712904
8091,신동아파밀리에(경보),-,740,167-27대,-,002,127.13286298907418,37.53678516098301
8100,이대서울병원,-,500,964-2답,-,002,126.83513268287834,37.55723752417464
8151,영동대교북단연결로,-,210,-,-,002,127.05880072931271,37.53264622475494
8153,복지장안충전소,-,230,106-20대,-,001,127.06779908003169,37.57671616398015
8156,일원에코파크(경보)1,-,680,474-1 도,-,001,127.08821247487988,37.4964244349886
8211,청담동 삼성생명빌딩(경보),-,680,89-13 대,-,001,127.04153098361878,37.5226997975111
8213,조원로172(경보),-,620,1718 대,-,002,126.92123020602335,37.48618637465758
8238,참새어린이공원(경보3),-,590,390-5학,-,002,126.9224671260219,37.49772346301365
8261,본동SH빌아파트(경보),-,590,344-1임,-,002,126.9499256877343,37.51047225884175
8262,이수힐스테이트106동앞(경보),-,590,102-17도,-,002,126.98141879517243,37.493871157479134
8263,사당휴먼시아아파트102동앞(경보),-,590,275-13대,-,002,126.97122382822836,37.47960696998459
8265,본동삼성래미안101동앞(경보),-,590,211-1도,-,001,126.95104875883449,37.50992322949039
8266,진영빌딩앞(경보),-,590,1033-34대,-,001,126.97934070999115,37.47667482939987
8370,서초센트럴아이파크아파트,-,650,1559-12대,-,001,127.01140521626692,37.48741981224562
8745,경인고속입구서측,-,560,57공,-,001,,
8757,노원정진빌딩,-,350,95-376천,-,001,,
8800,영동대교남단램프(연등),-,680,340천,-,001,,
8807,서정초교앞,-,470,927-7도,-,001,,
8808,발산나들목,-,500,1456-7 도,-,001,,
8809,내발산오가빌라,-,500,724-46도,-,002,,
7991,현대엠코타운,-,590,266-1대,-,-,126.95025130518282,37.497240005118414
7995,래미안베라힐즈201동,-,380,21-43대,-,002,126.93641545038844,37.602669315231914
7999,레미니스1단지입구(경보),-,710,442-11답,-,002,127.1361963194985,37.50749474476967
8027,용곡삼거리(연등)1,-,210,1496대,-,001,127.08613364211512,37.56943995148446
8028,월곡두산위브아파트(연등)1,-,290,225-11 도,-,001,127.03714898172773,37.608562183138226
8029,재동초교사거리(연등)2,-,110,11-130도,-,001,126.98500272876917,37.579326327380365
8030,강변맨션(연등),-,170,40-1007 철,-,001,126.9599454165144,37.52351220481439
8036,중곡제일시장(연등),2450,210,167-20대,-,001,127.08286536574823,37.563303637550426
8043,대륭테크노타운12차앞(연등),5672,540,319-25대,-,001,126.8837993843429,37.469246387958805
8057,신명초교입구(연등)2,2231,740,81도,-,002,127.14658536629075,37.53936098561668
8063,염곡사거리(연등)2,325,650,330-4도,-,001,127.04251891326535,37.46527016253758
8199,MS빌딩,-,680,1012-40 도,-,001,127.06006657170012,37.503561875107735
8208,구로디지털단지역5번출구(경보),-,560,992-8대,-,002,126.90210604001282,37.48542705573977
8217,대치지하차도(경보),-,680,352도,-,001,127.07957073106827,37.49936816023659
8218,대치지하차도(경보)2,-,680,350도,-,001,127.08313215970189,37.49858910795412
8224,돈암시장,-,290,209-1도,-,002,127.01678867105272,37.591255984059444
8229,삼성R&D센터(경보2),-,650,산21-35임,-,002,127.02215440482345,37.46691004657748
8234,신사시장(경보),-,620,475-84대,-,002,126.91711406731748,37.4854293023403
8251,구리암사대교남단램프북측,-,740,-,-,002,127.13419356243598,37.566254546613045
8269,백산초교앞2(경보),-,540,921-20대,-,002,126.90540795506017,37.447587005093126
8288,삼성R&D캠퍼스,-,650,산21-19임,-,001,127.02387065800556,37.465740904176045
8341,북아현119안전센터,-,410,1-145대,-,001,126.95597442786779,37.560813922048524
8385,길빛도서관,-,290,471-2학,-,001,127.02646766584756,37.61029292640718
8437,고원초교,-,530,76-10학,-,002,126.86496416415065,37.49699666342321
8477,신설17번,-,740,107-6답,-,001,127.17198788369595,37.570441427846355
8492,마포프레스티지101동,-,440,251-8대,-,001,126.94832967497615,37.55469588083091
8576,백운시장(연등),-,320,532-57임,-,002,127.01547432780146,37.65676992727585
8598,CU방배중앙로,-,650,927-3대,-,002,126.99264648193359,37.4817779716515
8613,고척초교사거리,-,530,134-58대,-,002,126.8573165600157,37.49991241124412
8614,서측RD입구사거리,-,530,152-8대,-,002,126.85857761382391,37.501349447687005
8615,공공청사입구삼거리,-,530,142-3대,-,002,126.85852127109975,37.50004588982527
8666,성산대교남단동측,-,560,35천,-,001,126.89024678637291,37.54459710322161
7981,테스트교차로,-,560,84-8천,-,-,126.93204083785768,37.537510141002244
8032,삼양입구사거리(연등)2,528,300,137-101대,-,001,127.03023488024846,37.61689931369381
8040,가산동주민센터(연등)2,-,540,133-38 대,-,001,126.89078477778385,37.478377293083206
8047,뒷벌어린이공원(연등)2,1040,650,819-34 도,-,002,126.98717937199582,37.49052790108767
8050,목동파크자이107동앞(연등)2,8007,470,330-9도,-,002,126.86914091963149,37.51064798345203
8052,문래현대홈타운(연등),5219,560,30-2대,-,001,126.89228424606374,37.51945087311462
8054,호산나식당앞,1193,650,819-34 도,-,002,126.98763788475081,37.48952067467374
8064,염곡사거리(연등)3,325,650,349-9도,-,001,127.04265617564624,37.466032316650946
8065,영등포시장역(연등)2,2604,560,92-7도,-,002,126.9060892768429,37.52257535581217
8071,항동하버라인9단지(연등),-,530,56-1답,-,002,126.82552264628441,37.48050529676013
8125,신원동482-5(경보),-,650,산1-3임,-,001,127.05243961031672,37.453912695384446
8290,드림요양병원(연등),-,710,42-1종,-,001,127.12136646829079,37.49724346972578
8333,에이스하이엔드타워9차(경보),-,540,685-535 철,-,001,126.87903274671501,37.48613623335309
8339,원효대교남단(연등),-,560,85-5천,-,001,126.93755295493312,37.52276609758219
8353,영등포시장역(연등)3,-,560,29-1도,-,001,126.90521995860291,37.52348596726929
8405,개포래미안포레스트126동앞,-,680,-,-,001,127.05627908358746,37.47856985155339
8408,북위례#3,-,710,323-218대,-,001,127.15585687295331,37.48854893580551
8603,금부빌딩,-,500,1475-3도,-,001,126.85354435827784,37.562000913289985
8658,동작빌라앞,-,590,산32-59 도,-,002,126.96656919269341,37.48198492401446
8674,하나은행고척점,-,530,102-2도,-,002,126.8607586686793,37.498378837600455
7977,한양빌라,-,230,335-8대,-,-,127.0729287537631,37.568849755341695
7978,양진중후문,-,210,384-1전,-,-,127.09889815798164,37.54528291829469
7980,광장사거리(연등),-,210,266대,-,001,127.10244000846532,37.54570469433195
7982,에이스하이엔드타워5차,-,540,392-96도,-,-,126.87939033092036,37.48537395151549
7985,위례신안인스빌사거리(연등),-,710,393임,-,-,127.14288403228869,37.47530940002462
7986,위례포레샤인23단지,-,710,36 도,-,-,127.1342228424478,37.47724579091678
8022,래미안영등포109동,-,560,267-1 도,-,002,126.9065692414018,37.504342243221664
8114,삼성빌라(경보),-,740,166 학,-,002,127.15754713344067,37.545912328394614
8130,대원빌딩앞,-,650,779-6도,-,002,126.9844565139186,37.4908816476079
8192,성내삼성아파트(경보),-,740,137 대,-,001,127.1255233241148,37.53187923608893
8193,가양대교남단램프(연등),6248,500,506-1천,-,002,126.8593980826413,37.56688430238158
8194,가양대교북단램프(연등),6523,440,1548잡,-,002,126.86453140939273,37.573795834615886
8195,한남대교북단,-,170,410대,-,002,127.01097538837524,37.52885695359957
8196,신내성원아파트101동,-,260,618대,-,001,127.09540015141573,37.60536749640858
8209,롯데하이마트상도점(경보),-,590,325대,-,001,126.94529340150176,37.5051222338195
8210,강남N타워(경보),-,680,629-21 대,-,001,127.03249530768923,37.50023483063457
8247,구리암사대교남단램프,-,740,655-1천,-,001,127.1358644946204,37.56434262096527
8249,신풍역출구(연등),-,560,3183-20 대,-,001,126.91162988256578,37.50010107935929
8349,서울금나래초교(연등),-,540,472-2 대,-,002,126.89513115638177,37.45839633026602
8356,송파역1 4번출구앞,-,710,99-2학,-,001,127.11228582267414,37.49964672587671
8366,삼청파출소,-,110,97-1도,-,002,126.98115262667318,37.581579155511214
8369,명덕외고기숙사(연등)2,-,500,218-10답,-,002,126.83133632546699,37.55513890896376
8371,목동14단지(연등)2,-,470,1300 대,-,002,126.87172369681187,37.51599269593693
8381,신방화힐스테이트,-,500,260-37대,-,001,126.81521248085942,37.567554315965026
8439,경서농협수궁지점,-,530,산14-8 임,-,001,126.8333586470514,37.494265408031204
8491,으뜸부동산,-,440,62-13 도,-,002,126.94658382679457,37.554344864125774
8601,송파상운종점 단일로2,-,710,211-87도,-,002,127.15438489870131,37.49201678046244
8623,서울장월초교(경보),-,290,242대,-,002,127.0470504390181,37.62138001512872
8801,비비가구,-,170,11-23도,-,002,,
8805,월드컵대교남단북측,-,560,170천,-,001,,
8806,초안산지하차도,-,350,230-5철,-,002,,
8810,명보사거리(연등),-,140,22-2도,-,001,,
8811,월드컵대교남단서측,-,560,10-8 천,-,001,,
8812,개봉동작은굴다리,-,530,100도,-,001,,
8837,광남캐스빌,-,740,450-1도,-,002,,
7944,생명의전화(연등),-,290,222 대,-,002,127.03640057418798,37.60437330880567
7953,정의로삼거리,-,710,150대,-,001,127.11479972205764,37.48656833710982
7954,구로IC서측,-,530,685-223대,-,-,126.87598718268305,37.48857472825977
7955,신길주유소(연등),186,560,337-136 대,-,001,126.90698793962846,37.49947953322621
7957,율현초교삼거리,-,680,24-10 도,-,001,127.10925656726425,37.474101071183014
8086,명덕외고정문,-,500,92-4답,-,002,126.83482700970957,37.55501065442081
8107,고덕아르테온(경보),-,740,112-3 도,-,002,127.17071063336796,37.55366513669279
8110,고덕자이북문,-,740,121대,-,002,127.17005488464156,37.55363567430089
8111,고덕자이남문,-,740,124대,-,002,127.170575194301,37.550769748924
8177,상현중(연등),1668,590,산36임,-,001,126.96164732413857,37.49456884450524
8189,래미안영등포프레비뉴아파트103동앞(경보),-,560,282-20 도,-,002,126.90825344749341,37.504210543975375
8252,구리암사대교남단램프북측(연등),-,740,-,-,002,127.13328222615408,37.56737475961588
8253,가락중고교,-,710,162 대,-,001,127.117914924347,37.50131435030262
8254,거마아리수올림터,-,710,5-18대,-,001,127.14699386734476,37.49888318783181
8255,가곡초교,-,500,96-2답,-,002,126.83628844742624,37.554898835880984
8256,잠실파크리오119동(연등),-,710,21천,-,001,127.1076636305027,37.52099788670603
8414,9번 교차로,-,710,657-11 도,-,001,127.14809869906225,37.4869202379644
8425,문교초교,-,540,산197 임,-,002,126.90827037991295,37.46679841445926
8426,삼일자동차운전학원,-,680,697-2천,-,001,127.12186572197876,37.466858275164434
8538,천호대교남단진입램프,-,740,269제,-,002,127.11933006952606,37.54099632837758
8540,남명초교,-,470,311-14잡,-,002,126.85396691854972,37.515991148635386
8542,연가초교,-,410,5-152도,-,002,126.9175719467345,37.57916691749222
8551,돈암초교후문,-,290,80대,-,002,127.01336616519049,37.5941155782394
8562,양원성당,-,260,604 도,-,002,127.10588678127084,37.608545433059916
8579,태릉해링턴102동,-,350,215-24 대,-,002,127.0817446136373,37.625003167746264
8005,송천센트레빌,-,290,1288-2 도,-,002,127.02624324918166,37.61238836216439
8006,영훈초교,-,290,1288-2 도,-,002,127.0271819638867,37.612563073118345
8129,신촌금호아파트(연등),8128,440,-,-,001,126.93110310900319,37.55410887374331
8131,문래SKV1센터,-,560,8 대,-,002,126.88765678983593,37.51742625745751
8250,DMC쌍용아파트,-,410,369-21대,-,001,126.91885325030078,37.57577456578864
8335,항동중학교(S1),-,530,1-5대,-,001,126.82106704105205,37.48247870278506
8338,구로소방서(연등),-,530,327대,-,001,126.86467465754134,37.49776149718192
8350,녹번역e편한세상캐슬정문,-,380,산27 임,-,001,126.93159655871973,37.6002916862333
8351,우림빌딩,-,300,252-111대,-,001,127.02242272585136,37.64175893726498
8354,고덕아르테온328동앞,-,740,-,-,001,127.17139092719879,37.556224572025776
8509,신당동공공복합청사,-,140,76도,-,001,127.01490081553702,37.56220426111269
8622,북악산산책로,-,110,산2-1임,-,002,126.98224522508903,37.59137052171905
8655,영도캐피탈,-,200,285-89 도,-,002,127.01341208977364,37.54083086944521
8147,잠실대교북단-01,-,210,723 도,-,001,127.08688797818562,37.52994233327113
8148,잠실대교북단-02,-,210,683-20대,-,002,127.08754159234422,37.530203832200456
8149,잠실대교북단-03,-,210,687-21대,-,002,127.08807471060271,37.52922200997037
8150,잠실대교북단-04,-,210,688-6대,-,002,127.08791699239782,37.52882603221775
8154,이랜드R&D센터,-,500,775-5 도,-,002,126.83754558775802,37.56747683112748
8155,중앙보훈병원정문,-,740,598-2 전,-,001,127.1490867538037,37.53002862578535
8160,애지어린이집(경보),-,740,228-6대,-,002,127.1418103621915,37.531891773807835
8274,성현동주민센터앞,-,620,1736-110 도,-,002,126.94793984093775,37.489805932883826
8279,원터공원,-,740,494대,-,001,127.15086570218605,37.55470275165645
8282,헬리오시티후문,-,710,313도,-,002,127.10243429140948,37.4995512577531
8291,봉천우성아파트103동앞(경보),-,620,1717 대,-,001,126.95993463178326,37.48593424179279
8296,클럽54골프연습장앞(경보),-,650,455-4대,-,001,126.98243790856955,37.4793883824859
8604,늘사랑교회,-,290,32-35대,-,002,127.02859093262589,37.60916640427297
8605,신내힐데스하임501동,-,260,299철,-,002,127.10445292435,37.609999586731504
8606,수도방위사령부(연등),-,650,산100-3 임,-,002,126.98657318426632,37.46918604541774
8607,남한산성광장,-,710,271-5대,-,002,127.15691123338476,37.49071450632708
8608,사당IC출구북관악,-,650,511-74잡,-,001,126.98390060911082,37.47100902404955
8609,사당IC출구남수서,-,650,산164임,-,001,126.98556073436447,37.469194920189715
8610,길음롯데캐슬106동앞,-,290,510-103대,-,002,127.02604299986766,37.60673205867168
8611,길음롯데캐슬116동앞,-,290,488-8대,-,002,127.02792634304542,37.608427026559056
8612,길음롯데캐슬118동앞,-,290,1288-2 도,-,002,127.02784457277485,37.60960346868906
8636,명지대사거리(연등),145,410,318-13도,-,001,126.92068888303575,37.57727414179746
8743,불암동아아파트(연등)1,-,350,95-293도,-,001,,
8762,수서신혼희망타운301동앞,-,680,344-1답,-,002,,
8789,영등포현대프라자,-,560,205-2 도,-,001,,
8833,새마을금고광장동지점,-,210,281-2도,-,002,,
8836,무량사입구,-,300,567-83천,-,002,,
7938,거여초교(경보),-,710,104-2 답,-,002,127.1403177930256,37.50430906085145
7976,화물취급장(경보),-,710,700-5답,-,-,127.12243048105543,37.472589824857025
8090,강동파크빌(경보),-,740,191-78대,-,002,127.13116087117918,37.53771558894342
8094,삼익세라믹APT102동,-,320,36대,-,001,127.03699595983734,37.657535228790366
8105,송파파크센트럴입구,-,710,182-2대,-,001,127.14967303961488,37.49282621849236
8121,다이치빌딩,-,650,901-22도,-,001,126.99578388677264,37.48438997363842
8142,신영소방서(연등),-,110,17-13대,-,001,126.96108921599829,37.604773481740324
8239,백운시장,-,320,532-31전,-,002,127.01574559408019,37.65583389055164
8243,송파레미니스앞,-,710,442-6답,-,001,127.13668797863807,37.50820078196511
8244,영신초교,-,560,110-12대,-,002,126.91738430267665,37.50991403720626
8334,사랑의쉼터앞,-,740,187대,-,001,127.16708151721286,37.54694662282532
8336,항동초교후문,-,530,130-2대,-,001,126.82421667560196,37.47784867028781
8343,신정뉴타운204동앞,-,470,601-3대,-,002,126.84334545981844,37.51653608998707
8344,신정뉴타운201동앞,-,470,544-8대,-,002,126.84096990366132,37.51566761849321
8345,신남초등학교,-,470,1055 대,-,002,126.84476316605327,37.51703757640264
8347,청운실버센터(연등),-,110,산1-1 임,-,001,126.97253699797851,37.58628741988855
8363,래미안블레스티지후문,-,680,155 학,-,001,127.06236129981487,37.48253940162507
8386,성산대교북단램프,-,440,565-11천,-,001,126.8940754174148,37.55734524991936
8393,과거현시교차로,-,170,346-1천,-,001,126.97635976945494,37.512221489118225
8442,보광초교삼거리,-,170,106-4대,-,002,126.9958851813796,37.53254318566405
8587,장위초교,-,290,238-100대,-,002,127.04820487109795,37.61105609910872
8700,위례솔초등학교,-,710,산64 잡,-,002,127.15129490776988,37.487287587726065
8701,연세로명물거리,-,410,134 학,-,002,126.93692475185482,37.557696184429915
8707,청운교회,-,680,754 대,-,001,127.04607099425343,37.495637192017604
8714,대림창고,-,200,289-32도,-,002,127.05625647901249,37.54220615673799
8715,연은초교,-,380,242-111대,-,002,126.92485607358039,37.58983416096952
7987,송파푸르지오,-,710,산39임,-,-,127.14192564485182,37.481491878227295
8009,고덕아이파크남문(경보),-,740,499 대,-,001,127.15508684487368,37.55764064906608
8108,고덕센트럴아이파크후문,-,740,-,-,002,127.16694512161025,37.553523978729416
8123,고덕센트럴516동삼거리,-,740,-,-,002,127.16826938692026,37.55356753575013
8228,대명초교,-,740,256도,-,002,127.15257723344912,37.54779297267414
8332,항동지식산업센터,-,530,산52-1 묘,-,001,126.81751810098727,37.47714235811564
8367,청권사앞,-,650,산23-14 임,-,001,126.99909359229555,37.48165263717645
8498,신도기연앞,-,540,1002-5학,-,002,126.8902975441398,37.464844934084205
8500,장위꿈의숲703동,-,290,165-1대,-,002,127.05095703330977,37.61892336337602
8502,장위꿈의숲713동,-,290,305대,-,002,127.04727777780127,37.61915193007499
8504,강일역앞,-,740,산8-1 임,-,001,127.17644477647336,37.55765750343408
8522,서초그랑자이앞,-,650,1336대,-,001,127.02663394330845,37.488090632908744
8543,르엘대치정문앞,-,680,995 도,-,001,127.0651380517207,37.50163854669462
8572,가양대교북단램프2,-,440,-,-,001,126.86625697572943,37.57638425040043
8584,대방동미소주택,-,590,391-29대,-,002,126.92665939419572,37.499266170196485
8588,e편한백련산,-,380,194-17도,-,002,126.92371823446926,37.59457960803707
8710,어린이대공원역(연등)2,-,210,98학,-,001,127.07393947549313,37.546961671629035
7961,우신종합동물병원,-,470,929-2대,-,001,126.85164533957543,37.522758128334836
7971,강동롯데캐슬134동앞,-,740,304-1답,-,001,127.14001074535899,37.557726724305866
8085,#49,-,500,910 도,-,002,126.83287476829878,37.55619836240091
8168,서초삼성물산(경보1),-,650,1394도,-,001,127.02590277327715,37.49555560618815
8173,천호대교북단(연등),-,210,188-27대,-,002,127.10840707239112,37.54382093671756
8175,등촌1-10단지(연등),2919,500,167-2구,-,001,126.83899443863845,37.563318677807125
8180,송정역(연등),6081,500,18-104대,-,001,126.81226795609278,37.56121972851724
8185,영일오피스텔(경보),-,620,1154 대,-,001,126.96907535281005,37.47533239293947
8220,신석어린이집,-,440,250-15대,-,001,126.93703270027265,37.54239176326201
8226,네이처힐301동앞,-,650,산 22-10 임,-,001,127.0267057890939,37.46415393159419
8245,잠실대교남단램프,-,710,7대,-,002,127.09730629480497,37.51649065862592
8246,천호대교남단램프,-,710,481-9천,-,002,127.11657672143374,37.54148410355689
8372,마젤란아파트,-,260,1505-6제,-,001,127.08364079456761,37.58616379379807
8397,성산대교남단,-,560,177 천,-,001,126.88811127809984,37.5475192810335
8476,시립서북병원,-,380,24-49도,-,001,126.91052490166362,37.60548663119388
8637,위례대로18단지삼거리,-,710,산71-14임,-,001,127.15376675019536,37.487434386866965
8639,승리교,-,620,75-38대,-,002,126.92968704391926,37.48072366930635
8653,신길동홍어거리입구,-,560,188도,-,001,126.91178359402748,37.51100953605682
8680,위례중앙푸르지오입구삼거리,-,710,-,-,001,127.14079468147635,37.474270369738306
8681,길음롯데캐슬,-,290,499-30대,-,002,127.02671977821913,37.607432550413755
8699,위례서이로연결도로삼거리,-,710,산21임,-,002,127.13640802123855,37.48345962543592
8813,한성대입구사거리(연등)1,-,290,89-1 도,-,001,,
8814,BK타워삼거리,-,710,641-2 도,-,001,,
8828,반포래미안원베일리앞,-,650,1-1대,-,002,,
8830,봉영여중(연등),5054,470,325-11도,-,002,,
8113,롯데캐슬베네루체709동,-,740,-,-,001,127.16711461437787,37.54744577502596
8115,도란도란교(연등),7975,290,56-2대,-,002,127.00710562900129,37.58780032868859
8118,고명초등학교앞,-,740,15대,-,002,127.14609826498322,37.551691710123585
8240,극락정사앞,-,590,148-7 공,-,002,126.95144535642103,37.50867107691586
8287,서초젠트리스(경보),-,650,산43-1임,-,001,127.05788339295006,37.455620640822964
8368,명덕외고기숙사(연등)1,-,500,195-8답,-,001,126.83183721527422,37.55510258234119
8494,마포프레스티지302동,-,440,9-99대,-,002,126.94662927442144,37.55323870065751
8515,신금호역(연등)1,-,200,122-1도,-,001,127.02001208427977,37.555163819970716
8599,잠실대교남단진출램프,-,710,239천,-,001,127.09437549961726,37.52042895135074
8631,남가좌아이파크102동(연등),-,410,319-25도,-,002,126.92073800328085,37.576318087903665
8654,코스트코양재,-,650,216-1잡,-,001,127.03728718179312,37.46167162414054
8656,금옥어린이집,-,200,349-234차,-,001,127.01254089721647,37.549403511805004
8695,명인갈비,-,440,542-48대,-,002,126.91859929320822,37.56635517637264
8696,창동동진빌리지,-,320,299대,-,001,127.04159148187766,37.65077590984663
7979,숭문고,-,440,3-62 대,-,-,126.94531960442153,37.55038874517764
7983,마곡트루엘오피스텔(C3),-,500,754-6 도,-,002,126.82637415293088,37.56832542261762
7984,송파IC진출입램프,-,710,245-15 도,-,001,127.12840975743431,37.47569733678569
8127,BMW서비스센터,-,440,450대,-,002,126.90334668656696,37.56656587257356
8167,서초삼성물산(경보2),-,650,858 도,-,001,127.02670942639827,37.49580613169922
8181,우리은행강남역지점앞(경보),-,650,619-7 대,-,001,127.0265762684828,37.49938946445246
8188,래미안영등포프레비뉴아파트110동옆(경보),-,560,299-1 학,-,001,126.90589638048327,37.504891426420464
8190,대성DPolis(경보3),-,540,459-21 장,-,002,126.8762792975619,37.4793315021523
8191,대성DPolis(경보1),-,540,459-16도,-,001,126.87742147968387,37.47889300033015
8197,버들2교(연등)2,-,710,397-14전,-,001,127.11835351248308,37.47793179243734
8198,송정역,-,500,614-73대,-,001,126.80991063181456,37.56147292413762
8200,아주초교(연등)2,-,710,86대,-,002,127.07483453211928,37.5061792506468
8201,대명초교입구연등(경보),-,740,102도,-,001,127.15485266703293,37.544035394005405
8202,힐스테이트암사(경보),-,740,509대,-,002,127.12572838734005,37.548136877153475
8203,KT신사지사(경보),-,680,456 대,-,002,127.02903504943176,37.525903523568054
8219,임오빌딩,-,440,487-365대,-,001,126.91785566329575,37.55857910018363
8232,상현중1(경보),-,590,산36임,-,001,126.96191527879708,37.494385632594266
8323,피자헛삼거리,-,290,산117-1임,-,001,127.05186497363316,37.62185662068706
8357,잠현초등학교앞(연등),-,710,471천,-,001,127.10444018511669,37.521587394769334
8455,힐스테이트리슈빌강일505동,-,740,52-8답,-,002,127.17482886371009,37.5745756793305
8458,신설10번,-,740,-,-,002,127.17631205444489,37.572822675578394
8459,신설9번,-,740,-,-,002,127.17536659265053,37.57258186324383
8461,강빛중학교정문,-,740,112-10 전,-,002,127.17213574776464,37.573839117911575
8475,송파IC지하차도,-,710,57-2도,-,001,127.12943045631481,37.47085033689625
8539,천호대교남단진출램프,-,710,481-9천,-,002,127.11666119507562,37.54179602892551
8618,휘경1동주민센터(연등),-,230,85-101도,-,002,127.06472941694291,37.59337876889789
8665,한솔아파트101동앞(연등),-,560,1-19천,-,001,126.88757131654191,37.54491932157046
8667,성산대교남단동측B,-,560,36천,-,001,126.89096146909282,37.54422749927781
8702,자양1파출소,-,210,393-1,-,002,127.07680337569138,37.536975534448445
8723,599모터스,-,650,1514학,-,002,,
8728,심미아파트(연등),-,470,1090도,-,001,,
8729,화곡복지아파트,-,500,662-13도,-,002,,
8730,경동시장(연등),-,230,47-1도,-,001,,
8732,성북초교(연등)2,-,290,63-11 도,-,002,,
8733,쌍용남산플레티넘,-,140,27-3도,-,001,,
8075,캐스트윈,-,500,323-1답,-,002,126.83614341232759,37.56359762813909
8079,LG에스엘씨,-,500,422-61도,-,002,126.83024113726802,37.561558825311934
8081,마곡필네이쳐,-,500,789-10 도,-,002,126.8365729024357,37.56096587373494
8102,미주고시원(연등),2719,170,30-32대,-,002,126.97772404649747,37.5487704248281
8126,아현시장,-,440,137-5대,-,001,126.95530219864423,37.55536195240562
8161,선사로6길(경보),-,740,350-3도,-,002,127.11917308001776,37.541230987163466
8163,서부경찰서(연등)1,-,380,27-21대,-,001,126.92083676113982,37.6021742630787
8164,고덕그라시움145동,-,740,169도,-,001,127.16872801527738,37.55810285741267
8427,창도초교후문,-,320,660도,-,001,127.05030368822902,37.66423814239612
8438,고원초교(연등),-,530,76-147대,-,002,126.86492665957158,37.49725166333376
8441,바다마을아파트앞,-,560,143-49 도,-,001,126.91615458139516,37.50322076064619
8460,신설7번,-,740,127-2 구,-,002,127.17294687064738,37.571877827339804
8463,신설14 15번(연등),-,740,-,-,002,127.17542373316694,37.572149239348256
8464,신설11번,-,740,113-2전,-,002,127.17185049422055,37.571150917350785
8466,화곡터널남단(연등),-,500,409-8대,-,002,126.84620679488647,37.53368789890542
8467,북위례#4,-,710,572도,-,002,127.1572438610965,37.48926321964313
8490,교보생명,-,110,40 도,-,001,126.97726779444055,37.57160875399206
8517,광진교북단(연등)1,-,210,188-15도,-,002,127.10905262579475,37.54621592248471
8520,파리공원앞,-,470,901-9 도,-,002,126.877875247474,37.5356169395668
8563,포레샤인17단지출입구,-,710,276답,-,001,127.14750426910125,37.48442153782358
8577,양원S1블록101동(연등)1,-,260,599 도,-,002,127.10626924439224,37.609277959901824
8578,양원S1블록101동(연등)2,-,260,604 도,-,002,127.10660512890294,37.60928359764204
8583,서울숲IT밸리,-,200,13-207 대,-,001,127.05058689296715,37.54691967180934
8670,성은예배당,-,260,382-1천,-,001,127.07195355946354,37.59714000488124
8673,한신더휴103동,-,300,3-819도,-,002,127.03273787203295,37.61988324572946
8676,방배제일은행,-,650,725대,-,001,126.98902592207848,37.49508789191075
8706,태평양파크빌라트,-,710,88-2 대,-,002,127.12274763855235,37.51328331189118
8708,의생명연구센터,-,680,805-32 도,-,001,127.0450237967513,37.49368781507918
8716,홍은새마을금고,-,410,11-542대,-,002,126.94763750518591,37.59907166897943
8717,구룡초교(연등),-,680,649 대,-,001,127.05299314426593,37.48067838800127
8746,면목한의원,-,260,630 도,-,002,,
8775,한강밤섬자이,-,440,12-7 도,-,001,,
8845,광운대입구(연등),8337,290,122-12 도,-,001,,
8846,답십리초교입구,-,230,439-97 도,-,002,,
8849,KT강남지사,-,680,801-7 도,-,001,,
8233,철산교하부(경보),-,540,426-5 장,-,002,126.87779008281987,37.47574739640964
8235,인헌중학교(경보),-,620,1655-10대,-,001,126.9668227724953,37.472159212735555
8236,참새어린이공원(경보1),-,590,390-5학,-,002,126.92205916477062,37.49786228740086
8237,참새어린이공원(경보2),-,590,390-5학,-,002,126.92192149739543,37.49771184107596
8327,서울금나래초교(경보2),-,540,426-3답,-,001,126.89701126130835,37.45793809226589
8360,독바위역(연등)1,-,380,16-103대,-,002,126.93304671744963,37.61846332043713
8391,창신초교(연등),-,110,20-136 대,-,001,127.01544832174127,37.5770627724124
8472,마천동교회,-,710,229-2 전,-,001,127.15705129353596,37.496215495501644
8501,장위꿈의숲707동,-,290,316-5 대,-,002,127.04849869234032,37.61988774673965
8503,꿈의숲교회,-,290,171-35도,-,002,127.05039220939608,37.61750465658399
8513,도화현대110동,-,440,139-214대,-,001,126.95621687925352,37.540175768442786
8514,도화현대110동(연등),-,440,155대,-,001,126.95539492724137,37.540673571493954
8568,청원빌딩,-,170,5-174대,-,001,126.95924280410944,37.5392032162057
8586,강빛초등학교(원형교차로),-,740,119-6 답,-,002,127.17083988035806,37.57354631404381
8638,신화아파트앞,-,620,산197-31임,-,002,126.91697811004697,37.477040448889866
8671,중화2동굴다리(연등),-,260,314-42도,-,001,127.07593357038941,37.59707215395817
8672,합정역3번출구,-,440,465-7대,-,001,126.9161615850704,37.55119698467301
8675,고척아이파크몰,-,530,102-8 도,-,002,126.85969614719265,37.49911381470952
8690,증산2교남단(연등),-,410,352-1 천,-,002,126.91195077497281,37.583407103391615
8694,용문시장1문,-,170,88-1학,-,001,126.96064473273374,37.53705033657728
8697,북서울꿈의숲동문(연등),-,290,산28-4 공,-,001,127.04433727785026,37.61908440939148
7930,도원래미안삼성아파트(연등)2,-,170,5-713철,-,001,126.95853489412083,37.539407920510776
7935,공항지구대,-,500,614-1대,-,001,126.80891662352906,37.56242570772509
8362,공작아파트,-,560,84천,-,001,126.92920327101643,37.52643676446272
8365,방배3치안센터(연등)2,-,650,988-1대,-,001,126.9994292337885,37.47880178701947
8373,면목아이파크108동,-,260,284-13도,-,001,127.08127506754492,37.58338816523849
8396,백련산해모로아파트(연등),-,380,109-22대,-,001,126.92012090332813,37.596082404755506
8421,74반점,-,300,423-95대,-,001,127.01278864246211,37.64790939466576
8422,홍능주유소(연등),-,230,산1-157임,-,001,127.04289863946204,37.587952899890844
8428,창경초교정문,-,320,20-7도,-,002,127.03455066415586,37.6553696903278
8429,은평직거래장터,-,380,106-24도,-,002,126.91955461305521,37.59366435861485
8430,역촌초교후문,-,380,22-12 주,-,002,126.91494077433711,37.60237536276315
8443,보광초교삼거리(연등),-,170,106-2대,-,002,126.99559437122522,37.533073783098686
8553,구로SKV1센터,-,530,-,-,001,126.81689077339247,37.47665902806815
8591,역삼초교(연등)2,-,680,741-41 대,-,001,127.03367074293587,37.49360729171679
8620,공릉역(연등)1,-,350,366-3대,-,001,127.07276541300533,37.62610505190843
8627,1번교차로,-,710,266-1답,-,002,127.14949316933699,37.48759915251874
8640,대림초교입구,-,590,391-230대,-,001,126.92532384832118,37.49987037157084
8641,프린스빌라,-,350,산145-12임,-,002,127.07277809506157,37.66557563407158
8642,공릉한보아파트,-,350,189 학,-,002,127.0799943051551,37.62739779954599
8643,신성빌딩,-,320,624-107 대,-,002,127.04532236119353,37.671258487633175
8679,위례신안인스빌사거리,-,710,393임,-,001,127.14350377985319,37.475368015952306
8682,성우하이츠빌앞(연등),-,300,258-586대,-,002,127.02987839512035,37.625490902480344
8734,군자동주민센터,-,210,55-1도,-,002,,
8735,경원타운빌,-,210,669도,-,002,,
8737,노들로서부간선도로진입부,-,560,1-22 천,-,001,,
8738,성산대교남단서측,-,560,10-2천,-,001,,
8739,까치산역,-,500,662-5도,-,001,,
8741,선아유치원,-,740,129도,-,001,,
8742,잠실대교남단진출램프(연등),-,710,1-1천,-,001,,
8747,휘경SK뷰104동,-,230,120-10도,-,001,,
8748,보람동물병원,-,260,700도,-,002,,
8750,상봉역(연등),-,260,160-4 도,-,001,,
8754,블래스아파트삼거리,-,710,224-4 도,-,001,,
8755,패밀리타운아파트입구사거리,-,710,308-2도,-,002,,
8756,수서행복주택아파트입구,-,680,196-1 도,-,001,,
8758,상계롯데캐슬정문,-,350,91-3 도,-,001,,
8760,수서행복주택101동앞,-,680,324-1답,-,002,,
8761,수서행복주택103동앞,-,680,332-3답,-,002,,
8763,은석감리교회,-,410,385-13 도,-,002,,
8764,한울소공원,-,410,385-13 도,-,002,,
8766,도봉119안전센터,-,320,637-4 도,-,001,,
8767,만물유통,-,500,951-4도,-,001,,
7933,서울식물원,-,500,17-4유,-,001,126.83558814027809,37.56855178591425
7936,가양3단지(연등)2,-,500,439-1제,-,001,126.85499725246748,37.56444555615319
8000,가래여울지하차도,-,740,22전,-,001,127.16968117092036,37.57533476862301
8074,에스오일TS&D,-,500,296-1답,-,002,126.83639971978444,37.565326349377635
8078,LG생활건강,-,500,350답,-,002,126.8337963924566,37.56252307867252
8157,인암빌(경보),-,200,293-61대,-,002,127.04604704702018,37.56087306281001
8204,논현동청년주택(경보),-,680,33-22 대,-,001,127.04330718086355,37.510124868850106
8270,시립은평병원(연등),1094,380,232-3 대,-,001,126.92298104806895,37.591953573563174
8272,사이언스파크어린이집,-,500,671-2 답,-,002,126.83059080586196,37.56408744379737
8280,원터공원(연등)1,-,740,494대,-,001,127.15019998013484,37.55470010020092
8310,문교초교(연등),-,540,산116-2임,-,002,126.90779829649316,37.467360145226834
8311,유원강변아파트103동앞(경보),-,590,324천,-,001,126.95167296333875,37.51473406033923
8317,전한의원앞,-,650,822-23도,-,002,126.98551158762557,37.49088600431043
8328,상일어린이집,-,740,212대,-,001,127.1656116179506,37.55480550896789
8359,홍제삼거리(연등),-,410,223-20대,-,002,126.94671258750908,37.58607057256331
8364,흑석어린이집,-,590,79-35대,-,002,126.96042295138876,37.49958590399001
8471,힐스테이트리슈빌강일507동(연등),-,740,109-5전,-,002,127.17286410399447,37.57403425249396
8506,네이처힐5 7단지앞,-,650,277전,-,001,127.02371387156695,37.46224125159174
8507,영문초등학교앞,-,560,19 대,-,002,126.88698894948274,37.519407649945016
8534,연희IC(연등)1,-,410,132-50대,-,001,126.92986048979296,37.56549222083437
8683,월튼힐타운,-,350,산146임,-,002,127.07098631241409,37.666887256389984
8684,SH스카이101동,-,300,468-43학,-,002,127.0122851999078,37.6279937164005
8693,옥수삼성아파트후문(연등),-,200,250대,-,002,127.01408883275104,37.54073280213137
8711,용두교앞(연등),-,230,982-1대,-,001,127.03656559106463,37.57819090955084
8712,잠실대교북단진출램프,-,210,692학,-,001,127.08894904628063,37.52817968764003
8841,test6수정,-,230,535 도,-,002,,
7931,사이언스파크1차,-,500,328-3답,-,001,126.83401108378722,37.56380071091807
8002,e편한세상아파트101동입구(경보),-,650,886-26도,-,001,126.99742507918526,37.48450075619818
8003,방배한화아파트입구(경보),-,650,884-21 대,-,001,126.99794150356706,37.4846535959552
8117,래미안솔베뉴105동앞,-,740,489학,-,002,127.14636873952261,37.55373423813777
8119,고명초등학교앞(연등),8118,740,317-23대,-,002,127.14617779202244,37.55224518045427
8222,우성아파트102동(연등),-,320,271-1 대,-,001,127.02649343721384,37.657660361601664
8223,쌍문초교후문(연등),-,320,285-5대,-,002,127.02410028535478,37.6482712313499
8225,SRT수서역,-,680,723 대,-,001,127.10388423689344,37.48474574372479
8241,종암사거리(연등),-,290,90-861대,-,001,127.032553337144,37.60256511389738
8413,4번 교차로,-,710,산71-45 임,-,001,127.15433649278152,37.49038653894796
7998,왈츠식물원(경보),-,-,180-4대,-,001,127.16404040585348,37.54312472455661
8077,센서텍(연등),8076,500,319잡,-,002,126.83759127293074,37.56343902923333
8080,범한기술원(#31),-,500,367-1대,-,002,126.8357400664516,37.5610401290862
8139,행운부동산(경보1),-,620,979-6도,-,002,126.9443469078975,37.47912563928944
8283,삼성1파출소(경보),-,680,93 대,-,002,127.06040170481813,37.514999481643706
8303,신풍지구대앞(경보),-,560,3056대,-,001,126.91196604351514,37.49908490155818
8304,한우리정보문화센터(경보),-,650,1435-19 대,-,002,127.0241052137803,37.48246822912225
8307,한신휴플러스101동앞(경보),-,590,190-3대,-,002,126.950803199279,37.509248387672216
8308,극동아파트길(경보),-,590,258-1수,-,002,126.95140516547825,37.51147164009751
8314,상도롯데캐슬아파트102동앞(경보),-,590,211-492 대,-,002,126.94383976283974,37.49632486211011
8320,강남역아이파크2차오피스텔(경보),-,650,200-3 대,-,002,127.02421766014956,37.502446577940454
8329,보라매SK뷰아파트201동앞(경보),-,560,897-2대,-,001,126.91853603107795,37.50344117975621
8564,서울맹학교,-,170,64 대,-,002,126.97202124232686,37.53432653235572
8581,태릉해링턴110동,-,350,119도,-,002,127.08423418545703,37.62527188850554
8619,천호대교북단램프,-,210,188-2대,-,001,127.10848150395968,37.54411834065471
8649,태승빌딩,-,680,480 공,-,001,127.03354529926514,37.52762828108506
8650,서초네이처힐1단지앞,-,650,167-2답,-,002,127.02123266652457,37.463936391617594
8664,한솔아파트101동앞,-,560,1-26천,-,001,126.88731189256208,37.544681005813274
8678,현성빌딩앞,-,590,85-1수,-,002,126.92831783755028,37.511204792548135
8709,망우금호어울림,-,260,80-2 도,-,002,127.10813960133237,37.602026049422314
8724,네이처힐3 4단지앞,-,650,718 도,-,002,,
8725,성원빌딩앞,-,650,812-28 도,-,002,,
8726,G스퀘어앞,-,530,222-15도,-,002,,
8749,국회대로공원,-,500,951-7도,-,001,,
8751,개포5단지앞사거리,-,680,197-1 도,-,001,,
8752,개포초교삼거리,-,680,197-1 도,-,001,,
8768,서강대교북단램프(연등),-,440,149-1천,-,001,,
8769,서강대교북단램프,-,440,149-1천,-,001,,
8770,창4동어린이집,-,320,759 도,-,002,,
8771,상계주공1501동,-,350,660도,-,001,,
8772,상계푸르지오104동,-,350,140-257천,-,001,,
8773,당고개지구공원,-,350,65-42천,-,002,,
8776,용문동어울림센터,-,170,38-9도,-,001,,
8782,정의공주묘(연등),-,320,465-2구,-,002,,
8783,힐스테이트청량리,-,230,47-39 도,-,001,,
8784,휘경동롯데102동,-,230,146-75구,-,002,,
8785,회현119안전센터,-,140,39-7도,-,001,,
8786,국민안전교육연수원,-,590,407-28도,-,002,,
8788,문정초교정문,-,710,12-2도,-,002,,
8790,황학동벼룩시장,-,140,160도,-,001,,
8791,남산육교,-,140,235-1도,-,001,,
7928,장우오피스텔,-,170,30-84대,-,002,126.98168997979387,37.54980170637709
8001,e편한세상아파트입구(경보),-,650,903-17대,-,001,126.99709796673032,37.48354779406801
8104,에스씨텍(경보),-,540,60-26장,-,002,126.88647101166333,37.473526103683
8138,남대문중학교(연등),8137,290,500학,-,002,127.05514684773495,37.617749302834696
8271,창원빌딩,-,710,133-12대,-,001,127.14524591680886,37.49501338758263
8273,양재빌딩,-,650,99-5천,-,001,127.04024440209176,37.474066541833395
8313,상도롯데캐슬아파트101동앞(경보),-,590,211-444대,-,002,126.94393870114394,37.496798986556094
8315,반포쇼핑타운3동앞(경보),-,650,72-2대,-,002,127.00282874335255,37.506111388471936
8316,한일공인중개사앞(경보),-,650,758-3도,-,002,126.98844276021876,37.49204265781804
8321,대우아파트놀이터(경보),-,740,산41-1 임,-,002,127.14568930728426,37.558940262035364
8322,독산테니스장앞(경보),-,540,882-19대,-,002,126.90583414529813,37.474966501368904
8324,대륭20차(경보),-,540,998-17대,-,001,126.88765244363026,37.466758739269366
8589,기업은행공릉(연등)2,-,350,737대,-,002,127.0796413195178,37.62437996259772
8431,현아트빌,-,620,457-24대,-,002,126.91972199131585,37.48591015052941
8567,용문시장2문,-,170,12-14도,-,001,126.96130332751495,37.53595919161125
8731,성북파출소,-,290,63-11 도,-,001,,
8736,송파시그니처입구,-,710,689-8 대,-,002,,
8835,미림여고(연등)2,-,620,298-2도,-,001,,
8838,수색초교정문,-,380,131-2전,-,002,,
7962,잠실2동주민센터앞,-,710,22-3 학,-,001,127.08850084196578,37.51158231512295
7966,안골마을,-,650,247전,-,001,127.06265055747694,37.455959116556144
7967,선유초교,-,560,23-6대,-,002,126.89328936873511,37.532521950885936
7992,롯데캐슬골든힐스,-,290,1280 대,-,001,127.01543021621572,37.60876094019366
8010,연희파크푸르지오,-,410,404-11 대,-,002,126.92849972720242,37.57611226143687
8116,신장위교회,-,290,157-5대,-,001,127.05158933263341,37.61826008733199
8120,코끼리마트앞,-,650,927-36도,-,002,126.99193164001359,37.48284117398211
8122,송파성광교회(연등),-,710,251-2 대,-,002,127.1151164694266,37.52972864532434
8133,백련산해모로106동,831,380,101-20대,-,002,126.92297087239407,37.59521097405111
8134,응암2동주민센터(연등),831,380,194-17도,-,002,126.92310739394972,37.59394502169036
8143,구립양지어린이집앞,-,590,산12-2 임,-,002,126.97165664871001,37.48948068029115
8165,고덕그라시움후문,-,740,217대,-,001,127.15908796513472,37.55672556943658
8337,광운대입구,-,290,402-1도,-,001,127.05641800755699,37.6169500510795
8352,영등포교회앞,-,560,29-26도,-,002,126.90658236643648,37.522496930794595
8398,삼일빌딩앞,-,140,145-9대,-,001,127.00025814350924,37.56264844378752
8402,위례지하차도상부,-,710,354-11 도,-,001,127.13261762852477,37.47493571651293
8403,한남대교남단진입램프,-,680,386 천,-,001,127.0156013343224,37.52474751422111
8406,퍼스트클래스삼거리,-,710,산50임,-,001,127.14893152787089,37.48399767377312
8432,일광빌딩,-,620,1469-8도,-,002,126.92101545489017,37.48614896448474
8433,신림신도브레뉴,-,620,702-9천,-,001,126.9110704784127,37.484310981692886
8434,영원초교정문앞,-,560,647-1 대,-,002,126.90282994357509,37.51025125627533
8533,와우교,-,440,100-41대,-,002,126.931033481926,37.55605815173959
8541,여의도지구대,-,560,84-1천,-,001,126.92705569912431,37.530317932753356
8621,신내역시티프라디움101동,-,260,318-29 전,-,002,127.10274758736088,37.60934172167919
8646,서대문소방서구조대,-,410,76-14도,-,001,126.93476639368326,37.571704074949544
8704,63빌딩(연등)4,-,560,86-1천,-,001,126.93989224092844,37.52077051543793
7929,삼연빌딩,-,200,277-72도,-,001,127.05713626688697,37.544251815508474
7932,서울식물원남측(#15),-,500,775-3 도,-,001,126.83461277578975,37.56744130967194
7934,코오롱타워,-,500,307-1전,-,001,126.83427475046888,37.56554258567835
8145,서교천주교회(연등)2,916,440,328-28대,-,001,126.92698190755354,37.553311398166166
8158,화랑삼거리(연등),-,350,103-70 철,-,001,127.09019992063301,37.62282367031503
8242,은평뉴타운129동,-,380,221-30전,-,002,126.91937787903618,37.63340574307524
8248,도림교회앞(연등),5729,560,618-354대,-,001,126.89715757564231,37.50912377600239
8277,지봉로8길입구(연등)1,-,110,57-62도,-,001,127.01570001397104,37.57469702918531
8278,잠실올림픽아이파크,-,710,445-1 도,-,001,127.11393397065497,37.52475326325786
8289,서울강림교회(연등)2,-,470,312대,-,001,126.86252719229874,37.516828401192164
8374,면목아이파크110동,-,260,1507-15제,-,001,127.08259818857509,37.58335474461166
8389,서이초교(연등)2,-,650,1330 대,-,001,127.02708035080823,37.49098917278929
8390,에이스하이엔드타워5차(연등),-,540,390-269 도,-,001,126.8795495732582,37.48502565417474
8420,제이플라츠(연등),-,540,371-9도,-,002,126.88146902786275,37.48073077415013
8497,서울고교,-,650,1515-14대,-,001,127.00409584624425,37.4834596649687
8518,반포주공66동(연등)2,-,650,1335-4천,-,001,126.9858879963731,37.50387825335891
8523,신내SKV1센터,-,260,산2-1임,-,001,127.11334857123812,37.613854680120745
8525,양천공원앞,-,470,318-8대,-,001,126.86919648316872,37.51887184772628
8535,김안과병원,-,560,133-1대,-,001,126.90107376012836,37.519240508183806
8552,행복숲어린이집앞,-,710,176-4도,-,002,127.13576008058318,37.49464949698383
8560,당현초교후문(연등),-,350,744도,-,002,127.05736671072557,37.64792452558889
8561,양원S1블록104동,-,260,604 도,-,002,127.107178636526,37.609906981689164
8705,한진그랑빌아파트(연등)1,-,300,317대,-,001,127.03749325371213,37.62717358092626
8718,인왕초교,-,410,266-233대,-,002,,
8721,송파파인타운2단지(연등),-,710,117 대,-,001,,
8740,국민건강보험공단강서,-,500,709 도,-,001,,
8765,구룡사거리,-,-,-,-,001,,
8792,광장그랜드빌앞,-,740,570도,-,001,,
8793,태영프라자,-,530,410-17도,-,001,,
8794,안천초교앞,-,540,1088-5도,-,002,,
8795,안천초교앞(연등),-,540,1088-5도,-,001,,
8796,대우미래사랑아파트앞,-,560,647-4도,-,001,,
8797,더사랑하는교회앞,-,650,212-3도,-,001,,
8798,한국콜마종합연구원,-,650,188-3도,-,001,,
8799,연신내역7번출구,-,380,487-2도,-,001,,
8802,월드컵대교북단램프1,-,440,487-342천,-,001,,
8803,월드컵대교북단램프2,-,440,487-137천,-,001,,
8804,SK기린주유소앞,-,560,280-5도,-,001,,
8815,BK타워삼거리(연등),-,710,641-2 도,-,001,,
8816,푸른솔어린이집,-,710,647-3 도,-,001,,
8817,솔밭로입구,-,620,1693-39도,-,001,,
8819,test,-,440,250-10도,-,002,,
8820,방배119안전센터,-,650,504-2도,-,001,,
8821,성현동주민센터앞(연등),-,620,738-69 천,-,002,,
8822,비즈밸리입구,-,740,232도,-,001,,
7975,도란도란교,-,290,125대,-,-,127.00796348581464,37.58759312629229
7988,연결,-,170,302-20천,-,001,126.9597262680656,37.51707692935975
7993,흑석복지센터앞,-,590,259천,-,001,126.96164729693092,37.50885805296701
8020,신한카드,-,560,282-1 도,-,001,126.89827910775331,37.53449555573819
8021,금천롯데캐슬1차(연등)2,7421,540,1009-73대,-,001,126.89633226558988,37.46146057223805
8132,백련산SK뷰아이파크,-,380,110-30대,-,001,126.91937637731472,37.5963596564433
8135,KKDC(연등),8073,500,272-11 학,-,002,126.83880793974953,37.56677895823189
8136,마곡필네이쳐(연등),8081,500,789-10 도,-,002,126.83725397730947,37.56092178508276
8137,남대문중학교,-,290,500학,-,002,127.0544447008171,37.618402126156596
8144,네이처힐501동앞,-,650,147-1답,-,001,127.02605390035012,37.461956426206335
8159,한남대교램프,-,680,490천,-,001,127.01446114516772,37.525245684385496
8212,두산초교후문(경보),-,540,333-5대,-,002,126.89068556492983,37.46666084195049
8214,서초참누리에코(경보),-,650,525-3전,-,001,127.01527577634465,37.45636454675146
8215,세움교회(경보),-,590,297-47대,-,002,126.93605032692875,37.50634543628612
8264,나비소공원(경보),-,590,527 대,-,002,126.94352638602551,37.50312753367501
8267,경남교수아파트앞(경보),-,560,4533-1 천,-,001,126.91211515374823,37.49617514816285
8276,잠실대교북단-04(연등),-,210,692학,-,001,127.088481308036,37.52806504829763
8281,원터공원(연등)2,-,740,307대,-,001,127.15215727495357,37.554771337651204
8340,서초래미안(경보),-,650,30-22잡,-,002,127.01832039479649,37.49778169731344
8379,맥파이빌딩(연등),-,500,664-26도,-,001,126.85045710350715,37.53081425019443
8468,신림4-5동교,-,620,1454-20 대,-,001,126.92410492185948,37.48541498289982
8469,개포래미안122동,-,680,660-3 대,-,001,127.05532633456555,37.47776464976733
8470,개포래미안122동(연등),-,680,660-3 대,-,001,127.05513313589017,37.47697679674465
8645,쌍문119안전센터,-,320,309-3학,-,001,127.02662539762524,37.64832412562563
8652,영동대교남단램프,-,680,340천,-,001,127.05581204170785,37.52744231753856
8686,상계역3번출구,-,350,172대,-,001,127.07328859038633,37.6609017019017
8687,신림빗물펌프장,-,620,700-2도,-,001,126.90778112476542,37.48491548649344
8688,강남빌딩,-,620,686-48대,-,001,126.90424116031384,37.48347724423896
8774,봉원빗물펌프장,-,440,145-3천,-,001,,
7994,유진빌라트앞(경보),-,740,554-2도,-,002,127.12263943898915,37.54594500196339
8140,행운부동산(경보2),-,620,913-32대,-,002,126.94432735292247,37.478815345023676
8152,천호대교북단,-,210,322-4대,-,002,127.10661472247831,37.54429392988048
8162,레미니스2단지입구(경보),-,710,444-16답,-,001,127.1384602850703,37.50601619960353
8275,혜화동로터리(연등),-,110,22-19대,-,002,127.00089222156805,37.58592042319519
8298,대우효령아파트102동앞(경보),-,650,921-22도,-,001,126.99294396567409,37.47992118504956
8299,방배3차대림아파트(경보),-,650,612-49대,-,002,126.99236730471364,37.49357009839937
8305,남성지구대(경보),-,590,163-46대,-,002,126.97397458356303,37.4839991986139
8306,중앙대메디컬센터앞(경보),-,590,172-12 도,-,001,126.96123547335932,37.508238297303976
8331,항동퍼스트빌601동,-,530,115전,-,001,126.8213733847441,37.47760177790813
8361,공작아파트(연등),-,560,84천,-,001,126.92863326238626,37.5270006119135
8377,위례파출소앞,-,710,491임,-,001,127.14570938209987,37.47813031501544
8378,가산센트럴푸르지오시티,-,540,142-45도,-,001,126.8907603770456,37.474631314768146
8410,송원초교,-,210,90대,-,001,127.07026673915793,37.55324192248628
8412,영등포푸르지오아파트206동앞,-,560,423-98도,-,001,126.9047351512488,37.513369346110224
8415,7번 교차로,-,710,산60-10 임,-,001,127.15297735581404,37.48835293749212
8416,창1동주민센터(연등),-,320,335-2 도,-,001,127.04489012020824,37.64880753178072
8456,신설6번,-,740,110-3전,-,002,127.17170617988198,37.571554660369294
8510,경복궁(연등)2,-,110,165-10 대,-,001,126.97915992682407,37.57538339842496
8519,송파호반써밋아파트,-,710,산41-1임,-,001,127.142821819341,37.485233687415594
8536,양화대교남단,-,560,56-2천,-,001,126.89827640085454,37.53682388398804
8537,신동아럭스빌앞(연등),-,650,1018-1대,-,001,127.00111614678924,37.47630057953549
8571,CU교대역점앞,-,650,1738-4도,-,001,127.0176326905295,37.49492135915248
8573,가양대교북단램프2(연등),-,440,-,-,001,126.86649076950343,37.576195327243056
8574,양원S1블록101동,-,260,604 도,-,002,127.10638582399316,37.609052348272506
8698,국민은행화양,-,200,73-35천,-,001,127.06396336548505,37.548170309538456
7939,혜성빌리지(경보),-,710,116-8대,-,002,127.1399044226083,37.500685617292355
7958,은평성모병원정문,-,380,산100-44임,-,001,126.91563434827553,37.63442252672522
7959,은하약국,-,230,819도,-,002,127.04421201754539,37.577776964848105
7963,웃말공원앞,-,710,225-1도,-,001,127.12203516760432,37.50268933735651
7965,상도노빌리티101동앞,-,590,215-109대,-,002,126.94689036141128,37.50561696134231
7968,보라매나산스위트앞,-,620,425대,-,001,126.92436143349865,37.49033583020495
8093,남산적십자,-,140,111도,-,001,126.98802216005615,37.55945454289424
8095,문영퀸즈파크,-,530,636-89 대,-,001,126.87157758549903,37.495957246888594
8146,밀알학교(경보),-,680,50 대,-,001,127.08306378048003,37.48609804437381
8257,고덕센트럴502동,-,740,121대,-,001,127.16524290656683,37.55224157501323
8326,서울금나래초교(경보1),-,540,1059대,-,001,126.89741308885665,37.45904556300956
8375,월계중정문,-,350,산82임,-,001,127.0527907183511,37.63139577576884
8376,시티파크103동,-,170,2-4공,-,001,126.96905354415847,37.52590060590821
8380,망우택시미터,-,260,524-14 종,-,001,127.09385547006548,37.58910327916616
8384,LG베스트샵군자,-,210,668도,-,001,127.07908622449348,37.5564250104783
8399,상곡초교(연등),-,350,641학,-,001,127.06178116966723,37.66253583534928
8407,호반가든하임아파트,-,710,270답,-,001,127.1520994510505,37.48636074294185
8440,당중초교,-,560,57-3유,-,002,126.8886239614429,37.52617023713474
8524,국립정신건강센터후문(연등),-,210,168-2대,-,001,127.08361447592588,37.56468069295283
8565,동일초교(연등)1,-,350,660도,-,002,127.05423990772968,37.664451746159344
8626,신내역금강펜테리움,-,260,44-9 도,-,002,127.10990365814023,37.6099558292388
8644,창동북한산아이파크,-,320,727-13 구,-,001,127.0417303007617,37.65910022692274
8647,효자동삼거리(연등),-,110,1대,-,001,126.9736637825786,37.583047173084594
8648,은곡유치원,-,680,산50-9임,-,002,127.0972223314212,37.46708974813658
8651,웅산빌딩앞,-,620,75-8대,-,001,126.9301305757804,37.48103083228202
8662,양화교동단,-,560,153-1수,-,001,126.88201562752307,37.54816842307318
8663,아리수정수센터,-,560,163-3제,-,001,126.88125903244922,37.54903987367671
8689,보라매운수,-,620,701-11도,-,001,126.90639621141722,37.48349427961313
8692,상계역(연등)2,-,350,156-183도,-,002,127.07201357757606,37.66037031551343
8744,반포르엘201동,-,650,112도,-,001,,
8753,개포7단지앞사거리,-,680,197-2 도,-,001,,
8778,호반써밋14단지후문,-,710,657-9 도,-,001,,
8779,위례장지터널상부,-,710,산33-12 임,-,001,,
8780,산기슭공원삼거리,-,540,산138-6도,-,002,,
8781,래미안서초에스티지아파트(연등),-,650,1380 도,-,001,,
8824,창동문화산업단지,-,320,1-12 도,-,002,,
8825,서울에너지공사,-,470,901-8 도,-,002,,
8826,수색초교후문,-,380,129학,-,002,,
8827,우석빌라,-,210,150-196도,-,002,,
8829,신반포어린이집,-,650,1-1대,-,002,,
8832,신내IC진출램프,-,260,73-1 도,-,001,,
8834,명신초교(연등)2,-,290,225-279대,-,002,,
8839,DMC롯데캐슬113동,-,380,358-3대,-,002,,
7990,래미안베라힐즈208동,-,380,4-247대,-,-,126.93622481851828,37.605391430863854
8083,대방디엠씨티2차앞,-,500,239-18 대,-,002,126.83862018027601,37.5687323504536
8166,서초삼성물산(경보3),-,650,858 도,-,001,127.02633724542127,37.496620949746145
8169,배봉초교(연등)2,252,230,산32-20임,-,001,127.06697074232028,37.57859217358457
8171,영동대교북단연결로(연등),8151,200,204-16도,-,002,127.05847144906829,37.53277629637003
8172,불암도서관(연등),4086,350,593대,-,001,127.08191101423289,37.64602885034264
8174,휘경SK뷰(연등),3526,230,112-12대,-,001,127.0655432052293,37.59442228238428
8176,범일운수(연등)2,5350,540,230학,-,001,126.9129574166595,37.45008349826542
8178,서초더샵1단지앞(연등)2,-,650,221 전,-,001,127.06394407288873,37.45460100868252
8184,팬코(연등),2918,500,1081답,-,001,126.83818279777178,37.560829293570514
8186,흑석롯데캐슬(연등),7129,590,340-10 도,-,002,126.96078956040328,37.504543805962534
8187,한국자동차유리(경보),-,620,304-45학,-,001,126.97193982471244,37.475694975982684
8259,아크로리파크107동앞(경보),-,650,1-1대,-,002,126.99502974250493,37.50592458444779
8449,명진카센터,-,290,609-1 대,-,002,127.01288432675868,37.592258390145346
8453,신설12번,-,740,107-2답,-,002,127.17315180528006,37.571567995103344
8454,신설5번,-,740,123-2잡,-,002,127.17140160815264,37.572267554393
8457,신설16번,-,740,-,-,002,127.17648889892511,37.572474428381945
8462,신설14 15번,-,740,-,-,002,127.17509120747373,37.572070119998294
8465,힐스테이트리슈빌강일507동,-,740,108-6전,-,002,127.1735445960136,37.574226893582896
8546,신내힐데스하임정문,-,260,599 도,-,002,127.10558406226129,37.6096605873969
8508,북가좌1동주민센터,-,410,304-23대,-,002,126.91052110416543,37.57417541117285
8544,칸타노체,-,260,65-13 도,-,002,127.10511598934609,37.61179377645349
8777,성북풍림아이원101동(연등),-,290,83-137 도,-,001,,
8787,유성하우스,-,590,215-179도,-,002,,
7960,구의래미안입구,-,210,60-8공,-,002,127.09139470671907,37.545405972483884
7964,강동유정유치원앞,-,740,47잡,-,002,127.1746792237391,37.55044491754195
7970,신암중후문,-,740,255-2전,-,001,127.1324212402843,37.5564445683761
7973,율현초교정문(경보),-,680,346-1도,-,002,127.10752262534584,37.4743161642833
7989,교차로연결용,-,170,302-20천,1,001,126.9602412691309,37.517271126976006
8037,통의파출소,-,110,1-1 사,-,001,126.97415643034789,37.57700033744428
8045,독산4동삼거리(연등)1,116,540,193-32도,-,001,126.9030771414454,37.47111311401889
8053,백제고분(연등),321,710,15도,-,001,127.11538802771842,37.508515714153255
8055,선린초교(연등)1,2756,740,30-4대,-,001,127.14554637059268,37.528673340335345
8060,씨티극장(연등),1782,680,800-31 도,-,001,127.02619321625194,37.50101922028719
8066,은정초교(연등),3860,470,276-1도,-,002,126.86689507811609,37.51048793365414
8097,도봉시장(연등),-,320,642대,-,001,127.04674021714628,37.67358903527963
8101,올림픽대교남단램프,-,710,255-1천,-,001,127.10734680326063,37.53041287700311
8141,항동중앙교회(S3-1),-,530,197-2 도,-,001,126.82051415856118,37.478046981240546
8205,가락수산물시장(경보)1,-,710,600 대,-,001,127.1076405336551,37.49167435121081
8358,르네상스호텔(연등),-,680,691-21 대,-,001,127.04241661972708,37.50339995290989
8388,만복기사식당,-,440,431-33대,-,001,126.89990473204358,37.55547304332085
8400,포레나노원1단지,-,350,641학,-,001,127.06135095897378,37.66416430674176
8418,래미안리더스원아파트입구,-,650,1337대,-,001,127.02778058499152,37.489533163366524
8600,송파상운종점 단일로1,-,710,300-39대,-,002,127.15327267277148,37.492567856210414
8635,가재울성천교회,-,410,159-10대,-,002,126.91768260165294,37.57055364243062
8685,금화왕돈까스,-,300,1356 대,-,002,127.03463249634972,37.61251967927937
7940,김포공항내,-,500,886 잡,-,-,126.79924799151864,37.562375848194634
7942,상암카이저팰리스앞,-,440,1653 대,-,001,126.89115357489948,37.57424562552523
7948,수유1파출소(연등)3,-,300,55-7도,-,001,127.01782568674253,37.63053287197858
8004,강남자동차검사소(경보),-,680,480천,-,001,127.11973235403545,37.46880504685859
8034,세종초교(연등),2394,210,143-11대,-,002,127.07217818378234,37.55284461139581
8041,거여치안센터(연등),1945,710,133-9대,-,001,127.14492434772214,37.494308216544304
8051,문래동사거리,-,560,54 대,-,001,126.8972722853741,37.513166361825
8092,교일학원강북,-,300,205 대,-,002,127.01863509746714,37.64097493000963
8103,한일모터스,-,540,60-32장,-,002,126.8871491141714,37.472061243339645
8124,마포세무서,-,440,1-29 대,-,001,126.93965307302973,37.54695831469156
8128,신촌금호아파트,-,440,49-31대,-,001,126.93202925711853,37.55345527121077
8382,고덕센트럴푸르지오,-,740,613전,-,001,127.17124560034696,37.55823199869241
8383,위례서로정식도로(#2),-,710,342-1학,-,001,127.14250604170928,37.48851090143357
8394,양재시프트(연등),-,650,75-5전,-,002,127.03374310443517,37.4734946089534
8411,영림초교정문앞,-,560,1012-8도,-,001,126.90261929981666,37.48678419543951
8444,올림픽대교남단하부,-,710,386 도,-,001,127.10908336815088,37.52898658892222
8499,장위꿈의숲701동,-,290,316-5 대,-,002,127.04947907139439,37.62049268458893
8558,힐스테이트신촌103동,-,410,1-1348대,-,002,126.95207963330621,37.562524766431395
8585,보라매자이아파트,-,590,393-60대,-,002,126.92677074450013,37.49822235933182
8590,이비스호텔,-,680,158-7 대,-,001,127.05738887668024,37.50549071444477
8668,신무문,-,110,1대,-,001,126.97538084033336,37.58379889016574
8669,춘추관,-,110,산5-16임,-,001,126.97934578917118,37.58346836669497
8720,한솔동의보감,-,230,979대,-,001,,
8722,한국금거래소,-,680,50-5 대,-,001,,
8727,욱빈타워,-,710,306도,-,002,,
8823,여의도삼부아파트(연등),-,560,2-1도,-,002,,
8831,한영프라자(연등),-,320,723-6도,-,001,,
8840,압구정토끼굴(연등),7841,680,495 도,-,002,,
8842,test1108,-,230,535 도,-,002,,
8843,test11081,-,230,535 도,-,002,,
8844,효문중,-,320,437-9 도,-,002,,
8847,새샘근린공원,-,230,439-97 도,-,002,,
8848,신답경남아파트101동,-,230,645-1대,-,002,,
8850,플러스빌,-,260,534-12도,-,001,,
8851,노들로신길역앞,-,560,15-3도,-,001,,
8852,당산초교앞,-,560,37-1천,-,001,,
7947,수유1파출소(연등)2,-,300,55-7도,-,001,127.01775367690479,37.63152939066295
7949,동작사회복지관,-,590,13-2학,-,002,126.93346065565464,37.50587320254354
8025,공진초교후문,-,500,1290전,-,001,126.82193644011113,37.5585510957314
8033,삼양입구사거리(연등)3,528,300,137-95대,-,001,127.02985398347887,37.61665001091159
8062,염곡사거리(연등)1,325,650,341-6대,-,001,127.04407286986908,37.466367944235465
8070,항동하버라인10단지(연등),8015,530,82-4대,-,001,126.82501817140245,37.478456123537725
8072,여의도지구대(연등),1897,560,84-1천,-,001,126.92700963391366,37.53005809912031
8109,고덕센트럴아이파크정문,-,740,-,-,001,127.16679105874465,37.55045366416852
8112,롯데캐슬베네루체702동,-,740,131대,-,001,127.1654452359768,37.54954400390331
8206,서부샛길삼거리,-,540,459-18 체,-,002,126.87659669982877,37.47864983617565
8207,사당대림아파트5동앞,-,590,167-6대,-,002,126.97323066220443,37.4854446441271
8216,대치지하차도(경보)1,-,680,306유,-,001,127.08093847743783,37.49928571252759
8260,오일기업(경보),-,540,327-23장,-,002,126.88448505958567,37.467956734829826
8392,강남한양수자인426동앞(연등),-,680,173-1구,-,001,127.11237460267206,37.47334770177933
8401,포레나노원2단지,-,350,680대,-,001,127.06186152423517,37.66147368485937
8404,개포래미안포레스트입구,-,680,649 대,-,001,127.05238440732371,37.4802455295379
8417,진주문순복음교회,-,300,625-35 도,-,002,127.01541349389747,37.64064750346507
8419,신정이펜하우스3단지(연등),-,470,1322-1 공,-,001,126.82722421134886,37.51375018236583
8435,대한민국역사박물관,-,110,1-57대,-,001,126.97713409308417,37.5742591531878
8436,광화문동측,-,110,1-1 사,-,001,126.97817229179117,37.575682703053864
8445,상계푸르지오106동,-,350,산150-1임,-,002,127.07420827016162,37.66450740250223
8446,역촌빛교회,-,380,49-11대,-,002,126.91045702625792,37.60447530681955
8448,길음초교앞,-,290,1357 대,-,002,127.01703405250375,37.61295518072947
8451,사랑의쉼터앞(연등),-,740,187대,-,001,127.16704414427153,37.546394323387645
8480,쌍문3동어린이집(연등),-,320,산83-1 임,-,001,127.03231886535103,37.65110426630251
8484,강동리엔파크901동앞,-,740,422전,-,002,127.1798077288352,37.556917419786345
8485,고덕어반브릿지1003동앞,-,740,산77-24 임,-,002,127.17978348686039,37.55576125896386
8486,상일2동주민센터,-,740,산77-28 임,-,002,127.17937228940319,37.555137363910575
8496,공릉대아아파트,-,350,749 대,-,002,127.0712790571068,37.622832198039845
8555,신촌푸르지오1단지후문,-,410,190-1학,-,002,126.95141479790561,37.56079030049638
8557,힐스테이트신촌삼거리,-,410,1-1785도,-,002,126.95270868231502,37.56153867769895
8594,현대유치원앞,-,620,512-2 도,-,002,126.95941775184845,37.49205048420167
8595,신길3치안센타앞,-,560,215-7대,-,001,126.91093038835163,37.50856529720661
8691,반포쇼핑타운4동,-,650,-,-,001,127.00415368690847,37.5065582289619
7941,개운초교앞,-,290,104-114도,-,002,127.02840790661917,37.601995110791734
8031,래미안베라힐즈208동(연등),7990,380,281-12 도,-,002,126.9354581703906,37.60563515951746
8039,종로4가(연등)4,566,110,127-1도,-,001,126.99775011231118,37.57133985892247
8044,대방역(연등),66,560,4898천,-,001,126.92480344175577,37.512737311999054
8049,목동파크자이107동앞(연등)1,8007,470,276철,-,002,126.86803050097362,37.50955943679366
8059,신암중후문(연등),7970,740,258 전,-,001,127.13378145257198,37.556493848523935
8258,세이브마트(경보),-,620,597-48도,-,002,126.9186917017481,37.47415838208247
8342,고덕그라시움105동앞,-,740,-,-,001,127.16274512221001,37.556259121688676
8554,힐스테이트신촌115동,-,410,197-14대,-,002,126.95045217239144,37.560182572455275
8556,힐스테이트신촌정문,-,410,189-19대,-,002,126.95193869088183,37.56116980092987
8559,정덕초교입구,-,290,538-119대,-,002,127.01458253263303,37.59661498872889
8569,북서울교회(연등),-,260,466-23대,-,001,127.09900951019172,37.5954333044381
8580,공릉2동어린이집,-,350,737대,-,002,127.08206427238535,37.62435036255762
8582,답십리초교정문,-,230,250-12대,-,002,127.05605540859851,37.56893984546361
8592,대한민국헌정회앞,-,560,1-1도,-,001,126.92039638077324,37.531168125463104
8593,위례북로삼거리,-,710,372-2도,-,002,127.15567526089754,37.49138692995159
7945,묵동장로교회앞,-,260,378대,-,001,127.07294683104497,37.61156153072206
8026,당산초교(연등),-,560,113-2천,-,002,126.89584505294275,37.540259611791264
8106,고덕초교(경보)1,-,740,155-1 전,-,002,127.16294758214673,37.56033831265732
8170,아차산역삼거리(연등),2339,210,81-6대,-,001,127.0885774821338,37.55395408631849
8179,성락빌딩앞(연등)3,-,560,251-2대,-,001,126.8994378825611,37.50390386284682
8182,은행나무오거리(연등),1944,540,173-2대,-,001,126.90794938502991,37.45143226796521
8183,태화복지관앞(연등),1994,680,산10-1임,-,002,127.09254914492364,37.4849560995167
8230,삼성R&D센터(경보1),-,650,101-2전,-,001,127.02268607566361,37.46592681026663
8231,미림여고입구(경보),-,620,808-133천,-,001,126.93461012403797,37.4715174081491
8285,목양침례교회(연등)2,-,650,342-3답,-,001,127.05910419618769,37.453484590258995
8309,숭의여고정문(경보),-,590,503대,-,002,126.92937927465029,37.507308578117055
8312,유원강변아파트102동앞(경보),-,590,324천,-,001,126.95156665902462,37.514920637204185
8318,반포IC진출램프,-,650,28-4 도,-,001,127.0192006399434,37.50331775878767
8319,반포자이117동앞(경보),-,650,33-7 대,-,001,127.01563118648532,37.50920072247474
8478,사직공원,-,110,174-1대,-,001,126.96883336854108,37.57562692238009
8479,상원초교(연등)2,-,350,산102-1임,-,002,127.06035044289705,37.6691377967767
8481,농심본사,-,560,1190도,-,001,126.9190089889983,37.49756139355264
8482,신설8번,-,740,53-5답,-,002,127.17425998450574,37.57228589197403
8483,신설13번,-,740,53-8답,-,002,127.17441644097585,37.57188365198815
8487,강일노블레스타워,-,740,산2-1 임,-,002,127.17955935263578,37.55385999603929
8521,덕수고삼거리,-,710,657-10 도,-,002,127.14598918469147,37.48486225659613
8597,대방초등학교앞,-,560,769-1대,-,002,126.91860483785257,37.501700232396765
8616,창동주공17단지앞,-,320,756-43천,-,001,127.05431106894636,37.64328292179033
8617,휘경1동주민센터,-,230,86-9대,-,002,127.06534010344309,37.59282365116839
8628,DMC센트럴자이103동,-,380,산24-4임,-,002,126.90296108070105,37.580169311901734
8853,양평교차로,-,560,21 전,-,001,,
7946,솔숲어린이공원,-,290,192-467 도,-,002,127.01473298292557,37.60530540112571
7951,시흥사거리(연등)2,-,540,872-29대,-,001,126.90078608985596,37.454143808649285
7956,휘문고교(연등),183,680,1001-3 대,-,001,127.06387449245376,37.50481007138418
7969,강동한강현대103동앞,-,740,135-3전,-,001,127.13105767126768,37.556288262297976
7972,강남한신휴플러스804동앞(경보),-,680,산3-1임,-,002,127.10917830019794,37.47073526811086
8007,목동파크자이107동앞,-,470,276철,-,002,126.86842000523738,37.50994628457527
8008,항동초등학교,-,530,124-5 도,-,002,126.82319016183091,37.47753518005438
8024,동대문육아지원센터앞(연등),-,230,539도,-,001,127.04817573398924,37.572092239228176
8035,시민교회(연등),2415,210,-,-,001,127.08555201917994,37.55482464080754
8038,귀빈빌딩(연등),866,110,산1-1임,-,001,126.97485194717973,37.6096345435837
8042,구로1교서측(연등),6134,560,1057-59대,-,001,126.89680778735703,37.48922673554947
8046,래미안솔베뉴앞,2296,740,317-4대,-,001,127.14416440325324,37.552755689258404
8067,진흥아파트(연등),1119,650,1391도,-,001,127.02394523819227,37.49756353867761
8068,탄천교(연등),2047,710,479대,-,001,127.10605085430169,37.49492666332641
8069,한일유엔아이아파트(연등),1398,530,701-2도,-,002,126.87656193362405,37.486257546266245
8268,백산초교앞1(경보),-,540,907-28대,-,002,126.90423206207191,37.44760058697941
8286,목양침례교회(연등)1,-,650,342-4답,-,001,127.05944996326869,37.45373440040423
8325,세광사앞(경보),-,540,산118-4수,-,002,126.90728019395216,37.46508383794194
8330,보라매SK뷰아파트109동앞(경보),-,560,769-1대,-,001,126.91802042868495,37.501585480376065
8348,파워엠빌딩,-,680,1279천,-,001,127.0459943673102,37.478540264158575
8387,한남대교북단동측램프,-,170,399-20 철,-,001,127.01137873321733,37.52926859246251
8447,신화초교(연등),-,320,482-17대,-,002,127.04103213494722,37.63198420436195
8450,시립서북병원(연등),-,380,25-21 대,-,002,126.91048804101978,37.60509549140874
8452,래미안영등포프레비뉴103동앞,-,560,269-18대,-,002,126.90809919458454,37.50428270213302
8532,쌍용하이츠빌라앞(뚝방길),-,710,85-7도,-,002,127.09055663989635,37.49899710051193
8549,세계로병원앞,-,710,289-7종,-,001,127.14173772652289,37.48661885397489
8602,송파상운종점 단일로3,-,710,364-4대,-,002,127.15516149469919,37.49163490977816
8629,국민은행역삼중앙,-,680,726-7 대,-,001,127.03822161356497,37.495584306174244
8630,서광셀프주유소,-,680,803-12 도,-,001,127.03517676120065,37.494662797089326
8634,한강빌리지앞,-,590,430 대,-,001,126.9537073267055,37.49973553726549
8657,경희의료원,-,230,1-5 학,-,002,127.05251417954125,37.59261953325125
8659,강일동성당앞,-,740,454-1전,-,001,127.17826017541525,37.55804989811467
8660,고덕자이남문(연등),-,740,112-3 도,-,002,127.17154259788964,37.55090695466902
8677,송곡여고,-,260,604 도,-,002,127.10570808602117,37.60694228342909
7937,강일중후문(경보),-,740,380-7 답,-,002,127.13783286968142,37.555541001386615
7943,불광중(연등),-,380,산8-1임,-,002,126.93163377255203,37.62139857559544
7950,신흥초교,-,540,794-6대,-,002,126.90805623619882,37.459465141110826
7952,종로프라자약국(연등),-,620,1647대,-,001,126.9048181955364,37.48085230665983
8013,청량리역롯데캐슬,-,230,620-67도,-,001,127.04473574005391,37.57745487501755
8015,항동하버라인10단지,-,530,79전,-,002,126.82537794616763,37.47913770010917
8017,신길역앞(연등),-,560,29천,-,002,126.91731776252281,37.5173423007642
8018,버들2교(연등)1,-,710,623 대,-,001,127.11957852831391,37.47636479002582
8048,거여카센타,2118,710,41-7대,-,001,127.14609027004597,37.4969498771724
8056,선린초교(연등)2,2756,740,30-4대,-,002,127.14600401703765,37.52832997597546
8058,신사역(연등)1,135,650,88 도,-,002,127.01855400046875,37.515812489305794
8061,압구정역(연등)2,155,680,456 대,-,001,127.0284994015073,37.526251741841996
8076,센서텍,-,500,319잡,-,002,126.83695940985046,37.56350425438578
8096,문영퀸즈파크(연등),-,530,1258대,-,001,126.8716380370351,37.49679087656875
8099,서울시니어스타워,-,500,690-2 학,-,001,126.84213086346321,37.55822537490624
8294,이수역리가아파트101동앞(경보),-,590,산12-2 임,-,002,126.97251772782724,37.4898051901827
8355,고덕아르테온314동앞,-,740,516-8전,-,001,127.17173584051088,37.55533721004109
8505,진양상가(연등),-,140,159-1도,-,001,126.9963689369863,37.56180108714891
8511,양재초교후문,-,650,산53-3임,-,001,127.03068732587336,37.47385713968851
8512,이룸뉴캐슬앞,-,620,1677-3천,-,001,126.90617965545664,37.48226915378503
8527,대방중교앞,-,590,4300-30대,-,002,126.91454516974315,37.49550594340903
8529,마장진출램프,-,230,792 대,-,002,127.0350271806755,37.57223712029927
8530,잠실유수지앞(뚝방길),-,710,353도,-,002,127.0798176118251,37.50215439427911
8531,잠실우성아파트(뚝방길),-,710,135도,-,002,127.07133617139394,37.50628458016885
8566,한강로동주민센터,-,170,242-4도,-,002,126.968851198298,37.528071006170045
8633,SK양평주유소,-,560,10 학,-,001,126.89366531613734,37.53069369541769
8012,흑석지구대앞,-,590,480천,-,002,126.96005645308766,37.50971211987482
8014,항동하버라인11단지,-,530,179 전,-,002,126.82309480466313,37.47845279477568
8016,항동하버라인9단지,-,530,31 공,-,001,126.82513896124671,37.4812118560889
8019,서울은명초등학교(경보),-,380,90-1대,-,002,126.91938088074751,37.59769883932443
8088,명덕외고기숙사,-,500,193-2구,-,002,126.8326829903611,37.55516524548603
8089,유플러스마곡사옥(#30),-,500,775-3 도,-,001,126.83361387517955,37.56124330294967
8292,월드아트힐(경보),-,650,591-1대,-,002,126.99548483333749,37.4940116122942
8293,래미안아파트102동앞(경보),-,590,산21-1임,-,001,126.97061790253233,37.48989866302327
8395,백련산해모로아파트,-,380,103-24대,-,002,126.92118124314894,37.59579142997942
8516,신금호역(연등)2,-,200,1-72 수,-,002,127.02039094502862,37.55434472964693
8528,마장진입램프,-,230,792 대,-,001,127.03600036143449,37.57254441957855
8548,원가정의학과의원,-,380,630-4대,-,002,126.9201884107083,37.58692199612496
8550,강덕초등학교,-,740,259-10대,-,002,127.16125585947059,37.55813005729214
8570,우체국사거리,-,560,79-4장,-,001,126.89417415210293,37.52929359266241
8575,일민유치원,-,170,353대,-,002,126.94969718825048,37.534259435881424
8596,위례포레샤인13단지,-,710,산33임,-,002,127.13755002882087,37.483277029894474
8703,일원초교(연등),-,680,704-3 도,-,002,127.07491667951778,37.48934614409013
8713,공항모터스,-,500,793대,-,002,126.81276715350532,37.567688083319204
8719,한솔동의보감(연등),-,230,852-2 도,-,001,,
8759,상계푸르지오102동,-,350,1355-2 도,-,002,,
8818,김포공항진입로,-,500,547-3도,-,001,,
8932,올림픽대교남단하부(연등)1,8444,710,469-3제,-,001,,
8954,이랜드R&D센터북문,8154,500,779-4 도,-,002,,
8956,미아119안전센터,-,300,231도,-,001,,
8957,관악봉성교회(연등)2,-,620,1717-13 도,-,002,,
8858,청계상회,-,110,10도,-,001,,
8864,DMC파인시티자이103동,-,380,122-4대,-,002,,
8865,DMC파인시티자이103동(연등)1,-,380,411-22 도,-,002,,
8868,서대문경찰서,-,140,1-3도,-,001,,
8869,서대문역(연등),-,410,138-0 도,-,001,,
8886,DMC롯데캐슬102동,-,380,411-18 도,-,002,,
8910,강동리버스시티,7714,740,556-7대,-,002,,
8856,영동대교남단(연등)3,-,680,77-4 도,-,001,,
8876,목동현대하이페리온201동앞,-,470,961-4 도,-,002,,
8905,위례LH31단지삼거리,-,710,산34 임,-,002,,
8860,고일초등학교,-,740,130도,-,002,,
8866,DMC파인시티자이103동(연등)2,-,380,365-26 대,-,002,,
8872,광진교남단진입램프,-,740,481-9천,-,001,,
8875,목동제일교회앞,-,470,324-3도,-,002,,
8911,두영이지안아파트,5398,440,23-4답,-,001,,
8918,E-마트(연등),2235,740,302 도,-,001,,
8919,오류2치안센터(연등),-,530,163-3도,-,002,,
8925,대치우성아파트(연등)3,-,680,995 도,-,001,,
8926,삼성역(연등)1,546,680,111-8 도,-,001,,
8931,역삼금호어울림(연등),7842,680,858-15 도,-,002,,
8934,상도롯데캐슬(연등),8489,590,521-5 도,-,002,,
8937,국회대로공원(연등),8749,500,947-3도,-,001,,
8942,선사초교(연등)3,2558,740,213-1 도,-,001,,
8944,신안인스빌(연등),1956,560,50제,-,002,,
8952,서울암사동유적입구,2558,740,138도,-,001,,
8890,청량리역롯데캐슬정문,-,230,588-57 도,-,002,,
8899,올림픽대교북단진출램프,-,210,562천,-,001,,
8857,장위지웰에스테이트,-,290,270-1천,-,001,,
8909,하계역(연등),-,350,273-5도,-,001,,
8871,올림픽대교남단진입램프,-,710,253천,-,001,,
8883,동호대교남단서측,-,680,374천,-,001,,
8902,한서빌딩(연등),-,500,843-6대,-,001,,
8904,중앙푸르지오2단지삼거리,-,710,917-6 도,-,002,,
8912,도구머리공원입구,-,650,산75-2 도,-,002,,
8882,동호대교남단동측,-,680,374-1천,-,001,,
8948,영등포공원(연등)2,1679,560,602-36 도,-,001,,
8903,원효로청년주택,-,170,38-9도,-,002,,
8953,장지공영차고지입구,6279,710,395-41 도,-,002,,
8855,광진교북단(연등)2,-,210,320-4도,-,002,,
8888,해군중앙성당,-,560,4936-1 도,-,002,,
8906,우리은행미아사거리점,-,290,13-1도,-,001,,
8907,송곡중학교,-,290,200도,-,001,,
8887,반포IC진입램프,-,650,20-34 도,-,001,,
8894,광진교북단진출램프,-,210,557천,-,001,,
8893,반포대교남단(연등)2,1010,650,128-2도,-,001,,
8877,e편한세상효제,-,110,155-1도,-,002,,
8889,신내역시티프라디움정문,-,260,584-1 도,-,002,,
8914,구남초교(연등)1,-,210,601도,-,002,,
8916,종합운동장(연등),545,710,51 도,-,001,,
8917,서울대매점앞(연등),4501,620,803-3구,-,001,,
8923,현대백화점무역센터(연등)3,-,680,159-4 도,-,002,,
8927,삼성역(연등)2,546,680,172-66 도,-,001,,
8929,삼성역(연등)4,546,680,172-66 도,-,001,,
8933,올림픽대교남단하부(연등)2,8444,710,469-3제,-,002,,
8935,대방중교앞(연등),-,590,470-16 도,-,002,,
8936,구로SKV1센터(연등),8553,530,산50-11 임,-,002,,
8938,만물유통(연등),8767,500,946-3도,-,001,,
8939,목동1030동앞(연등),5851,470,310-9도,-,002,,
8941,선사초교(연등)2,2558,740,138도,-,001,,
8943,양재초교후문(연등),8511,650,196-13 잡,-,002,,
8945,삼호가든사거리(연등),598,650,118-9제,-,-,,
8854,청파동,-,170,43-5도,-,001,,
8900,올림픽대교북단램프,-,210,486-1도,-,002,,
8947,쌍용자동차서비스(연등)2,-,530,462-1도,-,001,,
8951,서울AI허브,-,650,143 천,-,002,,
8873,항동어린이집,-,530,1-10도,-,002,,
8949,공덕역10번출구(연등),-,440,293-4 도,-,002,,
8859,고덕초등학교,-,740,150도,-,002,,
8861,남서울빌딩앞,-,650,1373도,-,001,,
8863,힐스테이트청계,-,140,1223-1도,-,001,,
8867,전농2동주민센터,-,230,30-1도,-,001,,
8870,교대역13 14출구,-,650,1748-19도,-,001,,
8928,삼성역(연등)3,546,680,995 도,-,001,,
8940,선사초교(연등)1,2558,740,138도,-,001,,
8878,목동10 12단지(연등)2,-,470,326-4도,-,002,,
8955,배재고등학교후문,-,740,316 도,-,002,,
8958,관악봉성교회(연등)2,-,620,1717-13 도,-,002,,
8862,파고다타워앞,-,680,858 도,-,001,,
8950,오벨리스크앞,-,710,305-24 도,-,001,,
8880,신사동복합청사앞,-,620,494 도,-,002,,
8915,신사역(연등)2,-,680,501-5 도,-,001,,
8930,염곡사거리(연등),325,650,238도,-,001,,
8946,패밀리타운아파트입구사거리(연등),8755,710,308-2도,-,002,,
8879,흑석한강푸르지오110동앞,-,590,336-7 도,-,002,,
8881,영도초교후문(연등),-,470,902-4도,-,002,,
8891,여의도공원(연등),-,560,2-11도,-,001,,
8897,개원길138동(연등),-,680,660-12 대,-,-,,
8913,신정119안전센터,-,470,895도,-,001,,
8892,가산어반워크,-,540,459-16도,-,002,,
8895,개원초교앞,-,680,660-11 도,-,002,,
8896,개원길138동,-,680,660-4 대,-,-,,
8898,올림픽대교북단진입램프,-,210,562천,-,001,,
8920,천왕이펜하우스313동앞(연등),-,530,278-3 도,-,001,,
8921,현대백화점무역센터(연등)1,-,680,172-66 도,-,001,,
8922,현대백화점무역센터(연등)2,-,680,172-66 도,-,001,,
8924,대치우성아파트(연등)2,617,680,995 도,-,001,,
8884,올림픽대교남단램프(동),-,710,255-1천,-,001,,
8885,조이라이프앞,-,540,60-35 도,-,002,,
8901,한서빌딩,-,470,1060도,-,001,,
8874,개포1동우체국,-,680,647 도,-,002,,
8908,다이소미아사거리점,-,300,13-23도,-,001,,
